# Blender 5.0.1
# www.blender.org
mtllib Грядка с орбузами.mtl
o Plane
v -1.000000 -0.009361 1.000000
v 1.000000 -0.009361 1.000000
v -1.000000 -0.009361 -1.000000
v 1.000000 -0.009361 -1.000000
v -0.858801 0.025208 -0.858801
v -0.858801 0.025208 0.858801
v 0.858801 0.025208 0.858801
v 0.858801 0.025208 -0.858801
v -1.000000 -0.009361 -0.750000
v -1.000000 -0.009361 -0.500000
v -1.000000 -0.009361 -0.250000
v -1.000000 -0.009361 0.000000
v -1.000000 -0.009361 0.250000
v -1.000000 -0.009361 0.500000
v -1.000000 -0.009361 0.750000
v 1.000000 -0.009361 0.750000
v 1.000000 -0.009361 0.500000
v 1.000000 -0.009361 0.250000
v 1.000000 -0.009361 0.000000
v 1.000000 -0.009361 -0.250000
v 1.000000 -0.009361 -0.500000
v 1.000000 -0.009361 -0.750000
v -0.858801 0.025208 -0.644101
v -0.858801 0.025208 -0.429401
v -0.858801 0.025208 -0.214700
v -0.858801 0.025208 0.000000
v -0.858801 0.025208 0.214700
v -0.858801 0.025208 0.429401
v -0.858801 0.025208 0.644101
v 0.858801 0.025208 0.644101
v 0.858801 0.025208 0.429401
v 0.858801 0.025208 0.214700
v 0.858801 0.025208 -0.000000
v 0.858801 0.025208 -0.214700
v 0.858801 0.025208 -0.429401
v 0.858801 0.025208 -0.644101
v -0.750000 -0.009361 1.000000
v -0.500000 -0.009361 1.000000
v -0.250000 -0.009361 1.000000
v 0.000000 -0.009361 1.000000
v 0.250000 -0.009361 1.000000
v 0.500000 -0.009361 1.000000
v 0.750000 -0.009361 1.000000
v 0.750000 -0.009361 -1.000000
v 0.500000 -0.009361 -1.000000
v 0.250000 -0.009361 -1.000000
v 0.000000 -0.009361 -1.000000
v -0.250000 -0.009361 -1.000000
v -0.500000 -0.009361 -1.000000
v -0.750000 -0.009361 -1.000000
v -0.644101 0.025208 0.858801
v -0.429401 0.025208 0.858801
v -0.214700 0.025208 0.858801
v 0.000000 0.025208 0.858801
v 0.214700 0.025208 0.858801
v 0.429401 0.025208 0.858801
v 0.644101 0.025208 0.858801
v 0.644101 0.025208 -0.858801
v 0.429401 0.025208 -0.858801
v 0.214700 0.025208 -0.858801
v -0.000000 0.025208 -0.858801
v -0.214700 0.025208 -0.858801
v -0.429401 0.025208 -0.858801
v -0.644101 0.025208 -0.858801
v 0.644101 0.025208 0.644101
v 0.429401 0.025208 0.644101
v 0.214700 0.025208 0.644101
v -0.000000 0.025208 0.644101
v -0.214700 0.025208 0.644101
v -0.429401 0.025208 0.644101
v -0.644101 0.025208 0.644101
v 0.644101 0.025208 0.429401
v 0.429401 0.025208 0.429401
v 0.214700 0.025208 0.429401
v -0.000000 0.025208 0.429401
v -0.214700 0.025208 0.429401
v -0.429401 0.025208 0.429401
v -0.644101 0.025208 0.429401
v 0.644101 0.025208 0.214700
v 0.429401 0.025208 0.214700
v 0.214700 0.025208 0.214700
v -0.000000 0.025208 0.214700
v -0.214700 0.025208 0.214700
v -0.429401 0.025208 0.214700
v -0.644101 0.025208 0.214700
v 0.644101 0.025208 -0.000000
v 0.429401 0.025208 -0.000000
v 0.214700 0.025208 -0.000000
v -0.000000 0.025208 0.000000
v -0.214700 0.025208 0.000000
v -0.429401 0.025208 0.000000
v -0.644101 0.025208 0.000000
v 0.644101 0.025208 -0.214700
v 0.429401 0.025208 -0.214700
v 0.214700 0.025208 -0.214700
v -0.000000 0.025208 -0.214700
v -0.214700 0.025208 -0.214700
v -0.429401 0.025208 -0.214700
v -0.644101 0.025208 -0.214700
v 0.644101 0.025208 -0.429401
v 0.429401 0.025208 -0.429401
v 0.214700 0.025208 -0.429401
v -0.000000 0.025208 -0.429401
v -0.214700 0.025208 -0.429401
v -0.429401 0.025208 -0.429401
v -0.644101 0.025208 -0.429401
v 0.644101 0.025208 -0.644101
v 0.429401 0.025208 -0.644101
v 0.214700 0.025208 -0.644101
v -0.000000 0.025208 -0.644101
v -0.214700 0.025208 -0.644101
v -0.429401 0.025208 -0.644101
v -0.644101 0.025208 -0.644101
v -0.750000 -0.009361 0.750000
v -0.500000 -0.009361 0.750000
v -0.250000 -0.009361 0.750000
v 0.000000 -0.009361 0.750000
v 0.250000 -0.009361 0.750000
v 0.500000 -0.009361 0.750000
v 0.750000 -0.009361 0.750000
v -0.750000 -0.009361 0.500000
v -0.500000 -0.009361 0.500000
v -0.250000 -0.009361 0.500000
v 0.000000 -0.009361 0.500000
v 0.250000 -0.009361 0.500000
v 0.500000 -0.009361 0.500000
v 0.750000 -0.009361 0.500000
v -0.750000 -0.009361 0.250000
v -0.500000 -0.009361 0.250000
v -0.250000 -0.009361 0.250000
v 0.000000 -0.009361 0.250000
v 0.250000 -0.009361 0.250000
v 0.500000 -0.009361 0.250000
v 0.750000 -0.009361 0.250000
v -0.750000 -0.009361 0.000000
v -0.500000 -0.009361 0.000000
v -0.250000 -0.009361 0.000000
v 0.000000 -0.009361 0.000000
v 0.250000 -0.009361 0.000000
v 0.500000 -0.009361 0.000000
v 0.750000 -0.009361 0.000000
v -0.750000 -0.009361 -0.250000
v -0.500000 -0.009361 -0.250000
v -0.250000 -0.009361 -0.250000
v 0.000000 -0.009361 -0.250000
v 0.250000 -0.009361 -0.250000
v 0.500000 -0.009361 -0.250000
v 0.750000 -0.009361 -0.250000
v -0.750000 -0.009361 -0.500000
v -0.500000 -0.009361 -0.500000
v -0.250000 -0.009361 -0.500000
v 0.000000 -0.009361 -0.500000
v 0.250000 -0.009361 -0.500000
v 0.500000 -0.009361 -0.500000
v 0.750000 -0.009361 -0.500000
v -0.750000 -0.009361 -0.750000
v -0.500000 -0.009361 -0.750000
v -0.250000 -0.009361 -0.750000
v 0.000000 -0.009361 -0.750000
v 0.250000 -0.009361 -0.750000
v 0.500000 -0.009361 -0.750000
v 0.750000 -0.009361 -0.750000
v -0.789975 0.012307 0.592481
v -0.789975 0.012307 0.789975
v 0.789975 0.012307 -0.592481
v 0.789975 0.012307 -0.789975
v -0.789975 0.012307 -0.592481
v -0.789975 0.012307 -0.394987
v -0.789975 0.012307 -0.197494
v -0.789975 0.012307 0.000000
v -0.789975 0.012307 0.197494
v -0.789975 0.012307 0.394987
v 0.789975 0.012307 0.592481
v 0.789975 0.012307 0.394987
v 0.789975 0.012307 0.197494
v 0.789975 0.012307 -0.000000
v 0.789975 0.012307 -0.197494
v 0.789975 0.012307 -0.394987
v -0.592481 0.012307 0.592481
v -0.592481 0.012307 0.394987
v -0.592481 0.012307 0.197494
v -0.592481 0.012307 0.000000
v -0.592481 0.012307 -0.197494
v -0.592481 0.012307 -0.394987
v -0.592481 0.012307 -0.592481
v -0.592481 0.012307 0.789975
v -0.394987 0.012307 0.789975
v -0.197494 0.012307 0.789975
v 0.000000 0.012307 0.789975
v 0.197494 0.012307 0.789975
v 0.394987 0.012307 0.789975
v 0.592481 0.012307 0.789975
v 0.592481 0.012307 -0.789975
v 0.394987 0.012307 -0.789975
v 0.197494 0.012307 -0.789975
v -0.000000 0.012307 -0.789975
v -0.197494 0.012307 -0.789975
v -0.394987 0.012307 -0.789975
v -0.592481 0.012307 -0.789975
v 0.592481 0.012307 0.592481
v 0.394987 0.012307 0.592481
v 0.197494 0.012307 0.592481
v -0.000000 0.012307 0.592481
v -0.197494 0.012307 0.592481
v -0.394987 0.012307 0.592481
v 0.592481 0.012307 0.394987
v 0.394987 0.012307 0.394987
v 0.197494 0.012307 0.394987
v -0.000000 0.012307 0.394987
v -0.197494 0.012307 0.394987
v -0.394987 0.012307 0.394987
v 0.592481 0.012307 0.197494
v 0.394987 0.012307 0.197494
v 0.197494 0.012307 0.197494
v -0.000000 0.012307 0.197494
v -0.197494 0.012307 0.197494
v -0.394987 0.012307 0.197494
v 0.592481 0.012307 -0.000000
v 0.394987 0.012307 -0.000000
v 0.197494 0.012307 -0.000000
v -0.000000 0.012307 0.000000
v -0.197494 0.012307 0.000000
v -0.394987 0.012307 0.000000
v 0.592481 0.012307 -0.197494
v 0.394987 0.012307 -0.197494
v 0.197494 0.012307 -0.197494
v -0.000000 0.012307 -0.197494
v -0.197494 0.012307 -0.197494
v -0.394987 0.012307 -0.197494
v 0.592481 0.012307 -0.394987
v 0.394987 0.012307 -0.394987
v 0.197494 0.012307 -0.394987
v -0.000000 0.012307 -0.394987
v -0.197494 0.012307 -0.394987
v -0.394987 0.012307 -0.394987
v 0.592481 0.012307 -0.592481
v 0.394987 0.012307 -0.592481
v 0.197494 0.012307 -0.592481
v -0.000000 0.012307 -0.592481
v -0.197494 0.012307 -0.592481
v -0.394987 0.012307 -0.592481
vn -0.0000 -1.0000 -0.0000
vn -0.0000 0.9702 -0.2425
vn -0.0000 0.9713 -0.2378
vn -0.0000 0.9713 0.2378
vn 0.2378 0.9713 -0.0000
vn -0.2378 0.9713 -0.0000
vn -0.0000 1.0000 -0.0000
vn 0.2425 0.9702 -0.0000
vn -0.0000 0.9829 0.1842
vn -0.2425 0.9702 -0.0000
vn 0.3510 -0.9364 -0.0000
vn -0.5999 0.8001 -0.0000
vn -0.0000 -0.9702 -0.2425
vn 1.0000 -0.0000 -0.0000
vn -0.0000 0.9702 0.2425
vn -0.5999 -0.8001 -0.0000
vn 0.3510 0.9364 -0.0000
vn -0.1842 0.9829 -0.0000
vn -0.2425 -0.9702 -0.0000
vn -0.0000 0.9829 -0.1842
vn -0.0000 0.9364 0.3510
vn -0.0000 -0.9364 -0.3510
vn -0.3510 -0.9364 -0.0000
vn -0.0000 -0.9702 0.2425
vn 0.5999 0.8001 -0.0000
vn -1.0000 -0.0000 -0.0000
vn 0.5999 -0.8001 -0.0000
vn -0.3510 0.9364 -0.0000
vn 0.2425 -0.9702 -0.0000
vn -0.0000 -0.9364 0.3510
vn -0.0000 0.9364 -0.3510
vn 0.1842 0.9829 -0.0000
vn -0.0000 -0.8001 0.5999
vn -0.0000 -0.0000 -1.0000
vn -0.0000 0.8001 0.5999
vn -0.0000 0.8001 -0.5999
vn -0.0000 -0.0000 1.0000
vn -0.0000 -0.8001 -0.5999
vt 0.875000 0.875000
vt 0.875000 1.000000
vt 1.000000 1.000000
vt 1.000000 0.875000
vt 0.875000 0.125000
vt 1.000000 0.125000
vt 0.125000 1.000000
vt 0.000000 1.000000
vt 0.875000 0.000000
vt 1.000000 0.000000
vt 0.000000 0.125000
vt 0.000000 0.000000
vt 0.000000 0.875000
vt 0.000000 0.750000
vt 0.000000 0.625000
vt 0.000000 0.500000
vt 0.000000 0.375000
vt 0.000000 0.250000
vt 1.000000 0.250000
vt 1.000000 0.375000
vt 1.000000 0.500000
vt 1.000000 0.625000
vt 1.000000 0.750000
vt 0.125000 0.750000
vt 0.125000 0.625000
vt 0.875000 0.250000
vt 0.875000 0.375000
vt 0.250000 1.000000
vt 0.875000 0.500000
vt 0.875000 0.625000
vt 0.875000 0.750000
vt 0.875000 0.125000
vt 0.875000 0.250000
vt 0.125000 0.875000
vt 0.125000 0.750000
vt 0.250000 0.875000
vt 0.250000 0.750000
vt 0.375000 0.875000
vt 0.375000 0.750000
vt 0.500000 0.875000
vt 0.500000 0.750000
vt 0.625000 0.875000
vt 0.625000 0.750000
vt 0.750000 0.875000
vt 0.750000 0.750000
vt 0.125000 0.625000
vt 0.250000 0.625000
vt 0.375000 0.625000
vt 0.500000 0.625000
vt 0.625000 0.625000
vt 0.750000 0.625000
vt 0.125000 0.500000
vt 0.250000 0.500000
vt 0.375000 0.500000
vt 0.500000 0.500000
vt 0.625000 0.500000
vt 0.750000 0.500000
vt 0.125000 0.375000
vt 0.250000 0.375000
vt 0.375000 0.375000
vt 0.500000 0.375000
vt 0.625000 0.375000
vt 0.750000 0.375000
vt 0.125000 0.250000
vt 0.250000 0.250000
vt 0.375000 0.250000
vt 0.500000 0.250000
vt 0.625000 0.250000
vt 0.750000 0.250000
vt 0.125000 0.125000
vt 0.250000 0.125000
vt 0.375000 0.125000
vt 0.500000 0.125000
vt 0.625000 0.125000
vt 0.750000 0.125000
vt 0.125000 0.000000
vt 0.250000 0.000000
vt 0.375000 0.000000
vt 0.500000 0.000000
vt 0.625000 0.000000
vt 0.750000 0.000000
vt 0.250000 0.750000
vt 0.250000 0.875000
vt 0.125000 0.875000
vt 0.500000 1.000000
vt 0.375000 1.000000
vt 0.250000 0.625000
vt 0.750000 1.000000
vt 0.625000 1.000000
vt 0.125000 0.500000
vt 0.250000 0.500000
vt 0.125000 0.375000
vt 0.250000 0.375000
vt 0.125000 0.250000
vt 0.250000 0.250000
vt 0.375000 0.250000
vt 0.500000 0.250000
vt 0.625000 0.250000
vt 0.750000 0.250000
vt 0.125000 0.125000
vt 0.250000 0.125000
vt 0.375000 0.125000
vt 0.500000 0.125000
vt 0.625000 0.125000
vt 0.750000 0.125000
s 0
usemtl Material.005
f 162/1/1 44/2/1 4/3/1 22/4/1
f 65/5/2 30/6/2 173/6/2 200/5/2
f 50/7/3 3/8/3 5/8/3 64/7/3
f 43/9/4 2/10/4 7/10/4 57/9/4
f 22/4/5 4/3/5 8/3/5 36/4/5
f 15/11/6 1/12/6 6/12/6 29/11/6
f 3/8/6 9/13/6 23/13/6 5/8/6
f 9/13/6 10/14/6 24/14/6 23/13/6
f 10/14/6 11/15/6 25/15/6 24/14/6
f 11/15/6 12/16/6 26/16/6 25/15/6
f 12/16/6 13/17/6 27/17/6 26/16/6
f 13/17/6 14/18/6 28/18/6 27/17/6
f 14/18/6 15/11/6 29/11/6 28/18/6
f 2/10/5 16/6/5 30/6/5 7/10/5
f 16/6/5 17/19/5 31/19/5 30/6/5
f 17/19/5 18/20/5 32/20/5 31/19/5
f 18/20/5 19/21/5 33/21/5 32/20/5
f 19/21/5 20/22/5 34/22/5 33/21/5
f 20/22/5 21/23/5 35/23/5 34/22/5
f 21/23/5 22/4/5 36/4/5 35/23/5
f 57/9/7 7/10/7 30/6/7 65/5/7
f 106/24/8 99/25/8 183/25/8 184/24/8
f 72/26/7 31/19/7 32/20/7 79/27/7
f 63/28/9 64/7/9 199/7/9 198/28/9
f 86/29/7 33/21/7 34/22/7 93/30/7
f 100/31/10 107/1/10 236/1/10 230/31/10
f 100/31/7 35/23/7 36/4/7 107/1/7
f 43/9/1 120/32/1 16/6/1 2/10/1
f 120/32/1 127/33/1 17/19/1 16/6/1
f 127/33/1 134/27/1 18/20/1 17/19/1
f 134/27/1 141/29/1 19/21/1 18/20/1
f 141/29/1 148/30/1 20/22/1 19/21/1
f 148/30/1 155/31/1 21/23/1 20/22/1
f 155/31/1 162/1/1 22/4/1 21/23/1
f 10/14/1 9/13/1 156/34/1 149/35/1
f 149/35/1 156/34/1 157/36/1 150/37/1
f 150/37/1 157/36/1 158/38/1 151/39/1
f 151/39/1 158/38/1 159/40/1 152/41/1
f 152/41/1 159/40/1 160/42/1 153/43/1
f 153/43/1 160/42/1 161/44/1 154/45/1
f 154/45/1 161/44/1 162/1/1 155/31/1
f 11/15/1 10/14/1 149/35/1 142/46/1
f 142/46/1 149/35/1 150/37/1 143/47/1
f 143/47/1 150/37/1 151/39/1 144/48/1
f 144/48/1 151/39/1 152/41/1 145/49/1
f 145/49/1 152/41/1 153/43/1 146/50/1
f 146/50/1 153/43/1 154/45/1 147/51/1
f 147/51/1 154/45/1 155/31/1 148/30/1
f 12/16/1 11/15/1 142/46/1 135/52/1
f 135/52/1 142/46/1 143/47/1 136/53/1
f 136/53/1 143/47/1 144/48/1 137/54/1
f 137/54/1 144/48/1 145/49/1 138/55/1
f 138/55/1 145/49/1 146/50/1 139/56/1
f 139/56/1 146/50/1 147/51/1 140/57/1
f 140/57/1 147/51/1 148/30/1 141/29/1
f 13/17/1 12/16/1 135/52/1 128/58/1
f 128/58/1 135/52/1 136/53/1 129/59/1
f 129/59/1 136/53/1 137/54/1 130/60/1
f 130/60/1 137/54/1 138/55/1 131/61/1
f 131/61/1 138/55/1 139/56/1 132/62/1
f 132/62/1 139/56/1 140/57/1 133/63/1
f 133/63/1 140/57/1 141/29/1 134/27/1
f 14/18/1 13/17/1 128/58/1 121/64/1
f 121/64/1 128/58/1 129/59/1 122/65/1
f 122/65/1 129/59/1 130/60/1 123/66/1
f 123/66/1 130/60/1 131/61/1 124/67/1
f 124/67/1 131/61/1 132/62/1 125/68/1
f 125/68/1 132/62/1 133/63/1 126/69/1
f 126/69/1 133/63/1 134/27/1 127/33/1
f 15/11/1 14/18/1 121/64/1 114/70/1
f 114/70/1 121/64/1 122/65/1 115/71/1
f 115/71/1 122/65/1 123/66/1 116/72/1
f 116/72/1 123/66/1 124/67/1 117/73/1
f 117/73/1 124/67/1 125/68/1 118/74/1
f 118/74/1 125/68/1 126/69/1 119/75/1
f 119/75/1 126/69/1 127/33/1 120/32/1
f 1/12/1 15/11/1 114/70/1 37/76/1
f 37/76/1 114/70/1 115/71/1 38/77/1
f 38/77/1 115/71/1 116/72/1 39/78/1
f 39/78/1 116/72/1 117/73/1 40/79/1
f 40/79/1 117/73/1 118/74/1 41/80/1
f 41/80/1 118/74/1 119/75/1 42/81/1
f 42/81/1 119/75/1 120/32/1 43/9/1
f 108/44/11 101/45/11 231/45/11 237/44/11
f 106/24/7 105/82/7 112/83/7 113/84/7
f 61/85/9 62/86/9 197/86/9 196/85/9
f 104/39/7 103/41/7 110/40/7 111/38/7
f 102/43/12 109/42/12 238/42/12 232/43/12
f 102/43/7 101/45/7 108/44/7 109/42/7
f 113/84/13 112/83/13 241/83/13 185/84/13
f 25/15/7 99/25/7 106/24/7 24/14/7
f 110/40/14 103/41/14 233/41/14 239/40/14
f 98/87/7 97/48/7 104/39/7 105/82/7
f 111/38/15 112/83/15 241/83/15 240/38/15
f 96/49/7 95/50/7 102/43/7 103/41/7
f 59/88/9 60/89/9 195/89/9 194/88/9
f 94/51/7 93/30/7 100/31/7 101/45/7
f 104/39/16 111/38/16 240/38/16 234/39/16
f 92/90/7 91/91/7 98/87/7 99/25/7
f 111/38/13 110/40/13 239/40/13 240/38/13
f 90/54/7 89/55/7 96/49/7 97/48/7
f 112/83/17 105/82/17 235/82/17 241/83/17
f 88/56/7 87/57/7 94/51/7 95/50/7
f 109/42/15 110/40/15 239/40/15 238/42/15
f 27/17/7 85/92/7 92/90/7 26/16/7
f 34/22/18 35/23/18 178/23/18 177/22/18
f 84/93/7 83/60/7 90/54/7 91/91/7
f 8/3/9 58/2/9 193/2/9 166/3/9
f 82/61/7 81/62/7 88/56/7 89/55/7
f 106/24/19 113/84/19 185/84/19 184/24/19
f 80/63/7 79/27/7 86/29/7 87/57/7
f 109/42/13 108/44/13 237/44/13 238/42/13
f 78/94/7 77/95/7 84/93/7 85/92/7
f 56/81/20 57/9/20 192/9/20 191/81/20
f 76/96/7 75/97/7 82/61/7 83/60/7
f 107/1/15 108/44/15 237/44/15 236/1/15
f 74/98/7 73/99/7 80/63/7 81/62/7
f 32/20/18 33/21/18 176/21/18 175/20/18
f 29/11/7 71/100/7 78/94/7 28/18/7
f 107/1/13 36/4/13 165/4/13 236/1/13
f 70/101/7 69/102/7 76/96/7 77/95/7
f 54/79/20 55/80/20 190/80/20 189/79/20
f 68/103/7 67/104/7 74/98/7 75/97/7
f 105/82/21 106/24/21 184/24/21 235/82/21
f 66/105/7 65/5/7 72/26/7 73/99/7
f 30/6/18 31/19/18 174/19/18 173/6/18
f 51/76/7 52/77/7 70/101/7 71/100/7
f 57/9/10 65/5/10 200/5/10 192/9/10
f 53/78/7 54/79/7 68/103/7 69/102/7
f 105/82/22 104/39/22 234/39/22 235/82/22
f 55/80/7 56/81/7 66/105/7 67/104/7
f 66/105/11 56/81/11 191/81/11 201/105/11
f 1/12/4 37/76/4 51/76/4 6/12/4
f 37/76/4 38/77/4 52/77/4 51/76/4
f 38/77/4 39/78/4 53/78/4 52/77/4
f 39/78/4 40/79/4 54/79/4 53/78/4
f 40/79/4 41/80/4 55/80/4 54/79/4
f 41/80/4 42/81/4 56/81/4 55/80/4
f 42/81/4 43/9/4 57/9/4 56/81/4
f 4/3/3 44/2/3 58/2/3 8/3/3
f 44/2/3 45/88/3 59/88/3 58/2/3
f 45/88/3 46/89/3 60/89/3 59/88/3
f 46/89/3 47/85/3 61/85/3 60/89/3
f 47/85/3 48/86/3 62/86/3 61/85/3
f 48/86/3 49/28/3 63/28/3 62/86/3
f 49/28/3 50/7/3 64/7/3 63/28/3
f 23/13/7 113/84/7 64/7/7 5/8/7
f 52/77/20 53/78/20 188/78/20 187/77/20
f 112/83/7 111/38/7 62/86/7 63/28/7
f 103/41/21 104/39/21 234/39/21 233/41/21
f 110/40/7 109/42/7 60/89/7 61/85/7
f 55/80/12 67/104/12 202/104/12 190/80/12
f 108/44/7 107/1/7 58/2/7 59/88/7
f 9/13/1 3/8/1 50/7/1 156/34/1
f 156/34/1 50/7/1 49/28/1 157/36/1
f 157/36/1 49/28/1 48/86/1 158/38/1
f 158/38/1 48/86/1 47/85/1 159/40/1
f 159/40/1 47/85/1 46/89/1 160/42/1
f 160/42/1 46/89/1 45/88/1 161/44/1
f 161/44/1 45/88/1 44/2/1 162/1/1
f 236/1/7 165/4/7 166/3/7 193/2/7
f 200/5/7 173/6/7 174/19/7 206/26/7
f 212/27/7 175/20/7 176/21/7 218/29/7
f 224/30/7 177/22/7 178/23/7 230/31/7
f 168/14/7 184/24/7 185/84/7 167/13/7
f 235/82/7 234/39/7 240/38/7 241/83/7
f 233/41/7 232/43/7 238/42/7 239/40/7
f 231/45/7 230/31/7 236/1/7 237/44/7
f 183/25/7 229/87/7 235/82/7 184/24/7
f 228/48/7 227/49/7 233/41/7 234/39/7
f 226/50/7 225/51/7 231/45/7 232/43/7
f 170/16/7 182/90/7 183/25/7 169/15/7
f 223/91/7 222/54/7 228/48/7 229/87/7
f 221/55/7 220/56/7 226/50/7 227/49/7
f 219/57/7 218/29/7 224/30/7 225/51/7
f 181/92/7 217/93/7 223/91/7 182/90/7
f 216/60/7 215/61/7 221/55/7 222/54/7
f 214/62/7 213/63/7 219/57/7 220/56/7
f 172/18/7 180/94/7 181/92/7 171/17/7
f 211/95/7 210/96/7 216/60/7 217/93/7
f 209/97/7 208/98/7 214/62/7 215/61/7
f 207/99/7 206/26/7 212/27/7 213/63/7
f 179/100/7 205/101/7 211/95/7 180/94/7
f 204/102/7 203/103/7 209/97/7 210/96/7
f 202/104/7 201/105/7 207/99/7 208/98/7
f 164/12/7 186/76/7 179/100/7 163/11/7
f 187/77/7 188/78/7 204/102/7 205/101/7
f 189/79/7 190/80/7 202/104/7 203/103/7
f 191/81/7 192/9/7 200/5/7 201/105/7
f 185/84/7 241/83/7 198/28/7 199/7/7
f 240/38/7 239/40/7 196/85/7 197/86/7
f 238/42/7 237/44/7 194/88/7 195/89/7
f 98/87/23 105/82/23 235/82/23 229/87/23
f 65/5/24 66/105/24 201/105/24 200/5/24
f 104/39/25 97/48/25 228/48/25 234/39/25
f 67/104/2 66/105/2 201/105/2 202/104/2
f 96/49/26 103/41/26 233/41/26 227/49/26
f 67/104/24 68/103/24 203/103/24 202/104/24
f 102/43/27 95/50/27 226/50/27 232/43/27
f 69/102/2 68/103/2 203/103/2 204/102/2
f 64/7/8 113/84/8 185/84/8 199/7/8
f 94/51/28 101/45/28 231/45/28 225/51/28
f 69/102/24 70/101/24 205/101/24 204/102/24
f 112/83/23 63/28/23 198/28/23 241/83/23
f 100/31/29 93/30/29 224/30/29 230/31/29
f 71/100/2 70/101/2 205/101/2 179/100/2
f 62/86/25 111/38/25 240/38/25 197/86/25
f 92/90/19 99/25/19 183/25/19 182/90/19
f 31/19/30 72/26/30 206/26/30 174/19/30
f 110/40/26 61/85/26 196/85/26 239/40/26
f 98/87/17 91/91/17 223/91/17 229/87/17
f 73/99/31 72/26/31 206/26/31 207/99/31
f 60/89/27 109/42/27 238/42/27 195/89/27
f 90/54/16 97/48/16 228/48/16 222/54/16
f 73/99/30 74/98/30 208/98/30 207/99/30
f 108/44/28 59/88/28 194/88/28 237/44/28
f 71/100/24 29/11/24 163/11/24 179/100/24
f 96/49/14 89/55/14 221/55/14 227/49/14
f 75/97/31 74/98/31 208/98/31 209/97/31
f 58/2/29 107/1/29 236/1/29 193/2/29
f 28/18/31 78/94/31 180/94/31 172/18/31
f 29/11/32 6/12/32 164/12/32 163/11/32
f 88/56/12 95/50/12 226/50/12 220/56/12
f 75/97/30 76/96/30 210/96/30 209/97/30
f 85/92/33 27/17/33 171/17/33 181/92/33
f 94/51/11 87/57/11 219/57/11 225/51/11
f 77/95/31 76/96/31 210/96/31 211/95/31
f 26/16/34 92/90/34 182/90/34 170/16/34
f 36/4/18 8/3/18 166/3/18 165/4/18
f 86/29/10 93/30/10 224/30/10 218/29/10
f 77/95/30 78/94/30 180/94/30 211/95/30
f 99/25/35 25/15/35 169/15/35 183/25/35
f 92/90/8 85/92/8 181/92/8 182/90/8
f 79/27/36 32/20/36 175/20/36 212/27/36
f 24/14/22 106/24/22 184/24/22 168/14/22
f 84/93/23 91/91/23 223/91/23 217/93/23
f 79/27/33 80/63/33 213/63/33 212/27/33
f 113/84/15 23/13/15 167/13/15 185/84/15
f 90/54/25 83/60/25 216/60/25 222/54/25
f 81/62/36 80/63/36 213/63/36 214/62/36
f 82/61/26 89/55/26 221/55/26 215/61/26
f 81/62/33 82/61/33 215/61/33 214/62/33
f 88/56/27 81/62/27 214/62/27 220/56/27
f 83/60/36 82/61/36 215/61/36 216/60/36
f 80/63/28 87/57/28 219/57/28 213/63/28
f 83/60/33 84/93/33 217/93/33 216/60/33
f 86/29/29 79/27/29 212/27/29 218/29/29
f 85/92/36 84/93/36 217/93/36 181/92/36
f 78/94/19 85/92/19 181/92/19 180/94/19
f 33/21/37 86/29/37 218/29/37 176/21/37
f 84/93/17 77/95/17 211/95/17 217/93/17
f 87/57/34 86/29/34 218/29/34 219/57/34
f 76/96/16 83/60/16 216/60/16 210/96/16
f 87/57/37 88/56/37 220/56/37 219/57/37
f 82/61/14 75/97/14 209/97/14 215/61/14
f 89/55/34 88/56/34 220/56/34 221/55/34
f 74/98/12 81/62/12 214/62/12 208/98/12
f 89/55/37 90/54/37 222/54/37 221/55/37
f 80/63/11 73/99/11 207/99/11 213/63/11
f 91/91/34 90/54/34 222/54/34 223/91/34
f 72/26/10 79/27/10 212/27/10 206/26/10
f 91/91/37 92/90/37 182/90/37 223/91/37
f 78/94/8 71/100/8 179/100/8 180/94/8
f 93/30/38 34/22/38 177/22/38 224/30/38
f 70/101/23 77/95/23 211/95/23 205/101/23
f 93/30/35 94/51/35 225/51/35 224/30/35
f 76/96/25 69/102/25 204/102/25 210/96/25
f 95/50/38 94/51/38 225/51/38 226/50/38
f 68/103/26 75/97/26 209/97/26 203/103/26
f 95/50/35 96/49/35 227/49/35 226/50/35
f 74/98/27 67/104/27 202/104/27 208/98/27
f 97/48/38 96/49/38 227/49/38 228/48/38
f 66/105/28 73/99/28 207/99/28 201/105/28
f 97/48/35 98/87/35 229/87/35 228/48/35
f 72/26/29 65/5/29 200/5/29 206/26/29
f 23/13/32 24/14/32 168/14/32 167/13/32
f 99/25/38 98/87/38 229/87/38 183/25/38
f 51/76/19 71/100/19 179/100/19 186/76/19
f 35/23/21 100/31/21 230/31/21 178/23/21
f 70/101/17 52/77/17 187/77/17 205/101/17
f 25/15/32 26/16/32 170/16/32 169/15/32
f 101/45/22 100/31/22 230/31/22 231/45/22
f 53/78/16 69/102/16 204/102/16 188/78/16
f 101/45/21 102/43/21 232/43/21 231/45/21
f 6/12/20 51/76/20 186/76/20 164/12/20
f 68/103/14 54/79/14 189/79/14 203/103/14
f 27/17/32 28/18/32 172/18/32 171/17/32
f 103/41/22 102/43/22 232/43/22 233/41/22
o Sphere
v -0.428265 0.255233 0.578406
v -0.429838 0.243803 0.471679
v -0.421289 0.204540 0.411761
v -0.406410 0.146390 0.371734
v -0.397277 0.112921 0.361232
v -0.387468 0.078206 0.357692
v -0.367346 0.010370 0.371773
v -0.331172 -0.094264 0.506430
v -0.423935 0.260022 0.542739
v -0.417904 0.257912 0.507059
v -0.410407 0.248984 0.472738
v -0.401730 0.233580 0.441095
v -0.392208 0.212292 0.413346
v -0.382205 0.185940 0.390556
v -0.372107 0.155535 0.373603
v -0.362301 0.122245 0.363137
v -0.353165 0.087351 0.359561
v -0.345049 0.052193 0.363012
v -0.338265 0.018122 0.373358
v -0.333075 -0.013552 0.390200
v -0.329677 -0.041612 0.412892
v -0.328202 -0.064981 0.440562
v -0.328707 -0.082759 0.472145
v -0.417242 0.261528 0.544455
v -0.404776 0.260866 0.510425
v -0.391347 0.253272 0.477625
v -0.377472 0.239038 0.447314
v -0.363683 0.218711 0.420659
v -0.350510 0.193071 0.398682
v -0.338460 0.163105 0.382229
v -0.327995 0.129965 0.371933
v -0.319518 0.094922 0.368187
v -0.313354 0.059325 0.371138
v -0.309741 0.024541 0.380671
v -0.308817 -0.008093 0.396419
v -0.310617 -0.037324 0.417778
v -0.315074 -0.062027 0.443927
v -0.322014 -0.081253 0.473861
v -0.410937 0.262663 0.547449
v -0.392408 0.263093 0.516298
v -0.373392 0.256504 0.486151
v -0.354619 0.243152 0.458166
v -0.336811 0.223548 0.433419
v -0.320652 0.198446 0.412861
v -0.306762 0.168811 0.397281
v -0.295676 0.135782 0.387280
v -0.287820 0.100628 0.383240
v -0.283496 0.064700 0.385317
v -0.282869 0.029378 0.393431
v -0.285964 -0.003980 0.407271
v -0.292662 -0.034092 0.426305
v -0.302706 -0.059800 0.449800
v -0.315709 -0.080118 0.476855
v -0.405262 0.263384 0.551606
v -0.381277 0.264506 0.524453
v -0.357231 0.258556 0.497989
v -0.334051 0.245763 0.473234
v -0.312625 0.226618 0.451137
v -0.293777 0.201858 0.432548
v -0.278232 0.172433 0.418181
v -0.266587 0.139475 0.408588
v -0.259290 0.104250 0.404139
v -0.256621 0.068111 0.405003
v -0.258682 0.032448 0.411149
v -0.265395 -0.001369 0.422339
v -0.276501 -0.032040 0.438143
v -0.291574 -0.058387 0.457955
v -0.310034 -0.079397 0.481013
v -0.400435 0.263662 0.556767
v -0.371808 0.265051 0.534575
v -0.343486 0.259348 0.512685
v -0.316556 0.246771 0.491938
v -0.292053 0.227804 0.473131
v -0.270919 0.203175 0.456986
v -0.253966 0.173832 0.444124
v -0.241846 0.140901 0.435040
v -0.235024 0.105648 0.430083
v -0.233763 0.069429 0.429442
v -0.238111 0.033634 0.433143
v -0.247900 -0.000360 0.441043
v -0.262756 -0.031248 0.452839
v -0.282106 -0.057841 0.468078
v -0.305207 -0.079119 0.486173
v -0.396642 0.263487 0.562732
v -0.364368 0.264709 0.546277
v -0.332684 0.258850 0.529674
v -0.302808 0.246138 0.513560
v -0.275887 0.227059 0.498556
v -0.252956 0.202347 0.485237
v -0.234897 0.172953 0.474115
v -0.222403 0.140005 0.465619
v -0.215955 0.104769 0.460073
v -0.215800 0.068601 0.457692
v -0.221945 0.032889 0.458568
v -0.234152 -0.000994 0.462665
v -0.251954 -0.031746 0.469827
v -0.274665 -0.058184 0.479779
v -0.301414 -0.079294 0.492139
v -0.394028 0.262866 0.569273
v -0.359241 0.263490 0.559108
v -0.325241 0.257082 0.548302
v -0.293334 0.243887 0.537269
v -0.264747 0.224412 0.526435
v -0.240579 0.199406 0.516214
v -0.221757 0.169831 0.507001
v -0.209006 0.136821 0.499148
v -0.202815 0.101647 0.492959
v -0.203423 0.065660 0.488670
v -0.210805 0.030242 0.486447
v -0.224679 -0.003245 0.486374
v -0.244511 -0.033514 0.488456
v -0.269539 -0.059403 0.492611
v -0.298800 -0.079915 0.498680
v -0.392694 0.261823 0.576139
v -0.356625 0.261444 0.572576
v -0.321442 0.254110 0.567854
v -0.288500 0.240105 0.562154
v -0.259063 0.219965 0.555696
v -0.234262 0.194465 0.548728
v -0.215052 0.164585 0.541517
v -0.202169 0.131473 0.534341
v -0.196110 0.096402 0.527475
v -0.197106 0.060719 0.521183
v -0.205121 0.025795 0.515708
v -0.219844 -0.007027 0.511259
v -0.240712 -0.036486 0.508007
v -0.266922 -0.061449 0.506078
v -0.297467 -0.080958 0.505546
v -0.392692 0.260397 0.583065
v -0.356619 0.258647 0.586162
v -0.321435 0.250050 0.587578
v -0.288490 0.234937 0.587258
v -0.259051 0.213889 0.585216
v -0.234250 0.187714 0.581528
v -0.215038 0.157418 0.576338
v -0.202155 0.124165 0.569844
v -0.196096 0.089234 0.562296
v -0.197093 0.053967 0.553984
v -0.205109 0.019719 0.545228
v -0.219835 -0.012194 0.536363
v -0.240705 -0.040545 0.527732
v -0.266917 -0.064246 0.519665
v -0.297464 -0.082384 0.512472
v -0.394020 0.258644 0.589786
v -0.359225 0.255208 0.599345
v -0.325218 0.245058 0.606717
v -0.293305 0.228583 0.611618
v -0.264713 0.206417 0.613859
v -0.240541 0.179411 0.613355
v -0.221717 0.148604 0.610125
v -0.208965 0.115179 0.604293
v -0.202775 0.080421 0.596083
v -0.203385 0.045665 0.585811
v -0.210771 0.012247 0.573871
v -0.224650 -0.018548 0.560723
v -0.244488 -0.045538 0.546871
v -0.269523 -0.067685 0.532848
v -0.298792 -0.084137 0.519193
v -0.396629 0.256631 0.596043
v -0.364343 0.251259 0.611618
v -0.332647 0.239325 0.624535
v -0.302761 0.221286 0.634295
v -0.275832 0.197837 0.640525
v -0.252895 0.169877 0.642985
v -0.234832 0.138483 0.641580
v -0.222337 0.104859 0.636364
v -0.215890 0.070299 0.627538
v -0.215739 0.036131 0.615441
v -0.221889 0.003667 0.600537
v -0.234105 -0.025845 0.583400
v -0.251917 -0.051271 0.564688
v -0.274640 -0.071634 0.545121
v -0.301401 -0.086151 0.525449
v -0.400418 0.254435 0.601595
v -0.371774 0.246951 0.622510
v -0.343436 0.233071 0.640347
v -0.316493 0.213327 0.654420
v -0.291979 0.188477 0.664189
v -0.270837 0.159478 0.669279
v -0.253879 0.127443 0.669494
v -0.241757 0.093603 0.664825
v -0.234937 0.059259 0.655452
v -0.233681 0.025731 0.641735
v -0.238037 -0.005693 0.624201
v -0.247837 -0.033805 0.603525
v -0.262706 -0.057525 0.580500
v -0.282072 -0.075941 0.556012
v -0.305190 -0.088347 0.531002
v -0.405241 0.252140 0.606230
v -0.381235 0.242451 0.631601
v -0.357171 0.226537 0.653545
v -0.333973 0.205011 0.671219
v -0.312534 0.178699 0.683943
v -0.293676 0.148613 0.691228
v -0.278125 0.115908 0.692794
v -0.266479 0.081843 0.688582
v -0.259183 0.047725 0.678752
v -0.256520 0.014866 0.663683
v -0.258592 -0.015471 0.643955
v -0.265318 -0.042121 0.620324
v -0.276441 -0.064059 0.593699
v -0.291532 -0.080442 0.565104
v -0.310013 -0.090641 0.535637
v -0.410912 0.249836 0.609769
v -0.392361 0.237930 0.638543
v -0.373323 0.219974 0.663623
v -0.354532 0.196658 0.684046
v -0.336708 0.168877 0.699025
v -0.320537 0.137699 0.707987
v -0.306640 0.104323 0.710585
v -0.295552 0.070030 0.706721
v -0.287698 0.036139 0.696544
v -0.283381 0.003952 0.680443
v -0.282766 -0.025293 0.659037
v -0.285876 -0.050474 0.633151
v -0.292593 -0.070622 0.603777
v -0.302658 -0.084963 0.572046
v -0.315685 -0.092945 0.539175
v -0.417215 0.247610 0.612076
v -0.404724 0.233564 0.643069
v -0.391273 0.213635 0.670193
v -0.377377 0.188589 0.692408
v -0.363571 0.159389 0.708858
v -0.350385 0.127157 0.718912
v -0.338327 0.093131 0.722184
v -0.327860 0.058619 0.718547
v -0.319385 0.024948 0.708142
v -0.313229 -0.006590 0.691368
v -0.309629 -0.034781 0.668870
v -0.308721 -0.058542 0.641513
v -0.310542 -0.076961 0.610347
v -0.315022 -0.089329 0.576571
v -0.321988 -0.095172 0.541483
v -0.423907 0.245547 0.613063
v -0.417851 0.229518 0.645004
v -0.410329 0.207762 0.673003
v -0.401631 0.181115 0.695984
v -0.392091 0.150600 0.713063
v -0.382075 0.117391 0.723585
v -0.371969 0.082763 0.727144
v -0.362161 0.048048 0.723605
v -0.353027 0.014580 0.713102
v -0.344919 -0.016356 0.696041
v -0.338149 -0.043570 0.673075
v -0.332976 -0.066017 0.645089
v -0.329599 -0.082834 0.613157
v -0.328148 -0.093374 0.578506
v -0.328679 -0.097234 0.542469
v -0.430731 0.243728 0.612691
v -0.431235 0.225950 0.644275
v -0.429761 0.202582 0.671944
v -0.426363 0.174522 0.694636
v -0.421172 0.142847 0.711479
v -0.414389 0.108777 0.721824
v -0.406273 0.073619 0.725275
v -0.397136 0.038724 0.721699
v -0.387331 0.005435 0.711233
v -0.377232 -0.024970 0.694280
v -0.367230 -0.051323 0.671491
v -0.357707 -0.072610 0.643741
v -0.349030 -0.088014 0.612098
v -0.341533 -0.096943 0.577777
v -0.335503 -0.099053 0.542097
v -0.437423 0.242222 0.610975
v -0.444364 0.222996 0.640909
v -0.448820 0.198293 0.667058
v -0.450621 0.169063 0.688417
v -0.449697 0.136429 0.704166
v -0.446083 0.101645 0.713698
v -0.439920 0.066048 0.716649
v -0.431443 0.031005 0.712904
v -0.420978 -0.002136 0.702607
v -0.408927 -0.032102 0.686154
v -0.395754 -0.057741 0.664178
v -0.381965 -0.078068 0.637522
v -0.368090 -0.092303 0.607212
v -0.354661 -0.099897 0.574411
v -0.342196 -0.100559 0.540382
v -0.443728 0.241087 0.607981
v -0.456732 0.220770 0.635036
v -0.466775 0.195061 0.658532
v -0.473473 0.164949 0.677565
v -0.476568 0.131592 0.691405
v -0.475942 0.096270 0.699520
v -0.471617 0.060342 0.701597
v -0.463761 0.025187 0.697557
v -0.452675 -0.007842 0.687555
v -0.438786 -0.037477 0.671975
v -0.422626 -0.062578 0.651417
v -0.404818 -0.082182 0.626670
v -0.386045 -0.095535 0.598685
v -0.367029 -0.102123 0.568538
v -0.348501 -0.101694 0.537387
v -0.449403 0.240367 0.603824
v -0.467863 0.219357 0.626881
v -0.482936 0.193010 0.646693
v -0.494042 0.162338 0.662498
v -0.500755 0.128521 0.673687
v -0.502816 0.092858 0.679833
v -0.500147 0.056720 0.680697
v -0.492850 0.021495 0.676248
v -0.481205 -0.011464 0.666655
v -0.465660 -0.040888 0.652289
v -0.446813 -0.065649 0.633700
v -0.425387 -0.084793 0.611603
v -0.402206 -0.097586 0.586847
v -0.378161 -0.103536 0.560384
v -0.354176 -0.102414 0.533230
v -0.454230 0.240089 0.598663
v -0.477331 0.218811 0.616759
v -0.496682 0.192218 0.631997
v -0.511537 0.161330 0.643793
v -0.521326 0.127336 0.651694
v -0.525674 0.091541 0.655395
v -0.524413 0.055322 0.654754
v -0.517591 0.020069 0.649796
v -0.505471 -0.012862 0.640712
v -0.488518 -0.042206 0.627850
v -0.467384 -0.066834 0.611706
v -0.442882 -0.085801 0.592898
v -0.415951 -0.098378 0.572151
v -0.387629 -0.104082 0.550261
v -0.359002 -0.102692 0.528070
v -0.458023 0.240264 0.592698
v -0.484772 0.219154 0.605057
v -0.507483 0.192715 0.615009
v -0.525285 0.161964 0.622171
v -0.537493 0.128081 0.626269
v -0.543637 0.092369 0.627144
v -0.543482 0.056200 0.624763
v -0.537034 0.020965 0.619218
v -0.524540 -0.011983 0.610721
v -0.506481 -0.041378 0.599600
v -0.483550 -0.066089 0.586281
v -0.456630 -0.085168 0.571276
v -0.426753 -0.097881 0.555163
v -0.395069 -0.103739 0.538559
v -0.362796 -0.102518 0.522104
v -0.460637 0.240885 0.586156
v -0.489899 0.220372 0.592226
v -0.514927 0.194484 0.596381
v -0.534758 0.164215 0.598462
v -0.548632 0.130728 0.598390
v -0.556015 0.095310 0.596166
v -0.556622 0.059322 0.591878
v -0.550431 0.024148 0.585688
v -0.537680 -0.008861 0.577836
v -0.518859 -0.038437 0.568622
v -0.494690 -0.063442 0.558402
v -0.466103 -0.082917 0.547567
v -0.434196 -0.096112 0.536535
v -0.400196 -0.102521 0.525728
v -0.365409 -0.101897 0.515563
v -0.461971 0.241928 0.579291
v -0.492515 0.222419 0.578758
v -0.518725 0.197455 0.576829
v -0.539593 0.167996 0.573577
v -0.554317 0.135175 0.569128
v -0.562331 0.100251 0.563653
v -0.563328 0.064568 0.557361
v -0.557268 0.029497 0.550496
v -0.544386 -0.003615 0.543319
v -0.525175 -0.033496 0.536109
v -0.500375 -0.058995 0.529140
v -0.470938 -0.079135 0.522682
v -0.437995 -0.093141 0.516983
v -0.402813 -0.100474 0.512260
v -0.366743 -0.100853 0.508697
v -0.461973 0.243354 0.572364
v -0.492521 0.225215 0.565172
v -0.518733 0.201515 0.557104
v -0.539603 0.173164 0.548473
v -0.554328 0.141251 0.539609
v -0.562344 0.107003 0.530852
v -0.563341 0.071735 0.522541
v -0.557282 0.036804 0.514993
v -0.544399 0.003552 0.508499
v -0.525188 -0.026744 0.503308
v -0.500386 -0.052919 0.499621
v -0.470947 -0.073968 0.497578
v -0.438002 -0.089081 0.497258
v -0.402818 -0.097677 0.498674
v -0.366746 -0.099427 0.501771
v -0.460645 0.245107 0.565644
v -0.489914 0.228654 0.551989
v -0.514949 0.206508 0.537966
v -0.534787 0.179518 0.524114
v -0.548666 0.148723 0.510965
v -0.556052 0.115305 0.499026
v -0.556662 0.080549 0.488754
v -0.550472 0.045791 0.480544
v -0.537720 0.012366 0.474712
v -0.518896 -0.018442 0.471482
v -0.494724 -0.045447 0.470977
v -0.466132 -0.067613 0.473219
v -0.434219 -0.084088 0.478119
v -0.400212 -0.094239 0.485491
v -0.365417 -0.097674 0.495050
v -0.458036 0.247120 0.559387
v -0.484797 0.232604 0.539716
v -0.507520 0.212241 0.520148
v -0.525332 0.186815 0.501436
v -0.537548 0.157303 0.484299
v -0.543698 0.124839 0.469396
v -0.543547 0.090670 0.457299
v -0.537100 0.056110 0.448473
v -0.524605 0.022487 0.443257
v -0.506542 -0.008908 0.441852
v -0.483606 -0.036867 0.444311
v -0.456677 -0.060316 0.450541
v -0.426790 -0.078355 0.460302
v -0.395095 -0.090289 0.473218
v -0.362808 -0.095661 0.488794
v -0.454248 0.249316 0.553835
v -0.477366 0.236911 0.528824
v -0.496731 0.218495 0.504336
v -0.511600 0.194775 0.481311
v -0.521401 0.166662 0.460635
v -0.525757 0.135238 0.443101
v -0.524501 0.101710 0.429385
v -0.517680 0.067367 0.420012
v -0.505559 0.033527 0.415343
v -0.488601 0.001492 0.415557
v -0.467459 -0.027508 0.420647
v -0.442945 -0.052357 0.430416
v -0.416001 -0.072101 0.444490
v -0.387663 -0.085982 0.462326
v -0.359020 -0.093465 0.483241
v -0.449425 0.251611 0.549200
v -0.467905 0.241412 0.519733
v -0.482997 0.225028 0.491137
v -0.494119 0.203090 0.464513
v -0.500845 0.176441 0.440882
v -0.502917 0.146104 0.421153
v -0.500254 0.113245 0.406084
v -0.492959 0.079127 0.396255
v -0.481312 0.045061 0.392042
v -0.465761 0.012357 0.393609
v -0.446903 -0.017729 0.400894
v -0.425464 -0.044041 0.413618
v -0.402266 -0.065567 0.431291
v -0.378203 -0.081481 0.453235
v -0.354197 -0.091171 0.478606
v -0.443753 0.253915 0.545661
v -0.456779 0.245932 0.512791
v -0.466844 0.231591 0.481059
v -0.473561 0.211443 0.451686
v -0.476672 0.186263 0.425799
v -0.476057 0.157017 0.404394
v -0.471739 0.124831 0.388293
v -0.463885 0.090940 0.378115
v -0.452797 0.056647 0.374251
v -0.438901 0.023271 0.376850
v -0.422730 -0.007907 0.385811
v -0.404906 -0.035688 0.400791
v -0.386114 -0.059005 0.421213
v -0.367077 -0.076961 0.446293
v -0.348525 -0.088866 0.475067
v -0.437450 0.256141 0.543354
v -0.444415 0.250299 0.508265
v -0.448895 0.237931 0.474489
v -0.450716 0.219512 0.443324
v -0.449809 0.195751 0.415966
v -0.446208 0.167559 0.393468
v -0.440052 0.136022 0.376694
v -0.431577 0.102351 0.366289
v -0.421110 0.067839 0.362652
v -0.409052 0.033813 0.365924
v -0.395867 0.001581 0.375978
v -0.382061 -0.027619 0.392429
v -0.368165 -0.052665 0.414643
v -0.354713 -0.072594 0.441768
v -0.342222 -0.086640 0.472760
v -0.430758 0.258203 0.542367
v -0.431289 0.254344 0.506330
v -0.426462 0.226987 0.439748
v -0.414518 0.177325 0.388796
v -0.377362 0.043579 0.361252
v -0.357806 -0.020145 0.388853
v -0.349108 -0.046792 0.411833
v -0.341587 -0.068549 0.439832
v -0.335530 -0.084578 0.471774
vn 0.2311 -0.7372 -0.6349
vn -0.0762 0.4661 -0.8814
vn 0.2510 -0.8452 -0.4718
vn -0.0260 0.2928 -0.9558
vn -0.2613 0.9603 0.0972
vn 0.2612 -0.9206 -0.2902
vn 0.0252 0.1085 -0.9938
vn -0.2513 0.9628 -0.0994
vn 0.0755 -0.0801 -0.9939
vn -0.2315 0.9280 -0.2920
vn 0.1230 -0.2658 -0.9561
vn -0.2028 0.8574 -0.4730
vn 0.1658 -0.4417 -0.8817
vn -0.1664 0.7540 -0.6355
vn 0.2023 -0.6009 -0.7733
vn -0.1236 0.6218 -0.7733
vn 0.3221 -0.5714 -0.7548
vn 0.0426 0.6627 -0.7477
vn 0.3202 -0.7153 -0.6212
vn 0.1040 0.5105 -0.8536
vn 0.3059 -0.8317 -0.4633
vn 0.1614 0.3389 -0.9269
vn -0.2428 0.9649 0.1001
vn 0.2798 -0.9161 -0.2873
vn 0.2126 0.1545 -0.9648
vn -0.1964 0.9763 -0.0909
vn 0.2557 -0.0358 -0.9661
vn -0.1424 0.9499 -0.2782
vn 0.2892 -0.2250 -0.9305
vn -0.0830 0.8869 -0.4545
vn 0.3116 -0.4058 -0.8592
vn -0.0206 0.7898 -0.6130
vn -0.1436 0.9870 -0.0718
vn 0.4290 -0.0006 -0.9033
vn -0.0567 0.9673 -0.2472
vn 0.4490 -0.1925 -0.8726
vn 0.0321 0.9103 -0.4128
vn 0.4518 -0.3773 -0.8084
vn 0.1196 0.8183 -0.5622
vn 0.4373 -0.5480 -0.7131
vn 0.2024 0.6952 -0.6897
vn 0.4059 -0.6979 -0.5901
vn 0.2773 0.5457 -0.7908
vn 0.3587 -0.8210 -0.4442
vn 0.3415 0.3755 -0.8616
vn -0.2249 0.9685 0.1065
vn 0.2976 -0.9125 -0.2808
vn 0.3928 0.1912 -0.8996
vn 0.3497 0.7180 -0.6018
vn 0.4848 -0.6857 -0.5430
vn 0.4370 0.5704 -0.6954
vn 0.4074 -0.8135 -0.4151
vn 0.5076 0.4013 -0.7625
vn -0.2085 0.9711 0.1164
vn 0.3140 -0.9099 -0.2710
vn 0.5588 0.2169 -0.8004
vn -0.0949 0.9946 -0.0428
vn 0.5888 0.0242 -0.8079
vn 0.0222 0.9795 -0.2001
vn 0.5963 -0.1697 -0.7846
vn 0.1383 0.9267 -0.3494
vn 0.5810 -0.3573 -0.7313
vn 0.2489 0.8383 -0.4850
vn 0.5434 -0.5316 -0.6497
vn 0.7288 0.0375 -0.6837
vn 0.0914 0.9861 -0.1387
vn 0.7254 -0.1574 -0.6700
vn 0.2314 0.9356 -0.2668
vn 0.6943 -0.3465 -0.6307
vn 0.3622 0.8491 -0.3845
vn 0.6365 -0.5227 -0.5671
vn 0.4788 0.7303 -0.4872
vn 0.5540 -0.6791 -0.4816
vn 0.5770 0.5837 -0.5712
vn 0.4500 -0.8094 -0.3773
vn 0.6532 0.4151 -0.6333
vn -0.1941 0.9724 0.1291
vn 0.3284 -0.9085 -0.2582
vn 0.7044 0.2307 -0.6713
vn -0.0523 0.9986 -0.0049
vn 0.6108 -0.6784 -0.4083
vn 0.6920 0.5851 -0.4228
vn 0.4850 -0.8090 -0.3321
vn 0.7727 0.4165 -0.4791
vn -0.1823 0.9726 0.1444
vn 0.3403 -0.9084 -0.2430
vn 0.8239 0.2321 -0.5170
vn -0.0173 0.9990 0.0403
vn 0.8437 0.0389 -0.5353
vn 0.1482 0.9868 -0.0653
vn 0.8314 -0.1561 -0.5332
vn 0.3077 0.9365 -0.1682
vn 0.7873 -0.3454 -0.5107
vn 0.4551 0.8502 -0.2645
vn 0.7129 -0.5218 -0.4686
vn 0.5848 0.7316 -0.3504
vn 0.9102 -0.1659 -0.3794
vn 0.3645 0.9294 -0.0574
vn 0.8564 -0.3540 -0.3758
vn 0.5243 0.8416 -0.1296
vn 0.7696 -0.5289 -0.3577
vn 0.6636 0.7218 -0.1966
vn 0.6530 -0.6836 -0.3258
vn 0.7774 0.5745 -0.2561
vn 0.5110 -0.8122 -0.2813
vn 0.8615 0.4055 -0.3057
vn -0.1735 0.9715 0.1616
vn 0.3491 -0.9095 -0.2258
vn 0.9127 0.2211 -0.3437
vn 0.0087 0.9958 0.0911
vn 0.9292 0.0282 -0.3686
vn 0.1904 0.9815 0.0171
vn 0.5271 -0.8190 -0.2269
vn 0.9162 0.3824 -0.1199
vn -0.1681 0.9692 0.1799
vn 0.3545 -0.9118 -0.2074
vn 0.9674 0.1980 -0.1578
vn 0.0248 0.9890 0.1455
vn 0.9818 0.0060 -0.1898
vn 0.2165 0.9706 0.1054
vn 0.9588 -0.1864 -0.2146
vn 0.3995 0.9147 0.0614
vn 0.8990 -0.3720 -0.2312
vn 0.5668 0.8237 0.0151
vn 0.8046 -0.5436 -0.2389
vn 0.7122 0.7013 -0.0318
vn 0.6791 -0.6946 -0.2375
vn 0.8300 0.5523 -0.0773
vn 0.4113 0.8928 0.1836
vn 0.9134 -0.3986 -0.0824
vn 0.5813 0.7971 0.1638
vn 0.8165 -0.5655 -0.1167
vn 0.7286 0.6709 0.1378
vn 0.6879 -0.7109 -0.1466
vn 0.8479 0.5194 0.1066
vn 0.5325 -0.8290 -0.1708
vn 0.9347 0.3482 0.0713
vn -0.1662 0.9658 0.1989
vn 0.3563 -0.9152 -0.1885
vn 0.9859 0.1638 0.0333
vn 0.0302 0.9790 0.2015
vn 0.9996 -0.0269 -0.0059
vn 0.2253 0.9543 0.1963
vn 0.9752 -0.2167 -0.0450
vn 0.9163 0.3041 0.2605
vn -0.1681 0.9615 0.2176
vn 0.3545 -0.9195 -0.1698
vn 0.9675 0.1198 0.2225
vn 0.0248 0.9661 0.2569
vn 0.9819 -0.0693 0.1760
vn 0.2165 0.9334 0.2863
vn 0.9589 -0.2558 0.1228
vn 0.3996 0.8646 0.3045
vn 0.8991 -0.4329 0.0648
vn 0.5670 0.7628 0.3111
vn 0.8047 -0.5936 0.0042
vn 0.7123 0.6319 0.3056
vn 0.6791 -0.7318 -0.0567
vn 0.8302 0.4770 0.2885
vn 0.5271 -0.8419 -0.1154
vn 0.8566 -0.4735 0.2048
vn 0.5245 0.7221 0.4510
vn 0.7698 -0.6270 0.1192
vn 0.6639 0.5855 0.4652
vn 0.6532 -0.7566 0.0289
vn 0.7777 0.4268 0.4616
vn 0.5111 -0.8572 -0.0627
vn 0.8617 0.2519 0.4404
vn -0.1735 0.9563 0.2354
vn 0.3491 -0.9247 -0.1520
vn 0.9130 0.0675 0.4024
vn 0.0088 0.9508 0.3096
vn 0.9294 -0.1195 0.3491
vn 0.1906 0.9085 0.3718
vn 0.9105 -0.3021 0.2824
vn 0.3647 0.8313 0.4195
vn -0.1822 0.9505 0.2516
vn 0.3403 -0.9305 -0.1358
vn 0.8243 0.0092 0.5661
vn -0.0172 0.9337 0.3576
vn 0.8441 -0.1756 0.5065
vn 0.1484 0.8808 0.4496
vn 0.8318 -0.3539 0.4276
vn 0.3080 0.7940 0.5242
vn 0.7876 -0.5189 0.3322
vn 0.4555 0.6767 0.5784
vn 0.7131 -0.6643 0.2239
vn 0.5852 0.5338 0.6104
vn 0.6110 -0.7844 0.1067
vn 0.6924 0.3707 0.6190
vn 0.4851 -0.8743 -0.0148
vn 0.7731 0.1936 0.6041
vn 0.3626 0.6283 0.6883
vn 0.6368 -0.7041 0.3141
vn 0.4793 0.4786 0.7357
vn 0.5543 -0.8140 0.1738
vn 0.5776 0.3108 0.7549
vn 0.4502 -0.8926 0.0266
vn 0.6537 0.1313 0.7453
vn -0.1940 0.9444 0.2656
vn 0.3285 -0.9366 -0.1218
vn 0.7049 -0.0530 0.7073
vn -0.0521 0.9155 0.3990
vn 0.7293 -0.2355 0.6424
vn 0.0917 0.8512 0.5168
vn 0.7259 -0.4091 0.5529
vn 0.2317 0.7542 0.6145
vn 0.6947 -0.5674 0.4421
vn 0.5594 -0.1168 0.8206
vn -0.0947 0.8968 0.4321
vn 0.5894 -0.2968 0.7514
vn 0.0225 0.8209 0.5706
vn 0.5969 -0.4657 0.6534
vn 0.1387 0.7134 0.6869
vn 0.5815 -0.6170 0.5303
vn 0.2494 0.5787 0.7765
vn 0.5438 -0.7449 0.3866
vn 0.3503 0.4220 0.8362
vn 0.4851 -0.8443 0.2277
vn 0.4376 0.2495 0.8639
vn 0.4075 -0.9112 0.0598
vn 0.5082 0.0676 0.8586
vn -0.2084 0.9381 0.2768
vn 0.3141 -0.9429 -0.1106
vn 0.4377 -0.7850 0.4384
vn 0.2030 0.3663 0.9081
vn 0.4062 -0.8741 0.2662
vn 0.2780 0.1891 0.9418
vn 0.3589 -0.9296 0.0835
vn 0.3422 0.0048 0.9396
vn -0.2249 0.9318 0.2848
vn 0.2977 -0.9491 -0.1026
vn 0.3935 -0.1796 0.9016
vn -0.1434 0.8784 0.4559
vn 0.4297 -0.3572 0.8293
vn -0.0564 0.7910 0.6092
vn 0.4496 -0.5214 0.7253
vn 0.0326 0.6733 0.7387
vn 0.4523 -0.6658 0.5933
vn 0.1202 0.5298 0.8396
vn 0.2564 -0.4144 0.8732
vn -0.1421 0.7628 0.6309
vn 0.2898 -0.5741 0.7658
vn -0.0826 0.6353 0.7679
vn 0.3122 -0.7121 0.6289
vn -0.0200 0.4835 0.8751
vn 0.3226 -0.8230 0.4675
vn 0.0432 0.3136 0.9486
vn 0.3206 -0.9024 0.2879
vn 0.1047 0.1319 0.9857
vn 0.3061 -0.9470 0.0969
vn 0.1621 -0.0547 0.9853
vn -0.2427 0.9260 0.2893
vn 0.2799 -0.9550 -0.0981
vn 0.2133 -0.2390 0.9473
vn -0.1961 0.8610 0.4693
vn 0.2315 -0.9280 0.2920
vn -0.0755 0.0801 0.9939
vn 0.2513 -0.9628 0.0994
vn -0.0252 -0.1085 0.9938
vn -0.2612 0.9206 0.2902
vn 0.2613 -0.9603 -0.0972
vn 0.0260 -0.2928 0.9558
vn -0.2510 0.8452 0.4718
vn 0.0762 -0.4661 0.8814
vn -0.2311 0.7372 0.6349
vn 0.1236 -0.6218 0.7733
vn -0.2023 0.6009 0.7733
vn 0.1664 -0.7540 0.6355
vn -0.1658 0.4417 0.8817
vn 0.2028 -0.8574 0.4730
vn -0.1230 0.2658 0.9561
vn -0.3202 0.7153 0.6212
vn -0.0426 -0.6627 0.7477
vn -0.3221 0.5714 0.7548
vn 0.0206 -0.7898 0.6130
vn -0.3116 0.4058 0.8592
vn 0.0830 -0.8869 0.4545
vn -0.2892 0.2250 0.9305
vn 0.1424 -0.9499 0.2782
vn -0.2557 0.0358 0.9661
vn 0.1964 -0.9763 0.0909
vn -0.2126 -0.1545 0.9648
vn -0.2798 0.9161 0.2873
vn 0.2428 -0.9649 -0.1001
vn -0.1614 -0.3389 0.9269
vn -0.3059 0.8317 0.4633
vn -0.1040 -0.5105 0.8536
vn -0.4290 0.0006 0.9033
vn 0.1436 -0.9870 0.0718
vn -0.3928 -0.1912 0.8996
vn -0.2976 0.9125 0.2808
vn 0.2249 -0.9685 -0.1065
vn -0.3415 -0.3755 0.8616
vn -0.3587 0.8210 0.4442
vn -0.2773 -0.5457 0.7908
vn -0.4059 0.6979 0.5901
vn -0.2024 -0.6952 0.6897
vn -0.4373 0.5480 0.7131
vn -0.1196 -0.8183 0.5622
vn -0.4518 0.3773 0.8084
vn -0.0321 -0.9103 0.4128
vn -0.4490 0.1925 0.8726
vn 0.0567 -0.9673 0.2472
vn -0.3497 -0.7180 0.6018
vn -0.5434 0.5316 0.6497
vn -0.2489 -0.8383 0.4850
vn -0.5810 0.3573 0.7313
vn -0.1383 -0.9267 0.3494
vn -0.5963 0.1697 0.7846
vn -0.0222 -0.9795 0.2001
vn -0.5888 -0.0242 0.8079
vn 0.0949 -0.9946 0.0428
vn -0.5588 -0.2169 0.8004
vn -0.3140 0.9099 0.2710
vn 0.2085 -0.9711 -0.1164
vn -0.5076 -0.4013 0.7625
vn -0.4074 0.8135 0.4151
vn -0.4370 -0.5704 0.6954
vn -0.4848 0.6857 0.5430
vn 0.0523 -0.9986 0.0049
vn -0.7044 -0.2307 0.6713
vn -0.3284 0.9085 0.2582
vn 0.1941 -0.9724 -0.1291
vn -0.6532 -0.4151 0.6333
vn -0.4500 0.8094 0.3773
vn -0.5770 -0.5837 0.5712
vn -0.5540 0.6791 0.4816
vn -0.4788 -0.7303 0.4872
vn -0.6365 0.5227 0.5671
vn -0.3622 -0.8491 0.3845
vn -0.6943 0.3465 0.6307
vn -0.2314 -0.9356 0.2668
vn -0.7254 0.1574 0.6700
vn -0.0914 -0.9861 0.1387
vn -0.7288 -0.0375 0.6837
vn -0.7129 0.5218 0.4686
vn -0.4551 -0.8502 0.2645
vn -0.7873 0.3454 0.5107
vn -0.3077 -0.9365 0.1682
vn -0.8314 0.1561 0.5332
vn -0.1482 -0.9868 0.0653
vn -0.8437 -0.0389 0.5353
vn 0.0173 -0.9990 -0.0403
vn -0.8239 -0.2321 0.5170
vn -0.3403 0.9084 0.2430
vn 0.1823 -0.9726 -0.1444
vn -0.7727 -0.4165 0.4791
vn -0.4850 0.8090 0.3321
vn -0.6920 -0.5851 0.4228
vn -0.6108 0.6784 0.4083
vn -0.5848 -0.7316 0.3504
vn -0.9127 -0.2211 0.3437
vn -0.3491 0.9095 0.2258
vn 0.1735 -0.9715 -0.1616
vn -0.8615 -0.4055 0.3057
vn -0.5110 0.8122 0.2813
vn -0.7774 -0.5745 0.2561
vn -0.6530 0.6836 0.3258
vn -0.6636 -0.7218 0.1966
vn -0.7696 0.5289 0.3577
vn -0.5243 -0.8416 0.1296
vn -0.8564 0.3540 0.3758
vn -0.3645 -0.9294 0.0574
vn -0.9102 0.1659 0.3794
vn -0.1904 -0.9815 -0.0171
vn -0.9292 -0.0282 0.3686
vn -0.0087 -0.9958 -0.0911
vn -0.5668 -0.8237 -0.0151
vn -0.8990 0.3720 0.2312
vn -0.3995 -0.9147 -0.0614
vn -0.9588 0.1864 0.2146
vn -0.2165 -0.9706 -0.1054
vn -0.9818 -0.0060 0.1898
vn -0.0248 -0.9890 -0.1455
vn -0.9674 -0.1980 0.1578
vn -0.3545 0.9118 0.2074
vn 0.1681 -0.9692 -0.1799
vn -0.9162 -0.3824 0.1199
vn -0.5271 0.8190 0.2269
vn -0.8300 -0.5523 0.0773
vn -0.6791 0.6946 0.2375
vn -0.7122 -0.7013 0.0318
vn -0.8046 0.5436 0.2389
vn 0.1662 -0.9658 -0.1989
vn -0.9347 -0.3482 -0.0713
vn -0.5325 0.8290 0.1708
vn -0.8479 -0.5194 -0.1066
vn -0.6879 0.7109 0.1466
vn -0.7286 -0.6709 -0.1378
vn -0.8165 0.5655 0.1167
vn -0.5813 -0.7971 -0.1638
vn -0.9134 0.3986 0.0824
vn -0.4113 -0.8928 -0.1836
vn -0.9752 0.2167 0.0450
vn -0.2253 -0.9543 -0.1963
vn -0.9996 0.0269 0.0059
vn -0.0302 -0.9790 -0.2015
vn -0.9859 -0.1638 -0.0333
vn -0.3563 0.9152 0.1885
vn -0.3996 -0.8646 -0.3045
vn -0.9589 0.2558 -0.1228
vn -0.2165 -0.9334 -0.2863
vn -0.9819 0.0693 -0.1760
vn -0.0248 -0.9661 -0.2569
vn -0.9675 -0.1198 -0.2225
vn -0.3545 0.9195 0.1698
vn 0.1681 -0.9615 -0.2176
vn -0.9163 -0.3041 -0.2605
vn -0.5271 0.8419 0.1154
vn -0.8302 -0.4770 -0.2885
vn -0.6791 0.7318 0.0567
vn -0.7123 -0.6319 -0.3056
vn -0.8047 0.5936 -0.0042
vn -0.5670 -0.7628 -0.3111
vn -0.8991 0.4329 -0.0648
vn -0.5111 0.8572 0.0627
vn -0.7777 -0.4268 -0.4616
vn -0.6532 0.7566 -0.0289
vn -0.6639 -0.5855 -0.4652
vn -0.7698 0.6270 -0.1192
vn -0.5245 -0.7221 -0.4510
vn -0.8566 0.4735 -0.2048
vn -0.3647 -0.8313 -0.4195
vn -0.9105 0.3021 -0.2824
vn -0.1906 -0.9085 -0.3718
vn -0.9294 0.1195 -0.3491
vn -0.0088 -0.9508 -0.3096
vn -0.9130 -0.0675 -0.4024
vn -0.3491 0.9247 0.1520
vn 0.1735 -0.9563 -0.2354
vn -0.8617 -0.2519 -0.4404
vn -0.8318 0.3539 -0.4276
vn -0.1484 -0.8808 -0.4496
vn -0.8441 0.1756 -0.5065
vn 0.0172 -0.9337 -0.3576
vn -0.8243 -0.0092 -0.5661
vn -0.3403 0.9305 0.1358
vn 0.1822 -0.9505 -0.2516
vn -0.7731 -0.1936 -0.6041
vn -0.4851 0.8743 0.0148
vn -0.6924 -0.3707 -0.6190
vn -0.6110 0.7844 -0.1067
vn -0.5852 -0.5338 -0.6104
vn -0.7131 0.6643 -0.2239
vn -0.4555 -0.6767 -0.5784
vn -0.7876 0.5189 -0.3322
vn -0.3080 -0.7940 -0.5242
vn -0.5776 -0.3108 -0.7549
vn -0.5543 0.8140 -0.1738
vn -0.4793 -0.4786 -0.7357
vn -0.6368 0.7041 -0.3141
vn -0.3626 -0.6283 -0.6883
vn -0.6947 0.5674 -0.4421
vn -0.2317 -0.7542 -0.6145
vn -0.7259 0.4091 -0.5529
vn -0.0917 -0.8512 -0.5168
vn -0.7293 0.2355 -0.6424
vn 0.0521 -0.9155 -0.3990
vn -0.7049 0.0530 -0.7073
vn -0.3285 0.9366 0.1218
vn 0.1941 -0.9444 -0.2656
vn -0.6537 -0.1313 -0.7453
vn -0.4502 0.8926 -0.0266
vn -0.0225 -0.8209 -0.5706
vn -0.5894 0.2968 -0.7514
vn 0.0947 -0.8968 -0.4321
vn -0.5594 0.1168 -0.8206
vn -0.3141 0.9429 0.1106
vn 0.2084 -0.9381 -0.2768
vn -0.5082 -0.0676 -0.8586
vn -0.4075 0.9112 -0.0598
vn -0.4376 -0.2495 -0.8639
vn -0.4851 0.8443 -0.2277
vn -0.3503 -0.4220 -0.8362
vn -0.5438 0.7449 -0.3866
vn -0.2494 -0.5787 -0.7765
vn -0.5815 0.6170 -0.5303
vn -0.1387 -0.7134 -0.6869
vn -0.5969 0.4657 -0.6534
vn -0.4062 0.8741 -0.2662
vn -0.2030 -0.3663 -0.9081
vn -0.4377 0.7850 -0.4384
vn -0.1202 -0.5298 -0.8396
vn -0.4523 0.6658 -0.5933
vn -0.0326 -0.6733 -0.7387
vn -0.4496 0.5214 -0.7253
vn 0.0564 -0.7910 -0.6092
vn -0.4297 0.3572 -0.8293
vn 0.1434 -0.8784 -0.4559
vn -0.3935 0.1796 -0.9016
vn -0.2977 0.9491 0.1026
vn 0.2249 -0.9318 -0.2848
vn -0.3422 -0.0048 -0.9396
vn -0.3589 0.9296 -0.0835
vn -0.2780 -0.1891 -0.9418
vn -0.2565 0.4144 -0.8732
vn 0.1961 -0.8610 -0.4693
vn -0.2133 0.2390 -0.9473
vn -0.2799 0.9550 0.0981
vn 0.2427 -0.9260 -0.2893
vn -0.1621 0.0547 -0.9853
vn -0.3061 0.9470 -0.0969
vn -0.1047 -0.1319 -0.9857
vn -0.3206 0.9024 -0.2879
vn -0.0432 -0.3136 -0.9486
vn -0.3226 0.8230 -0.4675
vn 0.0200 -0.4835 -0.8751
vn -0.3122 0.7121 -0.6289
vn 0.0826 -0.6353 -0.7679
vn -0.2898 0.5741 -0.7658
vn 0.1421 -0.7628 -0.6309
vt 0.750000 0.125000
vt 0.750000 0.187500
vt 0.718750 0.187500
vt 0.718750 0.125000
vt 0.750000 0.562500
vt 0.750000 0.625000
vt 0.718750 0.625000
vt 0.718750 0.562500
vt 0.750000 0.062500
vt 0.718750 0.062500
vt 0.750000 0.500000
vt 0.718750 0.500000
vt 0.750000 0.937500
vt 0.734375 1.000000
vt 0.718750 0.937500
vt 0.734375 0.000000
vt 0.750000 0.437500
vt 0.718750 0.437500
vt 0.750000 0.875000
vt 0.718750 0.875000
vt 0.750000 0.375000
vt 0.718750 0.375000
vt 0.750000 0.812500
vt 0.718750 0.812500
vt 0.750000 0.312500
vt 0.718750 0.312500
vt 0.750000 0.750000
vt 0.718750 0.750000
vt 0.750000 0.250000
vt 0.718750 0.250000
vt 0.750000 0.687500
vt 0.718750 0.687500
vt 0.687500 0.250000
vt 0.687500 0.187500
vt 0.687500 0.687500
vt 0.687500 0.625000
vt 0.687500 0.125000
vt 0.687500 0.562500
vt 0.687500 0.062500
vt 0.687500 0.500000
vt 0.703125 1.000000
vt 0.687500 0.937500
vt 0.703125 0.000000
vt 0.687500 0.437500
vt 0.687500 0.875000
vt 0.687500 0.375000
vt 0.687500 0.812500
vt 0.687500 0.312500
vt 0.687500 0.750000
vt 0.656250 0.937500
vt 0.656250 0.875000
vt 0.656250 0.437500
vt 0.656250 0.375000
vt 0.656250 0.812500
vt 0.656250 0.312500
vt 0.656250 0.750000
vt 0.656250 0.250000
vt 0.656250 0.687500
vt 0.656250 0.187500
vt 0.656250 0.625000
vt 0.656250 0.125000
vt 0.656250 0.562500
vt 0.656250 0.062500
vt 0.656250 0.500000
vt 0.671875 1.000000
vt 0.671875 0.000000
vt 0.625000 0.687500
vt 0.625000 0.625000
vt 0.625000 0.187500
vt 0.625000 0.125000
vt 0.625000 0.562500
vt 0.625000 0.062500
vt 0.625000 0.500000
vt 0.640625 1.000000
vt 0.625000 0.937500
vt 0.640625 0.000000
vt 0.625000 0.437500
vt 0.625000 0.875000
vt 0.625000 0.375000
vt 0.625000 0.812500
vt 0.625000 0.312500
vt 0.625000 0.750000
vt 0.625000 0.250000
vt 0.593750 0.437500
vt 0.593750 0.375000
vt 0.593750 0.875000
vt 0.593750 0.812500
vt 0.593750 0.312500
vt 0.593750 0.750000
vt 0.593750 0.250000
vt 0.593750 0.687500
vt 0.593750 0.187500
vt 0.593750 0.625000
vt 0.593750 0.125000
vt 0.593750 0.562500
vt 0.593750 0.062500
vt 0.593750 0.500000
vt 0.609375 1.000000
vt 0.593750 0.937500
vt 0.609375 0.000000
vt 0.562500 0.187500
vt 0.562500 0.125000
vt 0.562500 0.625000
vt 0.562500 0.562500
vt 0.562500 0.062500
vt 0.562500 0.500000
vt 0.578125 1.000000
vt 0.562500 0.937500
vt 0.578125 0.000000
vt 0.562500 0.437500
vt 0.562500 0.875000
vt 0.562500 0.375000
vt 0.562500 0.812500
vt 0.562500 0.312500
vt 0.562500 0.750000
vt 0.562500 0.250000
vt 0.562500 0.687500
vt 0.531250 0.375000
vt 0.531250 0.312500
vt 0.531250 0.812500
vt 0.531250 0.750000
vt 0.531250 0.250000
vt 0.531250 0.687500
vt 0.531250 0.187500
vt 0.531250 0.625000
vt 0.531250 0.125000
vt 0.531250 0.562500
vt 0.531250 0.062500
vt 0.531250 0.500000
vt 0.546875 1.000000
vt 0.531250 0.937500
vt 0.546875 0.000000
vt 0.531250 0.437500
vt 0.531250 0.875000
vt 0.500000 0.125000
vt 0.500000 0.062500
vt 0.500000 0.562500
vt 0.500000 0.500000
vt 0.515625 1.000000
vt 0.500000 0.937500
vt 0.515625 0.000000
vt 0.500000 0.437500
vt 0.500000 0.875000
vt 0.500000 0.375000
vt 0.500000 0.812500
vt 0.500000 0.312500
vt 0.500000 0.750000
vt 0.500000 0.250000
vt 0.500000 0.687500
vt 0.500000 0.187500
vt 0.500000 0.625000
vt 0.468750 0.812500
vt 0.468750 0.750000
vt 0.468750 0.312500
vt 0.468750 0.250000
vt 0.468750 0.687500
vt 0.468750 0.187500
vt 0.468750 0.625000
vt 0.468750 0.125000
vt 0.468750 0.562500
vt 0.468750 0.062500
vt 0.468750 0.500000
vt 0.484375 1.000000
vt 0.468750 0.937500
vt 0.484375 0.000000
vt 0.468750 0.437500
vt 0.468750 0.875000
vt 0.468750 0.375000
vt 0.437500 0.562500
vt 0.437500 0.500000
vt 0.453125 1.000000
vt 0.437500 0.937500
vt 0.453125 0.000000
vt 0.437500 0.062500
vt 0.437500 0.437500
vt 0.437500 0.875000
vt 0.437500 0.375000
vt 0.437500 0.812500
vt 0.437500 0.312500
vt 0.437500 0.750000
vt 0.437500 0.250000
vt 0.437500 0.687500
vt 0.437500 0.187500
vt 0.437500 0.625000
vt 0.437500 0.125000
vt 0.406250 0.312500
vt 0.406250 0.250000
vt 0.406250 0.750000
vt 0.406250 0.687500
vt 0.406250 0.187500
vt 0.406250 0.625000
vt 0.406250 0.125000
vt 0.406250 0.562500
vt 0.406250 0.062500
vt 0.406250 0.500000
vt 0.421875 1.000000
vt 0.406250 0.937500
vt 0.421875 0.000000
vt 0.406250 0.437500
vt 0.406250 0.875000
vt 0.406250 0.375000
vt 0.406250 0.812500
vt 0.390625 1.000000
vt 0.375000 0.937500
vt 0.390625 0.000000
vt 0.375000 0.062500
vt 0.375000 0.500000
vt 0.375000 0.437500
vt 0.375000 0.875000
vt 0.375000 0.375000
vt 0.375000 0.812500
vt 0.375000 0.312500
vt 0.375000 0.750000
vt 0.375000 0.250000
vt 0.375000 0.687500
vt 0.375000 0.187500
vt 0.375000 0.625000
vt 0.375000 0.125000
vt 0.375000 0.562500
vt 0.343750 0.750000
vt 0.343750 0.687500
vt 0.343750 0.250000
vt 0.343750 0.187500
vt 0.343750 0.625000
vt 0.343750 0.125000
vt 0.343750 0.562500
vt 0.343750 0.062500
vt 0.343750 0.500000
vt 0.359375 1.000000
vt 0.343750 0.937500
vt 0.359375 0.000000
vt 0.343750 0.437500
vt 0.343750 0.875000
vt 0.343750 0.375000
vt 0.343750 0.812500
vt 0.343750 0.312500
vt 0.312500 0.500000
vt 0.312500 0.437500
vt 0.312500 0.937500
vt 0.312500 0.875000
vt 0.312500 0.375000
vt 0.312500 0.812500
vt 0.312500 0.312500
vt 0.312500 0.750000
vt 0.312500 0.250000
vt 0.312500 0.687500
vt 0.312500 0.187500
vt 0.312500 0.625000
vt 0.312500 0.125000
vt 0.312500 0.562500
vt 0.312500 0.062500
vt 0.328125 1.000000
vt 0.328125 0.000000
vt 0.281250 0.250000
vt 0.281250 0.187500
vt 0.281250 0.687500
vt 0.281250 0.625000
vt 0.281250 0.125000
vt 0.281250 0.562500
vt 0.281250 0.062500
vt 0.281250 0.500000
vt 0.296875 1.000000
vt 0.281250 0.937500
vt 0.296875 0.000000
vt 0.281250 0.437500
vt 0.281250 0.875000
vt 0.281250 0.375000
vt 0.281250 0.812500
vt 0.281250 0.312500
vt 0.281250 0.750000
vt 0.250000 0.437500
vt 0.250000 0.375000
vt 0.250000 0.875000
vt 0.250000 0.812500
vt 0.250000 0.312500
vt 0.250000 0.750000
vt 0.250000 0.250000
vt 0.250000 0.687500
vt 0.250000 0.187500
vt 0.250000 0.625000
vt 0.250000 0.125000
vt 0.250000 0.562500
vt 0.250000 0.062500
vt 0.250000 0.500000
vt 0.265625 1.000000
vt 0.250000 0.937500
vt 0.265625 0.000000
vt 0.218750 0.187500
vt 0.218750 0.125000
vt 0.218750 0.625000
vt 0.218750 0.562500
vt 0.218750 0.062500
vt 0.218750 0.500000
vt 0.234375 1.000000
vt 0.218750 0.937500
vt 0.234375 0.000000
vt 0.218750 0.437500
vt 0.218750 0.875000
vt 0.218750 0.375000
vt 0.218750 0.812500
vt 0.218750 0.312500
vt 0.218750 0.750000
vt 0.218750 0.250000
vt 0.218750 0.687500
vt 0.187500 0.875000
vt 0.187500 0.812500
vt 0.187500 0.375000
vt 0.187500 0.312500
vt 0.187500 0.750000
vt 0.187500 0.250000
vt 0.187500 0.687500
vt 0.187500 0.187500
vt 0.187500 0.625000
vt 0.187500 0.125000
vt 0.187500 0.562500
vt 0.187500 0.062500
vt 0.187500 0.500000
vt 0.203125 1.000000
vt 0.187500 0.937500
vt 0.203125 0.000000
vt 0.187500 0.437500
vt 0.156250 0.625000
vt 0.156250 0.562500
vt 0.156250 0.125000
vt 0.156250 0.062500
vt 0.156250 0.500000
vt 0.171875 1.000000
vt 0.156250 0.937500
vt 0.171875 0.000000
vt 0.156250 0.437500
vt 0.156250 0.875000
vt 0.156250 0.375000
vt 0.156250 0.812500
vt 0.156250 0.312500
vt 0.156250 0.750000
vt 0.156250 0.250000
vt 0.156250 0.687500
vt 0.156250 0.187500
vt 0.125000 0.375000
vt 0.125000 0.312500
vt 0.125000 0.812500
vt 0.125000 0.750000
vt 0.125000 0.250000
vt 0.125000 0.687500
vt 0.125000 0.187500
vt 0.125000 0.625000
vt 0.125000 0.125000
vt 0.125000 0.562500
vt 0.125000 0.062500
vt 0.125000 0.500000
vt 0.140625 1.000000
vt 0.125000 0.937500
vt 0.140625 0.000000
vt 0.125000 0.437500
vt 0.125000 0.875000
vt 0.093750 0.125000
vt 0.093750 0.062500
vt 0.093750 0.562500
vt 0.093750 0.500000
vt 0.109375 1.000000
vt 0.093750 0.937500
vt 0.109375 0.000000
vt 0.093750 0.437500
vt 0.093750 0.875000
vt 0.093750 0.375000
vt 0.093750 0.812500
vt 0.093750 0.312500
vt 0.093750 0.750000
vt 0.093750 0.250000
vt 0.093750 0.687500
vt 0.093750 0.187500
vt 0.093750 0.625000
vt 0.062500 0.812500
vt 0.062500 0.750000
vt 0.062500 0.312500
vt 0.062500 0.250000
vt 0.062500 0.687500
vt 0.062500 0.187500
vt 0.062500 0.625000
vt 0.062500 0.125000
vt 0.062500 0.562500
vt 0.062500 0.062500
vt 0.062500 0.500000
vt 0.078125 1.000000
vt 0.062500 0.937500
vt 0.078125 0.000000
vt 0.062500 0.437500
vt 0.062500 0.875000
vt 0.062500 0.375000
vt 0.031250 0.562500
vt 0.031250 0.500000
vt 0.046875 1.000000
vt 0.031250 0.937500
vt 0.046875 0.000000
vt 0.031250 0.062500
vt 0.031250 0.437500
vt 0.031250 0.875000
vt 0.031250 0.375000
vt 0.031250 0.812500
vt 0.031250 0.312500
vt 0.031250 0.750000
vt 0.031250 0.250000
vt 0.031250 0.687500
vt 0.031250 0.187500
vt 0.031250 0.625000
vt 0.031250 0.125000
vt 0.000000 0.312500
vt 0.000000 0.250000
vt 0.000000 0.750000
vt 0.000000 0.687500
vt 0.000000 0.187500
vt 0.000000 0.625000
vt 0.000000 0.125000
vt 0.000000 0.562500
vt 0.000000 0.062500
vt 0.000000 0.500000
vt 0.015625 1.000000
vt 0.000000 0.937500
vt 0.015625 0.000000
vt 0.000000 0.437500
vt 0.000000 0.875000
vt 0.000000 0.375000
vt 0.000000 0.812500
vt 0.984375 0.000000
vt 1.000000 0.062500
vt 0.968750 0.062500
vt 1.000000 0.437500
vt 1.000000 0.500000
vt 0.968750 0.500000
vt 0.968750 0.437500
vt 1.000000 0.875000
vt 1.000000 0.937500
vt 0.968750 0.937500
vt 0.968750 0.875000
vt 1.000000 0.375000
vt 0.968750 0.375000
vt 1.000000 0.812500
vt 0.968750 0.812500
vt 1.000000 0.312500
vt 0.968750 0.312500
vt 1.000000 0.750000
vt 0.968750 0.750000
vt 1.000000 0.250000
vt 0.968750 0.250000
vt 1.000000 0.687500
vt 0.968750 0.687500
vt 1.000000 0.187500
vt 0.968750 0.187500
vt 1.000000 0.625000
vt 0.968750 0.625000
vt 1.000000 0.125000
vt 0.968750 0.125000
vt 1.000000 0.562500
vt 0.968750 0.562500
vt 0.984375 1.000000
vt 0.937500 0.250000
vt 0.937500 0.187500
vt 0.937500 0.687500
vt 0.937500 0.625000
vt 0.937500 0.125000
vt 0.937500 0.562500
vt 0.937500 0.062500
vt 0.937500 0.500000
vt 0.953125 1.000000
vt 0.937500 0.937500
vt 0.953125 0.000000
vt 0.937500 0.437500
vt 0.937500 0.875000
vt 0.937500 0.375000
vt 0.937500 0.812500
vt 0.937500 0.312500
vt 0.937500 0.750000
vt 0.906250 0.937500
vt 0.906250 0.875000
vt 0.906250 0.437500
vt 0.906250 0.375000
vt 0.906250 0.812500
vt 0.906250 0.312500
vt 0.906250 0.750000
vt 0.906250 0.250000
vt 0.906250 0.687500
vt 0.906250 0.187500
vt 0.906250 0.625000
vt 0.906250 0.125000
vt 0.906250 0.562500
vt 0.906250 0.062500
vt 0.906250 0.500000
vt 0.921875 1.000000
vt 0.921875 0.000000
vt 0.875000 0.687500
vt 0.875000 0.625000
vt 0.875000 0.187500
vt 0.875000 0.125000
vt 0.875000 0.562500
vt 0.875000 0.062500
vt 0.875000 0.500000
vt 0.890625 1.000000
vt 0.875000 0.937500
vt 0.890625 0.000000
vt 0.875000 0.437500
vt 0.875000 0.875000
vt 0.875000 0.375000
vt 0.875000 0.812500
vt 0.875000 0.312500
vt 0.875000 0.750000
vt 0.875000 0.250000
vt 0.843750 0.437500
vt 0.843750 0.375000
vt 0.843750 0.875000
vt 0.843750 0.812500
vt 0.843750 0.312500
vt 0.843750 0.750000
vt 0.843750 0.250000
vt 0.843750 0.687500
vt 0.843750 0.187500
vt 0.843750 0.625000
vt 0.843750 0.125000
vt 0.843750 0.562500
vt 0.843750 0.062500
vt 0.843750 0.500000
vt 0.859375 1.000000
vt 0.843750 0.937500
vt 0.859375 0.000000
vt 0.812500 0.187500
vt 0.812500 0.125000
vt 0.812500 0.625000
vt 0.812500 0.562500
vt 0.812500 0.062500
vt 0.812500 0.500000
vt 0.828125 1.000000
vt 0.812500 0.937500
vt 0.828125 0.000000
vt 0.812500 0.437500
vt 0.812500 0.875000
vt 0.812500 0.375000
vt 0.812500 0.812500
vt 0.812500 0.312500
vt 0.812500 0.750000
vt 0.812500 0.250000
vt 0.812500 0.687500
vt 0.781250 0.875000
vt 0.781250 0.812500
vt 0.781250 0.375000
vt 0.781250 0.312500
vt 0.781250 0.750000
vt 0.781250 0.250000
vt 0.781250 0.687500
vt 0.781250 0.187500
vt 0.781250 0.625000
vt 0.781250 0.125000
vt 0.781250 0.562500
vt 0.781250 0.062500
vt 0.781250 0.500000
vt 0.796875 1.000000
vt 0.781250 0.937500
vt 0.796875 0.000000
vt 0.781250 0.437500
vt 0.765625 1.000000
vt 0.765625 0.000000
s 0
usemtl Material.007
f 722/106/39 721/107/39 262/108/39 263/109/39
f 245/110/40 718/111/40 255/112/40 256/113/40
f 723/114/41 722/106/41 263/109/41 264/115/41
f 246/116/42 245/110/42 256/113/42 257/117/42
f 715/118/43 242/119/43 250/120/43
f 249/121/44 723/114/44 264/115/44
f 247/122/45 246/116/45 257/117/45 258/123/45
f 716/124/46 715/118/46 250/120/46 251/125/46
f 719/126/47 247/122/47 258/123/47 259/127/47
f 243/128/48 716/124/48 251/125/48 252/129/48
f 248/130/49 719/126/49 259/127/49 260/131/49
f 717/132/50 243/128/50 252/129/50 253/133/50
f 720/134/51 248/130/51 260/131/51 261/135/51
f 244/136/52 717/132/52 253/133/52 254/137/52
f 721/107/53 720/134/53 261/135/53 262/108/53
f 718/111/54 244/136/54 254/137/54 255/112/54
f 262/108/55 261/135/55 276/138/55 277/139/55
f 255/112/56 254/137/56 269/140/56 270/141/56
f 263/109/57 262/108/57 277/139/57 278/142/57
f 256/113/58 255/112/58 270/141/58 271/143/58
f 264/115/59 263/109/59 278/142/59 279/144/59
f 257/117/60 256/113/60 271/143/60 272/145/60
f 250/120/61 242/146/61 265/147/61
f 249/148/62 264/115/62 279/144/62
f 258/123/63 257/117/63 272/145/63 273/149/63
f 251/125/64 250/120/64 265/147/64 266/150/64
f 259/127/65 258/123/65 273/149/65 274/151/65
f 252/129/66 251/125/66 266/150/66 267/152/66
f 260/131/67 259/127/67 274/151/67 275/153/67
f 253/133/68 252/129/68 267/152/68 268/154/68
f 261/135/69 260/131/69 275/153/69 276/138/69
f 254/137/70 253/133/70 268/154/70 269/140/70
f 266/150/71 265/147/71 280/155/71 281/156/71
f 274/151/72 273/149/72 288/157/72 289/158/72
f 267/152/73 266/150/73 281/156/73 282/159/73
f 275/153/74 274/151/74 289/158/74 290/160/74
f 268/154/75 267/152/75 282/159/75 283/161/75
f 276/138/76 275/153/76 290/160/76 291/162/76
f 269/140/77 268/154/77 283/161/77 284/163/77
f 277/139/78 276/138/78 291/162/78 292/164/78
f 270/141/79 269/140/79 284/163/79 285/165/79
f 278/142/80 277/139/80 292/164/80 293/166/80
f 271/143/81 270/141/81 285/165/81 286/167/81
f 279/144/82 278/142/82 293/166/82 294/168/82
f 272/145/83 271/143/83 286/167/83 287/169/83
f 265/147/84 242/170/84 280/155/84
f 249/171/85 279/144/85 294/168/85
f 273/149/86 272/145/86 287/169/86 288/157/86
f 285/165/87 284/163/87 299/172/87 300/173/87
f 293/166/88 292/164/88 307/174/88 308/175/88
f 286/167/89 285/165/89 300/173/89 301/176/89
f 294/168/90 293/166/90 308/175/90 309/177/90
f 287/169/91 286/167/91 301/176/91 302/178/91
f 280/155/92 242/179/92 295/180/92
f 249/181/93 294/168/93 309/177/93
f 288/157/94 287/169/94 302/178/94 303/182/94
f 281/156/95 280/155/95 295/180/95 296/183/95
f 289/158/96 288/157/96 303/182/96 304/184/96
f 282/159/97 281/156/97 296/183/97 297/185/97
f 290/160/98 289/158/98 304/184/98 305/186/98
f 283/161/99 282/159/99 297/185/99 298/187/99
f 291/162/100 290/160/100 305/186/100 306/188/100
f 284/163/101 283/161/101 298/187/101 299/172/101
f 292/164/102 291/162/102 306/188/102 307/174/102
f 304/184/103 303/182/103 318/189/103 319/190/103
f 297/185/104 296/183/104 311/191/104 312/192/104
f 305/186/105 304/184/105 319/190/105 320/193/105
f 298/187/106 297/185/106 312/192/106 313/194/106
f 306/188/107 305/186/107 320/193/107 321/195/107
f 299/172/108 298/187/108 313/194/108 314/196/108
f 307/174/109 306/188/109 321/195/109 322/197/109
f 300/173/110 299/172/110 314/196/110 315/198/110
f 308/175/111 307/174/111 322/197/111 323/199/111
f 301/176/112 300/173/112 315/198/112 316/200/112
f 309/177/113 308/175/113 323/199/113 324/201/113
f 302/178/114 301/176/114 316/200/114 317/202/114
f 295/180/115 242/203/115 310/204/115
f 249/205/116 309/177/116 324/201/116
f 303/182/117 302/178/117 317/202/117 318/189/117
f 296/183/118 295/180/118 310/204/118 311/191/118
f 323/199/119 322/197/119 337/206/119 338/207/119
f 316/200/120 315/198/120 330/208/120 331/209/120
f 324/201/121 323/199/121 338/207/121 339/210/121
f 317/202/122 316/200/122 331/209/122 332/211/122
f 310/204/123 242/212/123 325/213/123
f 249/214/124 324/201/124 339/210/124
f 318/189/125 317/202/125 332/211/125 333/215/125
f 311/191/126 310/204/126 325/213/126 326/216/126
f 319/190/127 318/189/127 333/215/127 334/217/127
f 312/192/128 311/191/128 326/216/128 327/218/128
f 320/193/129 319/190/129 334/217/129 335/219/129
f 313/194/130 312/192/130 327/218/130 328/220/130
f 321/195/131 320/193/131 335/219/131 336/221/131
f 314/196/132 313/194/132 328/220/132 329/222/132
f 322/197/133 321/195/133 336/221/133 337/206/133
f 315/198/134 314/196/134 329/222/134 330/208/134
f 335/219/135 334/217/135 349/223/135 350/224/135
f 328/220/136 327/218/136 342/225/136 343/226/136
f 336/221/137 335/219/137 350/224/137 351/227/137
f 329/222/138 328/220/138 343/226/138 344/228/138
f 337/206/139 336/221/139 351/227/139 352/229/139
f 330/208/140 329/222/140 344/228/140 345/230/140
f 338/207/141 337/206/141 352/229/141 353/231/141
f 331/209/142 330/208/142 345/230/142 346/232/142
f 339/210/143 338/207/143 353/231/143 354/233/143
f 332/211/144 331/209/144 346/232/144 347/234/144
f 325/213/145 242/235/145 340/236/145
f 249/237/146 339/210/146 354/233/146
f 333/215/147 332/211/147 347/234/147 348/238/147
f 326/216/148 325/213/148 340/236/148 341/239/148
f 334/217/149 333/215/149 348/238/149 349/223/149
f 327/218/150 326/216/150 341/239/150 342/225/150
f 354/233/151 353/231/151 368/240/151 369/241/151
f 347/234/152 346/232/152 361/242/152 362/243/152
f 340/236/153 242/244/153 355/245/153
f 249/246/154 354/233/154 369/241/154
f 348/238/155 347/234/155 362/243/155 363/247/155
f 341/239/156 340/236/156 355/245/156 356/248/156
f 349/223/157 348/238/157 363/247/157 364/249/157
f 342/225/158 341/239/158 356/248/158 357/250/158
f 350/224/159 349/223/159 364/249/159 365/251/159
f 343/226/160 342/225/160 357/250/160 358/252/160
f 351/227/161 350/224/161 365/251/161 366/253/161
f 344/228/162 343/226/162 358/252/162 359/254/162
f 352/229/163 351/227/163 366/253/163 367/255/163
f 345/230/164 344/228/164 359/254/164 360/256/164
f 353/231/165 352/229/165 367/255/165 368/240/165
f 346/232/166 345/230/166 360/256/166 361/242/166
f 358/252/167 357/250/167 372/257/167 373/258/167
f 366/253/168 365/251/168 380/259/168 381/260/168
f 359/254/169 358/252/169 373/258/169 374/261/169
f 367/255/170 366/253/170 381/260/170 382/262/170
f 360/256/171 359/254/171 374/261/171 375/263/171
f 368/240/172 367/255/172 382/262/172 383/264/172
f 361/242/173 360/256/173 375/263/173 376/265/173
f 369/241/174 368/240/174 383/264/174 384/266/174
f 362/243/175 361/242/175 376/265/175 377/267/175
f 355/245/176 242/268/176 370/269/176
f 249/270/177 369/241/177 384/266/177
f 363/247/178 362/243/178 377/267/178 378/271/178
f 356/248/179 355/245/179 370/269/179 371/272/179
f 364/249/180 363/247/180 378/271/180 379/273/180
f 357/250/181 356/248/181 371/272/181 372/257/181
f 365/251/182 364/249/182 379/273/182 380/259/182
f 377/267/183 376/265/183 391/274/183 392/275/183
f 370/269/184 242/276/184 385/277/184
f 249/278/185 384/266/185 399/279/185
f 378/271/186 377/267/186 392/275/186 393/280/186
f 371/272/187 370/269/187 385/277/187 386/281/187
f 379/273/188 378/271/188 393/280/188 394/282/188
f 372/257/189 371/272/189 386/281/189 387/283/189
f 380/259/190 379/273/190 394/282/190 395/284/190
f 373/258/191 372/257/191 387/283/191 388/285/191
f 381/260/192 380/259/192 395/284/192 396/286/192
f 374/261/193 373/258/193 388/285/193 389/287/193
f 382/262/194 381/260/194 396/286/194 397/288/194
f 375/263/195 374/261/195 389/287/195 390/289/195
f 383/264/196 382/262/196 397/288/196 398/290/196
f 376/265/197 375/263/197 390/289/197 391/274/197
f 384/266/198 383/264/198 398/290/198 399/279/198
f 396/286/199 395/284/199 410/291/199 411/292/199
f 389/287/200 388/285/200 403/293/200 404/294/200
f 397/288/201 396/286/201 411/292/201 412/295/201
f 390/289/202 389/287/202 404/294/202 405/296/202
f 398/290/203 397/288/203 412/295/203 413/297/203
f 391/274/204 390/289/204 405/296/204 406/298/204
f 399/279/205 398/290/205 413/297/205 414/299/205
f 392/275/206 391/274/206 406/298/206 407/300/206
f 385/277/207 242/301/207 400/302/207
f 249/303/208 399/279/208 414/299/208
f 393/280/209 392/275/209 407/300/209 408/304/209
f 386/281/210 385/277/210 400/302/210 401/305/210
f 394/282/211 393/280/211 408/304/211 409/306/211
f 387/283/212 386/281/212 401/305/212 402/307/212
f 395/284/213 394/282/213 409/306/213 410/291/213
f 388/285/214 387/283/214 402/307/214 403/293/214
f 400/302/215 242/308/215 415/309/215
f 249/310/216 414/299/216 429/311/216
f 408/304/217 407/300/217 422/312/217 423/313/217
f 401/305/218 400/302/218 415/309/218 416/314/218
f 409/306/219 408/304/219 423/313/219 424/315/219
f 402/307/220 401/305/220 416/314/220 417/316/220
f 410/291/221 409/306/221 424/315/221 425/317/221
f 403/293/222 402/307/222 417/316/222 418/318/222
f 411/292/223 410/291/223 425/317/223 426/319/223
f 404/294/224 403/293/224 418/318/224 419/320/224
f 412/295/225 411/292/225 426/319/225 427/321/225
f 405/296/226 404/294/226 419/320/226 420/322/226
f 413/297/227 412/295/227 427/321/227 428/323/227
f 406/298/228 405/296/228 420/322/228 421/324/228
f 414/299/229 413/297/229 428/323/229 429/311/229
f 407/300/230 406/298/230 421/324/230 422/312/230
f 419/320/231 418/318/231 433/325/231 434/326/231
f 427/321/232 426/319/232 441/327/232 442/328/232
f 420/322/233 419/320/233 434/326/233 435/329/233
f 428/323/234 427/321/234 442/328/234 443/330/234
f 421/324/235 420/322/235 435/329/235 436/331/235
f 429/311/236 428/323/236 443/330/236 444/332/236
f 422/312/237 421/324/237 436/331/237 437/333/237
f 415/309/238 242/334/238 430/335/238
f 249/336/239 429/311/239 444/332/239
f 423/313/240 422/312/240 437/333/240 438/337/240
f 416/314/241 415/309/241 430/335/241 431/338/241
f 424/315/242 423/313/242 438/337/242 439/339/242
f 417/316/243 416/314/243 431/338/243 432/340/243
f 425/317/244 424/315/244 439/339/244 440/341/244
f 418/318/245 417/316/245 432/340/245 433/325/245
f 426/319/246 425/317/246 440/341/246 441/327/246
f 438/337/247 437/333/247 452/342/247 453/343/247
f 431/338/248 430/335/248 445/344/248 446/345/248
f 439/339/249 438/337/249 453/343/249 454/346/249
f 432/340/250 431/338/250 446/345/250 447/347/250
f 440/341/251 439/339/251 454/346/251 455/348/251
f 433/325/252 432/340/252 447/347/252 448/349/252
f 441/327/253 440/341/253 455/348/253 456/350/253
f 434/326/254 433/325/254 448/349/254 449/351/254
f 442/328/255 441/327/255 456/350/255 457/352/255
f 435/329/256 434/326/256 449/351/256 450/353/256
f 443/330/257 442/328/257 457/352/257 458/354/257
f 436/331/258 435/329/258 450/353/258 451/355/258
f 444/332/259 443/330/259 458/354/259 459/356/259
f 437/333/260 436/331/260 451/355/260 452/342/260
f 430/335/261 242/357/261 445/344/261
f 249/358/262 444/332/262 459/356/262
f 457/352/263 456/350/263 471/359/263 472/360/263
f 450/353/264 449/351/264 464/361/264 465/362/264
f 458/354/265 457/352/265 472/360/265 473/363/265
f 451/355/266 450/353/266 465/362/266 466/364/266
f 459/356/267 458/354/267 473/363/267 474/365/267
f 452/342/268 451/355/268 466/364/268 467/366/268
f 445/344/269 242/367/269 460/368/269
f 249/369/270 459/356/270 474/365/270
f 453/343/271 452/342/271 467/366/271 468/370/271
f 446/345/272 445/344/272 460/368/272 461/371/272
f 454/346/273 453/343/273 468/370/273 469/372/273
f 447/347/274 446/345/274 461/371/274 462/373/274
f 455/348/275 454/346/275 469/372/275 470/374/275
f 448/349/276 447/347/276 462/373/276 463/375/276
f 456/350/277 455/348/277 470/374/277 471/359/277
f 449/351/278 448/349/278 463/375/278 464/361/278
f 469/372/279 468/370/279 483/376/279 484/377/279
f 462/373/280 461/371/280 476/378/280 477/379/280
f 470/374/281 469/372/281 484/377/281 485/380/281
f 463/375/282 462/373/282 477/379/282 478/381/282
f 471/359/283 470/374/283 485/380/283 486/382/283
f 464/361/284 463/375/284 478/381/284 479/383/284
f 472/360/285 471/359/285 486/382/285 487/384/285
f 465/362/286 464/361/286 479/383/286 480/385/286
f 473/363/287 472/360/287 487/384/287 488/386/287
f 466/364/288 465/362/288 480/385/288 481/387/288
f 474/365/289 473/363/289 488/386/289 489/388/289
f 467/366/290 466/364/290 481/387/290 482/389/290
f 460/368/291 242/390/291 475/391/291
f 249/392/292 474/365/292 489/388/292
f 468/370/293 467/366/293 482/389/293 483/376/293
f 461/371/294 460/368/294 475/391/294 476/378/294
f 488/386/295 487/384/295 502/393/295 503/394/295
f 481/387/296 480/385/296 495/395/296 496/396/296
f 489/388/297 488/386/297 503/394/297 504/397/297
f 482/389/298 481/387/298 496/396/298 497/398/298
f 475/391/299 242/399/299 490/400/299
f 249/401/300 489/388/300 504/397/300
f 483/376/301 482/389/301 497/398/301 498/402/301
f 476/378/302 475/391/302 490/400/302 491/403/302
f 484/377/303 483/376/303 498/402/303 499/404/303
f 477/379/304 476/378/304 491/403/304 492/405/304
f 485/380/305 484/377/305 499/404/305 500/406/305
f 478/381/306 477/379/306 492/405/306 493/407/306
f 486/382/307 485/380/307 500/406/307 501/408/307
f 479/383/308 478/381/308 493/407/308 494/409/308
f 487/384/309 486/382/309 501/408/309 502/393/309
f 480/385/310 479/383/310 494/409/310 495/395/310
f 492/405/311 491/403/311 506/410/311 507/411/311
f 500/406/312 499/404/312 514/412/312 515/413/312
f 493/407/313 492/405/313 507/411/313 508/414/313
f 501/408/314 500/406/314 515/413/314 516/415/314
f 494/409/315 493/407/315 508/414/315 509/416/315
f 502/393/316 501/408/316 516/415/316 517/417/316
f 495/395/317 494/409/317 509/416/317 510/418/317
f 503/394/318 502/393/318 517/417/318 518/419/318
f 496/396/319 495/395/319 510/418/319 511/420/319
f 504/397/320 503/394/320 518/419/320 519/421/320
f 497/398/321 496/396/321 511/420/321 512/422/321
f 490/400/322 242/423/322 505/424/322
f 249/425/323 504/397/323 519/421/323
f 498/402/324 497/398/324 512/422/324 513/426/324
f 491/403/325 490/400/325 505/424/325 506/410/325
f 499/404/326 498/402/326 513/426/326 514/412/326
f 511/420/327 510/418/327 525/427/327 526/428/327
f 519/421/328 518/419/328 533/429/328 534/430/328
f 512/422/329 511/420/329 526/428/329 527/431/329
f 505/424/330 242/432/330 520/433/330
f 249/434/331 519/421/331 534/430/331
f 513/426/332 512/422/332 527/431/332 528/435/332
f 506/410/333 505/424/333 520/433/333 521/436/333
f 514/412/334 513/426/334 528/435/334 529/437/334
f 507/411/335 506/410/335 521/436/335 522/438/335
f 515/413/336 514/412/336 529/437/336 530/439/336
f 508/414/337 507/411/337 522/438/337 523/440/337
f 516/415/338 515/413/338 530/439/338 531/441/338
f 509/416/339 508/414/339 523/440/339 524/442/339
f 517/417/340 516/415/340 531/441/340 532/443/340
f 510/418/341 509/416/341 524/442/341 525/427/341
f 518/419/342 517/417/342 532/443/342 533/429/342
f 530/439/343 529/437/343 544/444/343 545/445/343
f 523/440/344 522/438/344 537/446/344 538/447/344
f 531/441/345 530/439/345 545/445/345 546/448/345
f 524/442/346 523/440/346 538/447/346 539/449/346
f 532/443/347 531/441/347 546/448/347 547/450/347
f 525/427/348 524/442/348 539/449/348 540/451/348
f 533/429/349 532/443/349 547/450/349 548/452/349
f 526/428/350 525/427/350 540/451/350 541/453/350
f 534/430/351 533/429/351 548/452/351 549/454/351
f 527/431/352 526/428/352 541/453/352 542/455/352
f 520/433/353 242/456/353 535/457/353
f 249/458/354 534/430/354 549/454/354
f 528/435/355 527/431/355 542/455/355 543/459/355
f 521/436/356 520/433/356 535/457/356 536/460/356
f 529/437/357 528/435/357 543/459/357 544/444/357
f 522/438/358 521/436/358 536/460/358 537/446/358
f 549/454/359 548/452/359 563/461/359 564/462/359
f 542/455/360 541/453/360 556/463/360 557/464/360
f 535/457/361 242/465/361 550/466/361
f 249/467/362 549/454/362 564/462/362
f 543/459/363 542/455/363 557/464/363 558/468/363
f 536/460/364 535/457/364 550/466/364 551/469/364
f 544/444/365 543/459/365 558/468/365 559/470/365
f 537/446/366 536/460/366 551/469/366 552/471/366
f 545/445/367 544/444/367 559/470/367 560/472/367
f 538/447/368 537/446/368 552/471/368 553/473/368
f 546/448/369 545/445/369 560/472/369 561/474/369
f 539/449/370 538/447/370 553/473/370 554/475/370
f 547/450/371 546/448/371 561/474/371 562/476/371
f 540/451/372 539/449/372 554/475/372 555/477/372
f 548/452/373 547/450/373 562/476/373 563/461/373
f 541/453/374 540/451/374 555/477/374 556/463/374
f 553/473/375 552/471/375 567/478/375 568/479/375
f 561/474/376 560/472/376 575/480/376 576/481/376
f 554/475/377 553/473/377 568/479/377 569/482/377
f 562/476/378 561/474/378 576/481/378 577/483/378
f 555/477/379 554/475/379 569/482/379 570/484/379
f 563/461/380 562/476/380 577/483/380 578/485/380
f 556/463/381 555/477/381 570/484/381 571/486/381
f 564/462/382 563/461/382 578/485/382 579/487/382
f 557/464/383 556/463/383 571/486/383 572/488/383
f 550/466/384 242/489/384 565/490/384
f 249/491/385 564/462/385 579/487/385
f 558/468/386 557/464/386 572/488/386 573/492/386
f 551/469/387 550/466/387 565/490/387 566/493/387
f 559/470/388 558/468/388 573/492/388 574/494/388
f 552/471/389 551/469/389 566/493/389 567/478/389
f 560/472/390 559/470/390 574/494/390 575/480/390
f 572/488/391 571/486/391 586/495/391 587/496/391
f 565/490/392 242/497/392 580/498/392
f 249/499/393 579/487/393 594/500/393
f 573/492/394 572/488/394 587/496/394 588/501/394
f 566/493/395 565/490/395 580/498/395 581/502/395
f 574/494/396 573/492/396 588/501/396 589/503/396
f 567/478/397 566/493/397 581/502/397 582/504/397
f 575/480/398 574/494/398 589/503/398 590/505/398
f 568/479/399 567/478/399 582/504/399 583/506/399
f 576/481/400 575/480/400 590/505/400 591/507/400
f 569/482/401 568/479/401 583/506/401 584/508/401
f 577/483/402 576/481/402 591/507/402 592/509/402
f 570/484/403 569/482/403 584/508/403 585/510/403
f 578/485/404 577/483/404 592/509/404 593/511/404
f 571/486/405 570/484/405 585/510/405 586/495/405
f 579/487/406 578/485/406 593/511/406 594/500/406
f 591/507/407 590/505/407 605/512/407 606/513/407
f 584/508/408 583/506/408 598/514/408 599/515/408
f 592/509/409 591/507/409 606/513/409 607/516/409
f 585/510/410 584/508/410 599/515/410 600/517/410
f 593/511/411 592/509/411 607/516/411 608/518/411
f 586/495/412 585/510/412 600/517/412 601/519/412
f 594/500/413 593/511/413 608/518/413 609/520/413
f 587/496/414 586/495/414 601/519/414 602/521/414
f 580/498/415 242/522/415 595/523/415
f 249/524/416 594/500/416 609/520/416
f 588/501/417 587/496/417 602/521/417 603/525/417
f 581/502/418 580/498/418 595/523/418 596/526/418
f 589/503/419 588/501/419 603/525/419 604/527/419
f 582/504/420 581/502/420 596/526/420 597/528/420
f 590/505/421 589/503/421 604/527/421 605/512/421
f 583/506/422 582/504/422 597/528/422 598/514/422
f 249/529/423 609/530/423 624/531/423
f 603/532/424 602/533/424 617/534/424 618/535/424
f 596/536/425 595/537/425 610/538/425 611/539/425
f 604/540/426 603/532/426 618/535/426 619/541/426
f 597/542/427 596/536/427 611/539/427 612/543/427
f 605/544/428 604/540/428 619/541/428 620/545/428
f 598/546/429 597/542/429 612/543/429 613/547/429
f 606/548/430 605/544/430 620/545/430 621/549/430
f 599/550/431 598/546/431 613/547/431 614/551/431
f 607/552/432 606/548/432 621/549/432 622/553/432
f 600/554/433 599/550/433 614/551/433 615/555/433
f 608/556/434 607/552/434 622/553/434 623/557/434
f 601/558/435 600/554/435 615/555/435 616/559/435
f 609/530/436 608/556/436 623/557/436 624/531/436
f 602/533/437 601/558/437 616/559/437 617/534/437
f 595/537/438 242/560/438 610/538/438
f 622/553/439 621/549/439 636/561/439 637/562/439
f 615/555/440 614/551/440 629/563/440 630/564/440
f 623/557/441 622/553/441 637/562/441 638/565/441
f 616/559/442 615/555/442 630/564/442 631/566/442
f 624/531/443 623/557/443 638/565/443 639/567/443
f 617/534/444 616/559/444 631/566/444 632/568/444
f 610/538/445 242/569/445 625/570/445
f 249/571/446 624/531/446 639/567/446
f 618/535/447 617/534/447 632/568/447 633/572/447
f 611/539/448 610/538/448 625/570/448 626/573/448
f 619/541/449 618/535/449 633/572/449 634/574/449
f 612/543/450 611/539/450 626/573/450 627/575/450
f 620/545/451 619/541/451 634/574/451 635/576/451
f 613/547/452 612/543/452 627/575/452 628/577/452
f 621/549/453 620/545/453 635/576/453 636/561/453
f 614/551/454 613/547/454 628/577/454 629/563/454
f 626/573/455 625/570/455 640/578/455 641/579/455
f 634/574/456 633/572/456 648/580/456 649/581/456
f 627/575/457 626/573/457 641/579/457 642/582/457
f 635/576/458 634/574/458 649/581/458 650/583/458
f 628/577/459 627/575/459 642/582/459 643/584/459
f 636/561/460 635/576/460 650/583/460 651/585/460
f 629/563/461 628/577/461 643/584/461 644/586/461
f 637/562/462 636/561/462 651/585/462 652/587/462
f 630/564/463 629/563/463 644/586/463 645/588/463
f 638/565/464 637/562/464 652/587/464 653/589/464
f 631/566/465 630/564/465 645/588/465 646/590/465
f 639/567/466 638/565/466 653/589/466 654/591/466
f 632/568/467 631/566/467 646/590/467 647/592/467
f 625/570/468 242/593/468 640/578/468
f 249/594/469 639/567/469 654/591/469
f 633/572/470 632/568/470 647/592/470 648/580/470
f 645/588/471 644/586/471 659/595/471 660/596/471
f 653/589/472 652/587/472 667/597/472 668/598/472
f 646/590/473 645/588/473 660/596/473 661/599/473
f 654/591/474 653/589/474 668/598/474 669/600/474
f 647/592/475 646/590/475 661/599/475 662/601/475
f 640/578/476 242/602/476 655/603/476
f 249/604/477 654/591/477 669/600/477
f 648/580/478 647/592/478 662/601/478 663/605/478
f 641/579/479 640/578/479 655/603/479 656/606/479
f 649/581/480 648/580/480 663/605/480 664/607/480
f 642/582/481 641/579/481 656/606/481 657/608/481
f 650/583/482 649/581/482 664/607/482 665/609/482
f 643/584/483 642/582/483 657/608/483 658/610/483
f 651/585/484 650/583/484 665/609/484 666/611/484
f 644/586/485 643/584/485 658/610/485 659/595/485
f 652/587/486 651/585/486 666/611/486 667/597/486
f 664/607/487 663/605/487 678/612/487 679/613/487
f 657/608/488 656/606/488 671/614/488 672/615/488
f 665/609/489 664/607/489 679/613/489 680/616/489
f 658/610/490 657/608/490 672/615/490 673/617/490
f 666/611/491 665/609/491 680/616/491 681/618/491
f 659/595/492 658/610/492 673/617/492 674/619/492
f 667/597/493 666/611/493 681/618/493 682/620/493
f 660/596/494 659/595/494 674/619/494 675/621/494
f 668/598/495 667/597/495 682/620/495 683/622/495
f 661/599/496 660/596/496 675/621/496 676/623/496
f 669/600/497 668/598/497 683/622/497 684/624/497
f 662/601/498 661/599/498 676/623/498 677/625/498
f 655/603/499 242/626/499 670/627/499
f 249/628/500 669/600/500 684/624/500
f 663/605/501 662/601/501 677/625/501 678/612/501
f 656/606/502 655/603/502 670/627/502 671/614/502
f 683/622/503 682/620/503 697/629/503 698/630/503
f 676/623/504 675/621/504 690/631/504 691/632/504
f 684/624/505 683/622/505 698/630/505 699/633/505
f 677/625/506 676/623/506 691/632/506 692/634/506
f 670/627/507 242/635/507 685/636/507
f 249/637/508 684/624/508 699/633/508
f 678/612/509 677/625/509 692/634/509 693/638/509
f 671/614/510 670/627/510 685/636/510 686/639/510
f 679/613/511 678/612/511 693/638/511 694/640/511
f 672/615/512 671/614/512 686/639/512 687/641/512
f 680/616/513 679/613/513 694/640/513 695/642/513
f 673/617/514 672/615/514 687/641/514 688/643/514
f 681/618/515 680/616/515 695/642/515 696/644/515
f 674/619/516 673/617/516 688/643/516 689/645/516
f 682/620/517 681/618/517 696/644/517 697/629/517
f 675/621/518 674/619/518 689/645/518 690/631/518
f 687/641/519 686/639/519 701/646/519 702/647/519
f 695/642/520 694/640/520 709/648/520 710/649/520
f 688/643/521 687/641/521 702/647/521 703/650/521
f 696/644/522 695/642/522 710/649/522 711/651/522
f 689/645/523 688/643/523 703/650/523 704/652/523
f 697/629/524 696/644/524 711/651/524 712/653/524
f 690/631/525 689/645/525 704/652/525 705/654/525
f 698/630/526 697/629/526 712/653/526 713/655/526
f 691/632/527 690/631/527 705/654/527 706/656/527
f 699/633/528 698/630/528 713/655/528 714/657/528
f 692/634/529 691/632/529 706/656/529 707/658/529
f 685/636/530 242/659/530 700/660/530
f 249/661/531 699/633/531 714/657/531
f 693/638/532 692/634/532 707/658/532 708/662/532
f 686/639/533 685/636/533 700/660/533 701/646/533
f 694/640/534 693/638/534 708/662/534 709/648/534
f 706/656/535 705/654/535 718/111/535 245/110/535
f 714/657/536 713/655/536 722/106/536 723/114/536
f 707/658/537 706/656/537 245/110/537 246/116/537
f 700/660/538 242/663/538 715/118/538
f 249/664/539 714/657/539 723/114/539
f 708/662/540 707/658/540 246/116/540 247/122/540
f 701/646/541 700/660/541 715/118/541 716/124/541
f 709/648/542 708/662/542 247/122/542 719/126/542
f 702/647/543 701/646/543 716/124/543 243/128/543
f 710/649/544 709/648/544 719/126/544 248/130/544
f 703/650/545 702/647/545 243/128/545 717/132/545
f 711/651/546 710/649/546 248/130/546 720/134/546
f 704/652/547 703/650/547 717/132/547 244/136/547
f 712/653/548 711/651/548 720/134/548 721/107/548
f 705/654/549 704/652/549 244/136/549 718/111/549
f 713/655/550 712/653/550 721/107/550 722/106/550
o Circle
v -0.518959 0.108828 0.468133
v -0.518875 0.120827 0.469311
v -0.518626 0.132366 0.472803
v -0.518222 0.143000 0.478472
v -0.517679 0.152321 0.486102
v -0.517016 0.159970 0.495400
v -0.516261 0.165654 0.506007
v -0.515441 0.169154 0.517516
v -0.514588 0.170336 0.529486
v -0.513735 0.169154 0.541455
v -0.512915 0.165654 0.552964
v -0.512159 0.159970 0.563572
v -0.511497 0.152321 0.572869
v -0.510953 0.143000 0.580499
v -0.510549 0.132366 0.586168
v -0.510301 0.120827 0.589660
v -0.510216 0.108828 0.590839
v -0.510300 0.096828 0.589660
v -0.510549 0.085289 0.586168
v -0.510953 0.074655 0.580499
v -0.511497 0.065334 0.572869
v -0.512159 0.057685 0.563572
v -0.512915 0.052001 0.552964
v -0.513735 0.048501 0.541455
v -0.514588 0.047319 0.529486
v -0.515441 0.048501 0.517516
v -0.516261 0.052001 0.506007
v -0.517016 0.057685 0.495400
v -0.517679 0.065334 0.486102
v -0.518222 0.074655 0.478472
v -0.518626 0.085289 0.472803
v -0.518875 0.096828 0.469311
v -0.580455 0.112103 0.511472
v -0.582538 0.115981 0.512057
v -0.584478 0.119709 0.513487
v -0.586202 0.123146 0.515709
v -0.587643 0.126158 0.518635
v -0.588746 0.128629 0.522154
v -0.589469 0.130466 0.526131
v -0.589783 0.131597 0.530413
v -0.589677 0.131979 0.534836
v -0.589155 0.131597 0.539228
v -0.588237 0.130466 0.543422
v -0.586958 0.128629 0.547257
v -0.585367 0.126158 0.550584
v -0.583525 0.123146 0.553277
v -0.581504 0.119709 0.555231
v -0.579380 0.115981 0.556372
v -0.577236 0.112103 0.556655
v -0.575154 0.108226 0.556071
v -0.573214 0.104497 0.554640
v -0.571490 0.101061 0.552419
v -0.570049 0.098049 0.549493
v -0.568945 0.095577 0.545973
v -0.568223 0.093740 0.541996
v -0.567908 0.092609 0.537714
v -0.568014 0.092228 0.533292
v -0.568536 0.092609 0.528900
v -0.569455 0.093740 0.524705
v -0.570734 0.095577 0.520871
v -0.572325 0.098049 0.517544
v -0.574166 0.101061 0.514851
v -0.576188 0.104497 0.512897
v -0.578311 0.108226 0.511756
v -0.623761 0.008747 0.524919
v -0.621723 0.007423 0.524532
v -0.625688 0.010019 0.525773
v -0.627427 0.011192 0.527060
v -0.628913 0.012220 0.528731
v -0.630088 0.013063 0.530722
v -0.630908 0.013690 0.532956
v -0.631340 0.014076 0.535348
v -0.631369 0.014206 0.537806
v -0.630992 0.014076 0.540235
v -0.630225 0.013690 0.542541
v -0.629097 0.013063 0.544637
v -0.627651 0.012220 0.546441
v -0.625943 0.011192 0.547885
v -0.624039 0.010019 0.548912
v -0.622011 0.008747 0.549484
v -0.619938 0.007423 0.549578
v -0.617899 0.006100 0.549191
v -0.615973 0.004828 0.548338
v -0.614234 0.003655 0.547050
v -0.612748 0.002627 0.545379
v -0.611573 0.001784 0.543388
v -0.610753 0.001157 0.541154
v -0.610321 0.000771 0.538762
v -0.610292 0.000641 0.536304
v -0.610669 0.000771 0.533876
v -0.611436 0.001157 0.531569
v -0.612564 0.001784 0.529473
v -0.614010 0.002627 0.527669
v -0.615718 0.003655 0.526226
v -0.617622 0.004828 0.525198
v -0.619650 0.006100 0.524626
vn 0.5474 0.5668 -0.6157
vn 0.4716 -0.8502 0.2342
vn 0.5748 0.6517 -0.4949
vn 0.4578 -0.8872 0.0579
vn 0.5990 0.7111 -0.3681
vn 0.4449 -0.8872 -0.1222
vn 0.6188 0.7482 -0.2392
vn 0.4336 -0.8502 -0.2987
vn 0.6335 0.7659 -0.1101
vn 0.4244 -0.7772 -0.4645
vn 0.6427 0.7659 0.0192
vn 0.4184 -0.6707 -0.6124
vn 0.6465 0.7482 0.1491
vn 0.4166 -0.5348 -0.7352
vn 0.6451 0.7111 0.2794
vn 0.4199 -0.3754 -0.8263
vn 0.5668 -0.0202 0.8236
vn 0.6391 0.6517 0.4084
vn 0.4290 -0.2006 -0.8807
vn 0.5496 -0.2006 0.8110
vn 0.6292 0.5668 0.5318
vn 0.4443 -0.0202 -0.8957
vn 0.5328 -0.3754 0.7585
vn 0.6161 0.4547 0.6432
vn 0.4652 0.1553 -0.8715
vn 0.5166 -0.5348 0.6687
vn 0.6007 0.3161 0.7343
vn 0.4905 0.3161 -0.8120
vn 0.5010 -0.6707 0.5469
vn 0.5840 0.1553 0.7967
vn 0.5187 0.4547 -0.7240
vn 0.4860 -0.7772 0.3997
vn 0.3126 -0.0650 -0.9477
vn 0.4438 -0.0650 0.8938
vn -0.5413 0.3203 0.7774
vn 0.1134 0.0198 -0.9934
vn 0.6052 -0.1415 0.7834
vn -0.3690 0.2625 0.8916
vn -0.0980 0.1072 -0.9894
vn 0.7332 -0.2062 0.6480
vn -0.1697 0.1902 0.9670
vn -0.3051 0.1902 -0.9331
vn 0.8283 -0.2577 0.4975
vn 0.0433 0.1072 0.9933
vn -0.4917 0.2625 -0.8303
vn 0.8931 -0.2957 0.3390
vn -0.6461 0.3203 -0.6928
vn 0.9305 -0.3207 0.1770
vn -0.7634 0.3632 -0.5342
vn 0.9428 -0.3331 0.0142
vn -0.8442 0.3924 -0.3652
vn 0.9313 -0.3331 -0.1477
vn -0.8913 0.4103 -0.1930
vn 0.8960 -0.3207 -0.3071
vn -0.9079 0.4187 -0.0210
vn 0.8360 -0.2957 -0.4622
vn -0.8957 0.4187 0.1495
vn 0.7494 -0.2577 -0.6099
vn -0.8549 0.4103 0.3174
vn 0.6339 -0.2062 -0.7454
vn -0.7839 0.3924 0.4812
vn 0.4880 -0.1415 -0.8613
vn 0.2531 0.0198 0.9672
vn -0.6800 0.3632 0.6370
vt 0.000000 0.000000
s 0
usemtl Material.008
f 743/665/551 744/665/551 776/665/551 775/665/551
f 730/665/552 731/665/552 763/665/552 762/665/552
f 744/665/553 745/665/553 777/665/553 776/665/553
f 731/665/554 732/665/554 764/665/554 763/665/554
f 745/665/555 746/665/555 778/665/555 777/665/555
f 732/665/556 733/665/556 765/665/556 764/665/556
f 746/665/557 747/665/557 779/665/557 778/665/557
f 733/665/558 734/665/558 766/665/558 765/665/558
f 747/665/559 748/665/559 780/665/559 779/665/559
f 734/665/560 735/665/560 767/665/560 766/665/560
f 748/665/561 749/665/561 781/665/561 780/665/561
f 735/665/562 736/665/562 768/665/562 767/665/562
f 749/665/563 750/665/563 782/665/563 781/665/563
f 736/665/564 737/665/564 769/665/564 768/665/564
f 750/665/565 751/665/565 783/665/565 782/665/565
f 737/665/566 738/665/566 770/665/566 769/665/566
f 724/665/567 725/665/567 757/665/567 756/665/567
f 751/665/568 752/665/568 784/665/568 783/665/568
f 738/665/569 739/665/569 771/665/569 770/665/569
f 725/665/570 726/665/570 758/665/570 757/665/570
f 752/665/571 753/665/571 785/665/571 784/665/571
f 739/665/572 740/665/572 772/665/572 771/665/572
f 726/665/573 727/665/573 759/665/573 758/665/573
f 753/665/574 754/665/574 786/665/574 785/665/574
f 740/665/575 741/665/575 773/665/575 772/665/575
f 727/665/576 728/665/576 760/665/576 759/665/576
f 754/665/577 755/665/577 787/665/577 786/665/577
f 741/665/578 742/665/578 774/665/578 773/665/578
f 728/665/579 729/665/579 761/665/579 760/665/579
f 755/665/580 724/665/580 756/665/580 787/665/580
f 742/665/581 743/665/581 775/665/581 774/665/581
f 729/665/582 730/665/582 762/665/582 761/665/582
f 770/665/583 771/665/583 803/665/583 802/665/583
f 757/665/584 758/665/584 790/665/584 788/665/584
f 784/665/585 785/665/585 817/665/585 816/665/585
f 771/665/586 772/665/586 804/665/586 803/665/586
f 758/665/587 759/665/587 791/665/587 790/665/587
f 785/665/588 786/665/588 818/665/588 817/665/588
f 772/665/589 773/665/589 805/665/589 804/665/589
f 759/665/590 760/665/590 792/665/590 791/665/590
f 786/665/591 787/665/591 819/665/591 818/665/591
f 773/665/592 774/665/592 806/665/592 805/665/592
f 760/665/593 761/665/593 793/665/593 792/665/593
f 787/665/594 756/665/594 789/665/594 819/665/594
f 774/665/595 775/665/595 807/665/595 806/665/595
f 761/665/596 762/665/596 794/665/596 793/665/596
f 775/665/597 776/665/597 808/665/597 807/665/597
f 762/665/598 763/665/598 795/665/598 794/665/598
f 776/665/599 777/665/599 809/665/599 808/665/599
f 763/665/600 764/665/600 796/665/600 795/665/600
f 777/665/601 778/665/601 810/665/601 809/665/601
f 764/665/602 765/665/602 797/665/602 796/665/602
f 778/665/603 779/665/603 811/665/603 810/665/603
f 765/665/604 766/665/604 798/665/604 797/665/604
f 779/665/605 780/665/605 812/665/605 811/665/605
f 766/665/606 767/665/606 799/665/606 798/665/606
f 780/665/607 781/665/607 813/665/607 812/665/607
f 767/665/608 768/665/608 800/665/608 799/665/608
f 781/665/609 782/665/609 814/665/609 813/665/609
f 768/665/610 769/665/610 801/665/610 800/665/610
f 782/665/611 783/665/611 815/665/611 814/665/611
f 769/665/612 770/665/612 802/665/612 801/665/612
f 756/665/613 757/665/613 788/665/613 789/665/613
f 783/665/614 784/665/614 816/665/614 815/665/614
o Sphere.001
v 0.344589 0.255233 0.436081
v 0.350141 0.208599 0.339551
v 0.363210 0.151853 0.296959
v 0.381612 0.084241 0.279783
v 0.391957 0.049555 0.281709
v 0.402544 0.016058 0.290637
v 0.422821 -0.042317 0.327868
v 0.451886 -0.094264 0.491716
v 0.351149 0.247933 0.401188
v 0.359518 0.234198 0.368705
v 0.369375 0.214556 0.339879
v 0.380342 0.189762 0.315820
v 0.391996 0.160768 0.297452
v 0.403890 0.128689 0.285480
v 0.415566 0.094758 0.280364
v 0.426577 0.060278 0.282301
v 0.436499 0.026574 0.291218
v 0.444950 -0.005057 0.306770
v 0.451606 -0.033402 0.328361
v 0.456212 -0.057369 0.355160
v 0.458589 -0.076040 0.386138
v 0.458647 -0.088695 0.420104
v 0.456384 -0.094848 0.455753
v 0.357690 0.250177 0.402665
v 0.372350 0.238599 0.371602
v 0.388004 0.220945 0.344085
v 0.404051 0.197893 0.321174
v 0.419875 0.170329 0.303747
v 0.434868 0.139313 0.292474
v 0.448453 0.106036 0.287789
v 0.460108 0.071777 0.289872
v 0.469385 0.037853 0.298643
v 0.475929 0.005566 0.313764
v 0.479486 -0.023841 0.334655
v 0.479922 -0.049238 0.360513
v 0.477218 -0.069651 0.390344
v 0.471479 -0.084294 0.423001
v 0.462925 -0.092605 0.457230
v 0.363768 0.252485 0.405447
v 0.384272 0.243127 0.377058
v 0.405312 0.227519 0.352007
v 0.426080 0.206261 0.331256
v 0.445778 0.180169 0.315602
v 0.463650 0.150246 0.305647
v 0.479007 0.117642 0.301774
v 0.491261 0.083611 0.304131
v 0.499940 0.049459 0.312627
v 0.504710 0.016499 0.326937
v 0.505389 -0.014001 0.346511
v 0.501950 -0.040871 0.370595
v 0.494525 -0.063076 0.398265
v 0.483401 -0.079765 0.428458
v 0.469003 -0.090296 0.460012
v 0.369148 0.254770 0.409426
v 0.394825 0.247610 0.384864
v 0.420633 0.234027 0.363340
v 0.445581 0.214544 0.345679
v 0.468709 0.189908 0.332562
v 0.489129 0.161068 0.324493
v 0.506056 0.129131 0.321780
v 0.518839 0.095324 0.324529
v 0.526988 0.060948 0.332634
v 0.530189 0.027322 0.345783
v 0.528320 -0.004261 0.363471
v 0.521451 -0.032588 0.385019
v 0.509847 -0.056569 0.409598
v 0.493954 -0.075283 0.436264
v 0.474383 -0.088011 0.463992
v 0.373625 0.256944 0.414450
v 0.403606 0.251875 0.394720
v 0.433380 0.240218 0.377648
v 0.461805 0.222423 0.363890
v 0.487786 0.199174 0.353976
v 0.510326 0.171363 0.348286
v 0.528559 0.140060 0.347039
v 0.541783 0.106468 0.350283
v 0.549491 0.071877 0.357893
v 0.551387 0.037617 0.369577
v 0.547397 0.005004 0.384885
v 0.537675 -0.024708 0.403230
v 0.522594 -0.050378 0.423906
v 0.502735 -0.071018 0.446119
v 0.478859 -0.085837 0.469016
v 0.377024 0.258924 0.420327
v 0.410275 0.255757 0.406246
v 0.443062 0.245854 0.394382
v 0.474127 0.229597 0.385189
v 0.502276 0.207609 0.379020
v 0.526427 0.180736 0.376114
v 0.545651 0.150010 0.376581
v 0.559210 0.116613 0.380403
v 0.566584 0.081827 0.387434
v 0.567487 0.046989 0.397404
v 0.561887 0.013439 0.409929
v 0.549998 -0.017535 0.424528
v 0.532276 -0.044742 0.440640
v 0.509404 -0.067136 0.457646
v 0.482259 -0.083858 0.474892
v 0.379217 0.260632 0.426829
v 0.414576 0.259108 0.419001
v 0.449308 0.250719 0.412898
v 0.482076 0.235789 0.408756
v 0.511623 0.214890 0.406732
v 0.536812 0.188826 0.406906
v 0.556676 0.158599 0.409269
v 0.570451 0.125369 0.413732
v 0.577609 0.090415 0.420123
v 0.577873 0.055079 0.428196
v 0.571234 0.020720 0.437641
v 0.557946 -0.011343 0.448095
v 0.538521 -0.039877 0.459157
v 0.513705 -0.063785 0.470400
v 0.484452 -0.082149 0.481394
v 0.380119 0.262004 0.433707
v 0.416346 0.261799 0.432493
v 0.451876 0.254626 0.432486
v 0.485345 0.240761 0.433686
v 0.515467 0.220736 0.436047
v 0.541083 0.195322 0.439479
v 0.561211 0.165495 0.443849
v 0.575075 0.132401 0.448989
v 0.582143 0.097312 0.454702
v 0.582144 0.061576 0.460769
v 0.575078 0.026566 0.466956
v 0.561215 -0.006371 0.473026
v 0.541090 -0.035970 0.478744
v 0.515475 -0.061094 0.483893
v 0.485354 -0.080777 0.488273
v 0.379696 0.262986 0.440697
v 0.415514 0.263726 0.446205
v 0.450669 0.257424 0.452392
v 0.483809 0.244322 0.459022
v 0.513660 0.224924 0.465839
v 0.539076 0.199975 0.472581
v 0.559080 0.170435 0.478990
v 0.572902 0.137437 0.484819
v 0.580012 0.102251 0.489844
v 0.580137 0.066229 0.493871
v 0.573271 0.030754 0.496747
v 0.559679 -0.002809 0.498361
v 0.539883 -0.033172 0.498650
v 0.514643 -0.059167 0.497604
v 0.484930 -0.079795 0.495263
v 0.377962 0.263542 0.447530
v 0.412114 0.264816 0.459608
v 0.445733 0.259006 0.471851
v 0.477526 0.246336 0.483789
v 0.506273 0.227292 0.494962
v 0.530868 0.202607 0.504941
v 0.550365 0.173228 0.513343
v 0.564017 0.140285 0.519845
v 0.571298 0.105045 0.524197
v 0.571928 0.068860 0.526231
v 0.565884 0.033122 0.525870
v 0.553396 -0.000796 0.523128
v 0.534947 -0.031590 0.518110
v 0.511243 -0.058077 0.511008
v 0.483197 -0.079239 0.502096
v 0.374986 0.263649 0.453944
v 0.406276 0.265026 0.472189
v 0.437257 0.259312 0.490116
v 0.466739 0.246725 0.507035
v 0.493588 0.227749 0.522297
v 0.516773 0.203115 0.535314
v 0.535403 0.173767 0.545587
v 0.548761 0.140835 0.552720
v 0.556335 0.105584 0.556441
v 0.557834 0.069368 0.556605
v 0.553199 0.033579 0.553206
v 0.542609 -0.000407 0.546375
v 0.526471 -0.031284 0.536375
v 0.505405 -0.057867 0.523589
v 0.480221 -0.079132 0.508510
v 0.370881 0.263304 0.459692
v 0.398224 0.264349 0.483464
v 0.425568 0.258329 0.506485
v 0.451861 0.245474 0.527869
v 0.476094 0.226278 0.546794
v 0.497334 0.201480 0.562534
v 0.514767 0.172032 0.574483
v 0.527721 0.139066 0.582183
v 0.535699 0.103848 0.585337
v 0.538395 0.067733 0.583824
v 0.535705 0.032108 0.577703
v 0.527731 -0.001658 0.567208
v 0.514782 -0.032267 0.552743
v 0.497353 -0.058544 0.534864
v 0.476116 -0.079477 0.514257
v 0.365806 0.262520 0.464553
v 0.388268 0.262811 0.493000
v 0.411114 0.256095 0.520328
v 0.433465 0.242630 0.545487
v 0.454462 0.222935 0.567512
v 0.473299 0.197765 0.585554
v 0.489251 0.168088 0.598921
v 0.501705 0.135045 0.607100
v 0.510183 0.099905 0.609775
v 0.514359 0.064019 0.606844
v 0.514073 0.028765 0.598420
v 0.509335 -0.004501 0.584827
v 0.500328 -0.034501 0.566586
v 0.487397 -0.060082 0.544399
v 0.471040 -0.080262 0.519118
v 0.359954 0.261326 0.468340
v 0.376791 0.260469 0.500429
v 0.394451 0.252696 0.531113
v 0.412257 0.238305 0.559215
v 0.429524 0.217849 0.583654
v 0.445589 0.192113 0.603490
v 0.459834 0.162088 0.617962
v 0.471712 0.128928 0.626513
v 0.480767 0.093905 0.628816
v 0.486650 0.058367 0.624780
v 0.489135 0.023679 0.614562
v 0.488127 -0.008827 0.598554
v 0.483665 -0.037900 0.577372
v 0.475920 -0.062423 0.551828
v 0.465189 -0.081455 0.522906
v 0.353552 0.259770 0.470909
v 0.364233 0.257416 0.505467
v 0.376220 0.248263 0.538427
v 0.389053 0.232663 0.568524
v 0.402239 0.211214 0.594599
v 0.415271 0.184742 0.615652
v 0.427649 0.154263 0.630874
v 0.438896 0.120949 0.639678
v 0.448581 0.086079 0.641727
v 0.456332 0.050995 0.636943
v 0.461850 0.017044 0.625508
v 0.464923 -0.014469 0.607863
v 0.465433 -0.042333 0.584686
v 0.463362 -0.065477 0.556866
v 0.458787 -0.083012 0.525474
v 0.346845 0.257910 0.472159
v 0.351076 0.253768 0.507919
v 0.357120 0.242966 0.541988
v 0.364743 0.225921 0.573056
v 0.373654 0.203287 0.599929
v 0.383510 0.175933 0.621574
v 0.393931 0.144912 0.637160
v 0.404518 0.111415 0.646087
v 0.414863 0.076729 0.648014
v 0.424570 0.042187 0.642864
v 0.433265 0.009117 0.630838
v 0.440613 -0.021210 0.612395
v 0.446334 -0.047630 0.588246
v 0.450205 -0.069125 0.559319
v 0.452080 -0.084872 0.526725
v 0.340091 0.255818 0.472044
v 0.337828 0.249664 0.507693
v 0.337886 0.237009 0.541659
v 0.340263 0.218339 0.572637
v 0.344869 0.194371 0.599436
v 0.351525 0.166027 0.621027
v 0.359976 0.134395 0.636579
v 0.369898 0.100692 0.645495
v 0.380909 0.066212 0.647433
v 0.392586 0.032280 0.642317
v 0.404479 0.000201 0.630345
v 0.416134 -0.028792 0.611977
v 0.427100 -0.053587 0.587918
v 0.436957 -0.073229 0.559092
v 0.445326 -0.086964 0.526609
v 0.333550 0.253574 0.470567
v 0.324996 0.245264 0.504796
v 0.319257 0.230621 0.537453
v 0.316554 0.210208 0.567284
v 0.316989 0.184810 0.593142
v 0.320547 0.155403 0.614033
v 0.327090 0.123117 0.629154
v 0.336367 0.089193 0.637925
v 0.348022 0.054934 0.640008
v 0.361607 0.021657 0.635323
v 0.376600 -0.009360 0.624050
v 0.392424 -0.036923 0.606623
v 0.408471 -0.059975 0.583711
v 0.424125 -0.077629 0.556195
v 0.438785 -0.089207 0.525132
v 0.327472 0.251266 0.467785
v 0.313075 0.240735 0.499339
v 0.301950 0.224046 0.529532
v 0.294525 0.201840 0.557202
v 0.291086 0.174971 0.581286
v 0.291765 0.144470 0.600860
v 0.296535 0.111511 0.615170
v 0.305214 0.077359 0.623666
v 0.317468 0.043327 0.626023
v 0.332825 0.010724 0.622150
v 0.350697 -0.019199 0.612195
v 0.370395 -0.045291 0.596541
v 0.391163 -0.066550 0.575790
v 0.412204 -0.082158 0.550739
v 0.432707 -0.091516 0.522350
v 0.322092 0.248980 0.463805
v 0.302521 0.236252 0.491533
v 0.286628 0.217538 0.518199
v 0.275024 0.193557 0.542778
v 0.268156 0.165231 0.564326
v 0.266286 0.133648 0.582014
v 0.269487 0.100022 0.595163
v 0.277636 0.065645 0.603268
v 0.290419 0.031839 0.606017
v 0.307346 -0.000098 0.603305
v 0.327766 -0.028939 0.595235
v 0.350894 -0.053574 0.582117
v 0.375842 -0.073058 0.564457
v 0.401650 -0.086640 0.542933
v 0.427327 -0.093801 0.518371
v 0.317616 0.246806 0.458781
v 0.293741 0.231988 0.481678
v 0.273881 0.211347 0.503891
v 0.258801 0.185678 0.524567
v 0.249079 0.155966 0.542912
v 0.245089 0.123353 0.558220
v 0.246984 0.089093 0.569904
v 0.254692 0.054502 0.577514
v 0.267917 0.020909 0.580758
v 0.286149 -0.010394 0.579511
v 0.308689 -0.038204 0.573821
v 0.334671 -0.061454 0.563907
v 0.363095 -0.079249 0.550149
v 0.392870 -0.090905 0.533077
v 0.422851 -0.095975 0.513346
v 0.314216 0.244827 0.452905
v 0.287071 0.228106 0.470151
v 0.264199 0.205711 0.487157
v 0.246478 0.178504 0.503269
v 0.234588 0.147531 0.517868
v 0.228988 0.113980 0.530393
v 0.229892 0.079143 0.540363
v 0.237265 0.044357 0.547394
v 0.250824 0.010959 0.551216
v 0.270048 -0.019766 0.551683
v 0.294199 -0.046639 0.548777
v 0.322348 -0.068627 0.542608
v 0.353413 -0.084885 0.533415
v 0.386200 -0.094787 0.521551
v 0.419451 -0.097954 0.507470
v 0.312023 0.243119 0.446403
v 0.282770 0.224755 0.457397
v 0.257954 0.200846 0.468640
v 0.238529 0.172312 0.479702
v 0.225242 0.140250 0.490156
v 0.218602 0.105890 0.499601
v 0.218866 0.070555 0.507674
v 0.226024 0.035600 0.514065
v 0.239799 0.002371 0.518528
v 0.259663 -0.027856 0.520891
v 0.284852 -0.053920 0.521065
v 0.314399 -0.074819 0.519041
v 0.347168 -0.089750 0.514899
v 0.381899 -0.098138 0.508796
v 0.417258 -0.099662 0.500968
v 0.311121 0.241747 0.439524
v 0.281000 0.222064 0.443904
v 0.255385 0.196940 0.449053
v 0.235260 0.167340 0.454771
v 0.221398 0.134403 0.460841
v 0.214331 0.099394 0.467028
v 0.214332 0.063658 0.473095
v 0.221401 0.028569 0.478808
v 0.235265 -0.004525 0.483948
v 0.255392 -0.034353 0.488318
v 0.281008 -0.059767 0.491750
v 0.311130 -0.079791 0.494111
v 0.344599 -0.093656 0.495311
v 0.380129 -0.100829 0.495304
v 0.416356 -0.101034 0.494090
v 0.311545 0.240765 0.432534
v 0.281832 0.220136 0.430193
v 0.256592 0.194142 0.429147
v 0.236796 0.163779 0.429436
v 0.223204 0.130215 0.431049
v 0.216338 0.094741 0.433926
v 0.216463 0.058718 0.437953
v 0.223573 0.023532 0.442978
v 0.237396 -0.009465 0.448807
v 0.257399 -0.039006 0.455216
v 0.282815 -0.063955 0.461958
v 0.312666 -0.083352 0.468775
v 0.345806 -0.096454 0.475405
v 0.380961 -0.102756 0.481592
v 0.416780 -0.102017 0.487100
v 0.313278 0.240209 0.425701
v 0.285232 0.219047 0.416789
v 0.261529 0.192559 0.409687
v 0.243079 0.161765 0.404669
v 0.230592 0.127848 0.401927
v 0.224547 0.092110 0.401566
v 0.225177 0.055925 0.403600
v 0.232458 0.020684 0.407952
v 0.246110 -0.012258 0.414454
v 0.265608 -0.041637 0.422856
v 0.290202 -0.066322 0.432835
v 0.318949 -0.085366 0.444008
v 0.350742 -0.098036 0.455946
v 0.384361 -0.103846 0.468189
v 0.418513 -0.102572 0.480267
v 0.316254 0.240102 0.419288
v 0.291070 0.218836 0.404208
v 0.270004 0.192254 0.391423
v 0.253866 0.161376 0.381422
v 0.243276 0.127390 0.374591
v 0.238641 0.091602 0.371193
v 0.240140 0.055386 0.371356
v 0.247714 0.020135 0.375077
v 0.261072 -0.012798 0.382210
v 0.279702 -0.042145 0.392483
v 0.302887 -0.066780 0.405500
v 0.329736 -0.085755 0.420762
v 0.359218 -0.098342 0.437681
v 0.390199 -0.104057 0.455608
v 0.421489 -0.102680 0.473853
v 0.320359 0.240447 0.413540
v 0.299122 0.219513 0.392933
v 0.281694 0.193237 0.375054
v 0.268744 0.162628 0.360589
v 0.260771 0.128862 0.350094
v 0.258080 0.093237 0.343973
v 0.260776 0.057121 0.342460
v 0.268754 0.021904 0.345614
v 0.281708 -0.011062 0.353314
v 0.299141 -0.040510 0.365263
v 0.320381 -0.065308 0.381003
v 0.344614 -0.084504 0.399929
v 0.370907 -0.097359 0.421312
v 0.398251 -0.103380 0.444333
v 0.425594 -0.102334 0.468105
v 0.325435 0.241231 0.408679
v 0.309078 0.221052 0.383398
v 0.296147 0.195471 0.361211
v 0.287140 0.165471 0.342970
v 0.282402 0.132205 0.329377
v 0.282116 0.096951 0.320953
v 0.286292 0.061065 0.318022
v 0.294770 0.025925 0.320697
v 0.307225 -0.007119 0.328876
v 0.323177 -0.036795 0.342243
v 0.342013 -0.061965 0.360285
v 0.363010 -0.081661 0.382310
v 0.385361 -0.095125 0.407469
v 0.408207 -0.101841 0.434797
v 0.430669 -0.101550 0.463244
v 0.331286 0.242425 0.404891
v 0.320555 0.223393 0.375969
v 0.312810 0.198869 0.350425
v 0.308348 0.169796 0.329243
v 0.307340 0.137291 0.313235
v 0.309825 0.102603 0.303017
v 0.315708 0.067065 0.298981
v 0.324763 0.032042 0.301284
v 0.336641 -0.001119 0.309835
v 0.350886 -0.031144 0.324307
v 0.366951 -0.056879 0.344144
v 0.384218 -0.077335 0.368582
v 0.402024 -0.091726 0.396684
v 0.419684 -0.099500 0.427368
v 0.436521 -0.100356 0.459457
v 0.337688 0.243981 0.402323
v 0.333114 0.226446 0.370931
v 0.331042 0.203302 0.343112
v 0.331552 0.175438 0.319934
v 0.334626 0.143925 0.302289
v 0.340143 0.109975 0.290854
v 0.347894 0.074890 0.286070
v 0.357579 0.040021 0.288119
v 0.368826 0.006707 0.296923
v 0.381204 -0.023772 0.312145
v 0.394236 -0.050245 0.333198
v 0.407422 -0.071693 0.359273
v 0.420256 -0.087294 0.389370
v 0.432243 -0.096446 0.422330
v 0.442923 -0.098800 0.456888
v 0.344395 0.245841 0.401073
v 0.346270 0.230095 0.368478
v 0.355862 0.182180 0.315402
v 0.371905 0.118783 0.284933
v 0.412966 -0.014964 0.306223
v 0.431732 -0.064952 0.354741
v 0.439355 -0.081997 0.385809
v 0.445399 -0.092798 0.419878
v 0.449630 -0.096940 0.455638
vn 0.2840 -0.8983 -0.3352
vn -0.0265 0.1401 -0.9898
vn 0.2950 -0.9445 -0.1443
vn 0.0314 -0.0461 -0.9984
vn -0.2828 0.9268 -0.2471
vn 0.2946 -0.9542 0.0524
vn 0.0880 -0.2305 -0.9691
vn -0.2601 0.8635 -0.4321
vn 0.1412 -0.4062 -0.9028
vn -0.2272 0.7668 -0.6003
vn 0.1892 -0.5665 -0.8020
vn -0.1857 0.6407 -0.7450
vn 0.2300 -0.7054 -0.6704
vn -0.1371 0.4902 -0.8608
vn 0.2620 -0.8175 -0.5128
vn -0.0833 0.3212 -0.9433
vn 0.3798 -0.7791 -0.4987
vn 0.0801 0.3745 -0.9238
vn 0.3716 -0.8698 -0.3247
vn 0.1508 0.1979 -0.9685
vn 0.3490 -0.9269 -0.1378
vn 0.2156 0.0140 -0.9764
vn -0.2646 0.9328 -0.2449
vn 0.3129 -0.9482 0.0545
vn 0.2723 -0.1704 -0.9470
vn -0.2061 0.8811 -0.4257
vn 0.3185 -0.3483 -0.8816
vn -0.1396 0.7954 -0.5898
vn 0.3527 -0.5132 -0.7825
vn -0.0679 0.6792 -0.7309
vn 0.3734 -0.6587 -0.6532
vn 0.0063 0.5370 -0.8436
vn -0.1548 0.8996 -0.4084
vn 0.4868 -0.2877 -0.8248
vn -0.0565 0.8254 -0.5617
vn 0.5078 -0.4572 -0.7301
vn 0.0439 0.7195 -0.6931
vn 0.5095 -0.6096 -0.6073
vn 0.1424 0.5861 -0.7976
vn 0.4916 -0.7388 -0.4610
vn 0.2353 0.4304 -0.8714
vn 0.4548 -0.8398 -0.2966
vn 0.3191 0.2586 -0.9118
vn 0.4003 -0.9084 -0.1205
vn 0.3906 0.0771 -0.9173
vn -0.2473 0.9390 -0.2390
vn 0.3302 -0.9420 0.0604
vn 0.4472 -0.1073 -0.8880
vn 0.3762 0.4869 -0.7883
vn 0.5303 -0.8095 -0.2521
vn 0.4718 0.3199 -0.8216
vn 0.4468 -0.8898 -0.0931
vn 0.5494 0.1408 -0.8236
vn -0.2316 0.9453 -0.2298
vn 0.3459 -0.9357 0.0697
vn 0.6060 -0.0436 -0.7943
vn -0.1083 0.9183 -0.3809
vn 0.6395 -0.2264 -0.7347
vn 0.0190 0.8557 -0.5171
vn 0.6487 -0.4007 -0.6470
vn 0.1455 0.7602 -0.6332
vn 0.6331 -0.5600 -0.5344
vn 0.2660 0.6356 -0.7247
vn 0.5932 -0.6981 -0.4011
vn 0.7710 -0.1669 -0.6146
vn 0.0840 0.8851 -0.4578
vn 0.7699 -0.3459 -0.5362
vn 0.2328 0.7997 -0.5534
vn 0.7394 -0.5119 -0.4372
vn 0.3724 0.6837 -0.6276
vn 0.6805 -0.6586 -0.3213
vn 0.4974 0.5418 -0.6775
vn 0.5952 -0.7801 -0.1927
vn 0.6033 0.3793 -0.7016
vn 0.4868 -0.8717 -0.0565
vn 0.6860 0.2026 -0.6988
vn -0.2180 0.9514 -0.2174
vn 0.3594 -0.9296 0.0820
vn 0.7426 0.0182 -0.6695
vn -0.0683 0.9364 -0.3443
vn 0.6471 -0.7527 -0.1209
vn 0.7083 0.4347 -0.5562
vn 0.5188 -0.8548 -0.0123
vn 0.7952 0.2602 -0.5477
vn -0.2072 0.9571 -0.2025
vn 0.3702 -0.9239 0.0970
vn 0.8518 0.0758 -0.5184
vn -0.0363 0.9532 -0.3001
vn 0.8760 -0.1116 -0.4693
vn 0.1359 0.9124 -0.3860
vn 0.8668 -0.2948 -0.4022
vn 0.3026 0.8365 -0.4568
vn 0.8244 -0.4671 -0.3197
vn 0.4573 0.7285 -0.5100
vn 0.7503 -0.6218 -0.2247
vn 0.5943 0.5928 -0.5435
vn 0.9356 -0.2495 -0.2500
vn 0.3521 0.8692 -0.3471
vn 0.8847 -0.4273 -0.1861
vn 0.5177 0.7683 -0.3765
vn 0.7998 -0.5891 -0.1150
vn 0.6630 0.6382 -0.3913
vn 0.6840 -0.7284 -0.0393
vn 0.7829 0.4839 -0.3912
vn 0.5415 -0.8398 0.0380
vn 0.8727 0.3113 -0.3761
vn -0.1996 0.9622 -0.1855
vn 0.3779 -0.9188 0.1139
vn 0.9293 0.1269 -0.3468
vn -0.0136 0.9682 -0.2498
vn 0.9506 -0.0624 -0.3042
vn 0.1728 0.9368 -0.3044
vn 0.5541 -0.8273 0.0923
vn 0.9156 0.3540 -0.1907
vn -0.1953 0.9664 -0.1671
vn 0.3821 -0.9146 0.1323
vn 0.9722 0.1696 -0.1613
vn -0.0010 0.9807 -0.1955
vn 0.9918 -0.0213 -0.1258
vn 0.1932 0.9570 -0.2162
vn 0.9736 -0.2116 -0.0855
vn 0.3796 0.8965 -0.2286
vn 0.9181 -0.3941 -0.0418
vn 0.5510 0.8015 -0.2321
vn 0.8273 -0.5618 0.0036
vn 0.7011 0.6761 -0.2268
vn 0.7044 -0.7081 0.0489
vn 0.8241 0.5249 -0.2128
vn 0.3838 0.9173 -0.1057
vn 0.9233 -0.3687 0.1078
vn 0.5562 0.8269 -0.0825
vn 0.8315 -0.5409 0.1265
vn 0.7070 0.7050 -0.0562
vn 0.7075 -0.6926 0.1403
vn 0.8305 0.5563 -0.0278
vn 0.5560 -0.8178 0.1487
vn 0.9222 0.3866 0.0016
vn -0.1947 0.9696 -0.1481
vn 0.3828 -0.9114 0.1513
vn 0.9789 0.2022 0.0309
vn 0.0009 0.9903 -0.1391
vn 0.9982 0.0101 0.0591
vn 0.1963 0.9726 -0.1248
vn 0.9795 -0.1827 0.0851
vn 0.8923 0.4079 0.1932
vn -0.1976 0.9717 -0.1291
vn 0.3798 -0.9092 0.1703
vn 0.9489 0.2235 0.2225
vn -0.0078 0.9965 -0.0830
vn 0.9694 0.0306 0.2434
vn 0.1821 0.9827 -0.0337
vn 0.9530 -0.1638 0.2550
vn 0.3647 0.9310 0.0168
vn 0.9000 -0.3521 0.2569
vn 0.5329 0.8435 0.0666
vn 0.8124 -0.5273 0.2490
vn 0.6804 0.7239 0.1137
vn 0.6933 -0.6825 0.2314
vn 0.8017 0.5768 0.1565
vn 0.5473 -0.8115 0.2048
vn 0.8492 -0.3450 0.3998
vn 0.4821 0.8507 0.2095
vn 0.7707 -0.5214 0.3663
vn 0.6225 0.7321 0.2766
vn 0.6623 -0.6781 0.3187
vn 0.7389 0.5857 0.3331
vn 0.5281 -0.8088 0.2586
vn 0.8271 0.4171 0.3768
vn -0.2041 0.9726 -0.1110
vn 0.3734 -0.9083 0.1885
vn 0.8837 0.2327 0.4062
vn -0.0269 0.9992 -0.0292
vn 0.9066 0.0394 0.4201
vn 0.1511 0.9871 0.0536
vn 0.8950 -0.1556 0.4179
vn 0.3230 0.9368 0.1342
vn -0.2138 0.9723 -0.0943
vn 0.3637 -0.9087 0.2051
vn 0.7855 0.2294 0.5747
vn -0.0557 0.9982 0.0202
vn 0.8122 0.0362 0.5822
vn 0.1044 0.9855 0.1337
vn 0.8080 -0.1585 0.5675
vn 0.2602 0.9347 0.2420
vn 0.7728 -0.3475 0.5310
vn 0.4057 0.8481 0.3407
vn 0.7079 -0.5235 0.4741
vn 0.5355 0.7291 0.4262
vn 0.6156 -0.6797 0.3988
vn 0.6445 0.5825 0.4953
vn 0.4994 -0.8098 0.3080
vn 0.7289 0.4138 0.5454
vn 0.3067 0.8359 0.4551
vn 0.6266 -0.5335 0.5681
vn 0.4226 0.7153 0.5566
vn 0.5551 -0.6871 0.4687
vn 0.5221 0.5674 0.6367
vn 0.4621 -0.8144 0.3511
vn 0.6017 0.3982 0.6924
vn -0.2264 0.9708 -0.0797
vn 0.3511 -0.9102 0.2197
vn 0.6583 0.2138 0.7218
vn -0.0930 0.9937 0.0633
vn 0.6898 0.0212 0.7237
vn 0.0439 0.9781 0.2037
vn 0.6951 -0.1724 0.6979
vn 0.1789 0.9247 0.3360
vn 0.6738 -0.3597 0.6455
vn 0.5068 0.1864 0.8417
vn -0.1374 0.9856 0.0984
vn 0.5441 -0.0052 0.8390
vn -0.0281 0.9650 0.2607
vn 0.5607 -0.1967 0.8043
vn 0.0820 0.9072 0.4126
vn 0.5559 -0.3811 0.7388
vn 0.1888 0.8146 0.5484
vn 0.5297 -0.5511 0.6447
vn 0.2882 0.6909 0.6630
vn 0.4831 -0.7002 0.5257
vn 0.3764 0.5411 0.7520
vn 0.4177 -0.8224 0.3862
vn 0.4502 0.3707 0.8123
vn -0.2414 0.9681 -0.0679
vn 0.3361 -0.9129 0.2316
vn 0.4212 -0.5754 0.7011
vn 0.1375 0.6571 0.7411
vn 0.4023 -0.7183 0.5676
vn 0.2130 0.5044 0.8368
vn 0.3680 -0.8336 0.4120
vn 0.2803 0.3326 0.9004
vn -0.2582 0.9643 -0.0592
vn 0.3193 -0.9167 0.2403
vn 0.3369 0.1482 0.9298
vn -0.1871 0.9745 0.1242
vn 0.3807 -0.0419 0.9237
vn -0.1089 0.9469 0.3025
vn 0.4101 -0.2306 0.8824
vn -0.0265 0.8828 0.4689
vn 0.4237 -0.4107 0.8073
vn 0.0567 0.7849 0.6170
vn 0.2060 -0.0874 0.9746
vn -0.1953 0.9244 0.3277
vn 0.2489 -0.2726 0.9294
vn -0.1427 0.8526 0.5028
vn 0.2823 -0.4476 0.8485
vn -0.0847 0.7481 0.6582
vn 0.3050 -0.6057 0.7349
vn -0.0237 0.6151 0.7881
vn 0.3160 -0.7408 0.5928
vn 0.0382 0.4588 0.8877
vn 0.3147 -0.8475 0.4275
vn 0.0986 0.2853 0.9534
vn -0.2762 0.9596 -0.0539
vn 0.3013 -0.9214 0.2455
vn 0.1552 0.1009 0.9827
vn -0.2403 0.9606 0.1397
vn 0.2272 -0.7668 0.6003
vn -0.1412 0.4062 0.9028
vn 0.2601 -0.8635 0.4321
vn -0.0880 0.2305 0.9691
vn -0.2946 0.9542 -0.0524
vn 0.2828 -0.9268 0.2471
vn -0.0314 0.0461 0.9984
vn -0.2950 0.9445 0.1443
vn 0.0265 -0.1401 0.9898
vn -0.2840 0.8983 0.3352
vn 0.0833 -0.3212 0.9433
vn -0.2620 0.8175 0.5128
vn 0.1371 -0.4902 0.8608
vn -0.2300 0.7054 0.6704
vn 0.1857 -0.6407 0.7450
vn -0.1892 0.5665 0.8020
vn -0.3716 0.8698 0.3247
vn -0.0801 -0.3745 0.9238
vn -0.3798 0.7791 0.4987
vn -0.0063 -0.5370 0.8436
vn -0.3734 0.6587 0.6532
vn 0.0679 -0.6792 0.7309
vn -0.3527 0.5132 0.7825
vn 0.1396 -0.7954 0.5898
vn -0.3185 0.3483 0.8816
vn 0.2061 -0.8811 0.4257
vn -0.2723 0.1704 0.9470
vn -0.3129 0.9482 -0.0545
vn 0.2646 -0.9328 0.2449
vn -0.2156 -0.0140 0.9764
vn -0.3490 0.9269 0.1378
vn -0.1508 -0.1979 0.9685
vn -0.4868 0.2877 0.8248
vn 0.1548 -0.8996 0.4084
vn -0.4472 0.1073 0.8880
vn -0.3302 0.9420 -0.0604
vn 0.2473 -0.9390 0.2390
vn -0.3906 -0.0771 0.9173
vn -0.4003 0.9084 0.1205
vn -0.3191 -0.2586 0.9118
vn -0.4548 0.8398 0.2966
vn -0.2353 -0.4304 0.8714
vn -0.4916 0.7388 0.4610
vn -0.1424 -0.5861 0.7976
vn -0.5095 0.6096 0.6073
vn -0.0439 -0.7195 0.6931
vn -0.5078 0.4572 0.7301
vn 0.0565 -0.8254 0.5617
vn -0.3762 -0.4869 0.7883
vn -0.5932 0.6981 0.4011
vn -0.2660 -0.6356 0.7247
vn -0.6331 0.5600 0.5344
vn -0.1455 -0.7602 0.6332
vn -0.6487 0.4007 0.6470
vn -0.0191 -0.8557 0.5171
vn -0.6395 0.2264 0.7347
vn 0.1083 -0.9183 0.3809
vn -0.6060 0.0436 0.7943
vn -0.3459 0.9357 -0.0697
vn 0.2316 -0.9453 0.2298
vn -0.5494 -0.1408 0.8236
vn -0.4468 0.8898 0.0931
vn -0.4718 -0.3199 0.8216
vn -0.5303 0.8095 0.2521
vn 0.0683 -0.9364 0.3443
vn -0.7426 -0.0182 0.6695
vn -0.3594 0.9296 -0.0820
vn 0.2180 -0.9514 0.2174
vn -0.6860 -0.2026 0.6988
vn -0.4868 0.8717 0.0565
vn -0.6033 -0.3793 0.7016
vn -0.5952 0.7801 0.1927
vn -0.4974 -0.5418 0.6775
vn -0.6805 0.6586 0.3213
vn -0.3724 -0.6837 0.6276
vn -0.7394 0.5119 0.4372
vn -0.2328 -0.7997 0.5534
vn -0.7699 0.3459 0.5362
vn -0.0840 -0.8851 0.4578
vn -0.7710 0.1669 0.6146
vn -0.7503 0.6218 0.2247
vn -0.4573 -0.7285 0.5100
vn -0.8244 0.4671 0.3197
vn -0.3026 -0.8365 0.4568
vn -0.8668 0.2948 0.4022
vn -0.1359 -0.9124 0.3860
vn -0.8760 0.1116 0.4693
vn 0.0363 -0.9532 0.3001
vn -0.8518 -0.0758 0.5184
vn -0.3702 0.9239 -0.0970
vn 0.2072 -0.9571 0.2025
vn -0.7952 -0.2602 0.5477
vn -0.5188 0.8548 0.0123
vn -0.7083 -0.4347 0.5562
vn -0.6471 0.7527 0.1209
vn -0.5943 -0.5928 0.5435
vn -0.9293 -0.1269 0.3468
vn -0.3779 0.9188 -0.1139
vn 0.1996 -0.9622 0.1855
vn -0.8727 -0.3113 0.3761
vn -0.5415 0.8398 -0.0380
vn -0.7829 -0.4839 0.3912
vn -0.6840 0.7284 0.0393
vn -0.6630 -0.6382 0.3913
vn -0.7998 0.5891 0.1150
vn -0.5177 -0.7683 0.3765
vn -0.8847 0.4273 0.1861
vn -0.3521 -0.8692 0.3471
vn -0.9356 0.2495 0.2500
vn -0.1728 -0.9368 0.3044
vn -0.9506 0.0624 0.3042
vn 0.0136 -0.9682 0.2498
vn -0.5510 -0.8015 0.2321
vn -0.9181 0.3941 0.0418
vn -0.3796 -0.8965 0.2286
vn -0.9736 0.2116 0.0855
vn -0.1932 -0.9570 0.2162
vn -0.9918 0.0213 0.1258
vn 0.0010 -0.9807 0.1955
vn -0.9722 -0.1696 0.1613
vn -0.3821 0.9146 -0.1323
vn 0.1953 -0.9664 0.1671
vn -0.9156 -0.3540 0.1907
vn -0.5541 0.8273 -0.0923
vn -0.8241 -0.5249 0.2128
vn -0.7044 0.7081 -0.0489
vn -0.7011 -0.6761 0.2268
vn -0.8273 0.5618 -0.0036
vn 0.1947 -0.9696 0.1481
vn -0.9222 -0.3866 -0.0016
vn -0.5560 0.8178 -0.1487
vn -0.8305 -0.5563 0.0278
vn -0.7075 0.6926 -0.1403
vn -0.7070 -0.7050 0.0562
vn -0.8315 0.5409 -0.1265
vn -0.5562 -0.8269 0.0825
vn -0.9233 0.3687 -0.1078
vn -0.3838 -0.9173 0.1057
vn -0.9795 0.1827 -0.0851
vn -0.1963 -0.9726 0.1248
vn -0.9982 -0.0101 -0.0591
vn -0.0009 -0.9903 0.1391
vn -0.9789 -0.2022 -0.0309
vn -0.3828 0.9114 -0.1513
vn -0.3647 -0.9310 -0.0168
vn -0.9530 0.1638 -0.2550
vn -0.1821 -0.9827 0.0337
vn -0.9694 -0.0306 -0.2434
vn 0.0078 -0.9965 0.0830
vn -0.9489 -0.2235 -0.2225
vn -0.3798 0.9092 -0.1703
vn 0.1976 -0.9717 0.1291
vn -0.8923 -0.4079 -0.1932
vn -0.5473 0.8115 -0.2048
vn -0.8017 -0.5768 -0.1565
vn -0.6933 0.6825 -0.2314
vn -0.6804 -0.7239 -0.1137
vn -0.8124 0.5273 -0.2490
vn -0.5329 -0.8435 -0.0666
vn -0.9000 0.3521 -0.2569
vn -0.5281 0.8088 -0.2586
vn -0.7389 -0.5857 -0.3331
vn -0.6623 0.6781 -0.3187
vn -0.6225 -0.7321 -0.2766
vn -0.7707 0.5214 -0.3663
vn -0.4821 -0.8507 -0.2095
vn -0.8492 0.3450 -0.3998
vn -0.3230 -0.9368 -0.1342
vn -0.8950 0.1556 -0.4179
vn -0.1511 -0.9871 -0.0536
vn -0.9066 -0.0394 -0.4201
vn 0.0269 -0.9992 0.0292
vn -0.8837 -0.2327 -0.4062
vn -0.3734 0.9083 -0.1885
vn 0.2041 -0.9726 0.1110
vn -0.8271 -0.4171 -0.3768
vn -0.8080 0.1585 -0.5675
vn -0.1044 -0.9855 -0.1337
vn -0.8122 -0.0362 -0.5822
vn 0.0557 -0.9982 -0.0202
vn -0.7855 -0.2294 -0.5747
vn -0.3637 0.9087 -0.2051
vn 0.2138 -0.9723 0.0943
vn -0.7289 -0.4138 -0.5454
vn -0.4994 0.8098 -0.3080
vn -0.6445 -0.5825 -0.4953
vn -0.6156 0.6797 -0.3988
vn -0.5355 -0.7291 -0.4262
vn -0.7079 0.5235 -0.4741
vn -0.4057 -0.8481 -0.3407
vn -0.7728 0.3475 -0.5310
vn -0.2602 -0.9347 -0.2420
vn -0.5221 -0.5674 -0.6367
vn -0.5551 0.6871 -0.4687
vn -0.4226 -0.7153 -0.5566
vn -0.6266 0.5335 -0.5681
vn -0.3067 -0.8359 -0.4551
vn -0.6738 0.3597 -0.6455
vn -0.1789 -0.9247 -0.3360
vn -0.6951 0.1724 -0.6979
vn -0.0439 -0.9781 -0.2037
vn -0.6898 -0.0212 -0.7237
vn 0.0930 -0.9937 -0.0633
vn -0.6583 -0.2138 -0.7218
vn -0.3511 0.9102 -0.2197
vn 0.2264 -0.9708 0.0797
vn -0.6017 -0.3982 -0.6924
vn -0.4621 0.8144 -0.3511
vn 0.0281 -0.9650 -0.2607
vn -0.5441 0.0052 -0.8390
vn 0.1374 -0.9856 -0.0984
vn -0.5068 -0.1864 -0.8417
vn -0.3361 0.9129 -0.2316
vn 0.2414 -0.9681 0.0679
vn -0.4502 -0.3707 -0.8123
vn -0.4177 0.8224 -0.3862
vn -0.3764 -0.5411 -0.7520
vn -0.4831 0.7002 -0.5257
vn -0.2882 -0.6909 -0.6630
vn -0.5297 0.5511 -0.6447
vn -0.1888 -0.8146 -0.5484
vn -0.5559 0.3811 -0.7388
vn -0.0820 -0.9072 -0.4126
vn -0.5607 0.1967 -0.8043
vn -0.4023 0.7183 -0.5676
vn -0.1375 -0.6571 -0.7411
vn -0.4212 0.5754 -0.7011
vn -0.0567 -0.7849 -0.6170
vn -0.4237 0.4107 -0.8073
vn 0.0265 -0.8828 -0.4689
vn -0.4101 0.2306 -0.8824
vn 0.1089 -0.9469 -0.3025
vn -0.3807 0.0419 -0.9237
vn 0.1871 -0.9745 -0.1242
vn -0.3369 -0.1482 -0.9298
vn -0.3193 0.9167 -0.2403
vn 0.2582 -0.9643 0.0592
vn -0.2803 -0.3326 -0.9004
vn -0.3680 0.8336 -0.4120
vn -0.2130 -0.5044 -0.8368
vn -0.2060 0.0874 -0.9746
vn 0.2403 -0.9606 -0.1397
vn -0.1552 -0.1009 -0.9827
vn -0.3013 0.9214 -0.2455
vn 0.2762 -0.9596 0.0539
vn -0.0986 -0.2853 -0.9534
vn -0.3147 0.8475 -0.4275
vn -0.0382 -0.4588 -0.8877
vn -0.3160 0.7408 -0.5928
vn 0.0237 -0.6151 -0.7881
vn -0.3050 0.6057 -0.7349
vn 0.0847 -0.7481 -0.6582
vn -0.2823 0.4476 -0.8485
vn 0.1427 -0.8526 -0.5028
vn -0.2489 0.2726 -0.9294
vn 0.1953 -0.9244 -0.3277
vt 0.750000 0.125000
vt 0.750000 0.187500
vt 0.718750 0.187500
vt 0.718750 0.125000
vt 0.750000 0.562500
vt 0.750000 0.625000
vt 0.718750 0.625000
vt 0.718750 0.562500
vt 0.750000 0.062500
vt 0.718750 0.062500
vt 0.750000 0.500000
vt 0.718750 0.500000
vt 0.750000 0.937500
vt 0.734375 1.000000
vt 0.718750 0.937500
vt 0.734375 0.000000
vt 0.750000 0.437500
vt 0.718750 0.437500
vt 0.750000 0.875000
vt 0.718750 0.875000
vt 0.750000 0.375000
vt 0.718750 0.375000
vt 0.750000 0.812500
vt 0.718750 0.812500
vt 0.750000 0.312500
vt 0.718750 0.312500
vt 0.750000 0.750000
vt 0.718750 0.750000
vt 0.750000 0.250000
vt 0.718750 0.250000
vt 0.750000 0.687500
vt 0.718750 0.687500
vt 0.687500 0.250000
vt 0.687500 0.187500
vt 0.687500 0.687500
vt 0.687500 0.625000
vt 0.687500 0.125000
vt 0.687500 0.562500
vt 0.687500 0.062500
vt 0.687500 0.500000
vt 0.703125 1.000000
vt 0.687500 0.937500
vt 0.703125 0.000000
vt 0.687500 0.437500
vt 0.687500 0.875000
vt 0.687500 0.375000
vt 0.687500 0.812500
vt 0.687500 0.312500
vt 0.687500 0.750000
vt 0.656250 0.937500
vt 0.656250 0.875000
vt 0.656250 0.437500
vt 0.656250 0.375000
vt 0.656250 0.812500
vt 0.656250 0.312500
vt 0.656250 0.750000
vt 0.656250 0.250000
vt 0.656250 0.687500
vt 0.656250 0.187500
vt 0.656250 0.625000
vt 0.656250 0.125000
vt 0.656250 0.562500
vt 0.656250 0.062500
vt 0.656250 0.500000
vt 0.671875 1.000000
vt 0.671875 0.000000
vt 0.625000 0.687500
vt 0.625000 0.625000
vt 0.625000 0.187500
vt 0.625000 0.125000
vt 0.625000 0.562500
vt 0.625000 0.062500
vt 0.625000 0.500000
vt 0.640625 1.000000
vt 0.625000 0.937500
vt 0.640625 0.000000
vt 0.625000 0.437500
vt 0.625000 0.875000
vt 0.625000 0.375000
vt 0.625000 0.812500
vt 0.625000 0.312500
vt 0.625000 0.750000
vt 0.625000 0.250000
vt 0.593750 0.437500
vt 0.593750 0.375000
vt 0.593750 0.875000
vt 0.593750 0.812500
vt 0.593750 0.312500
vt 0.593750 0.750000
vt 0.593750 0.250000
vt 0.593750 0.687500
vt 0.593750 0.187500
vt 0.593750 0.625000
vt 0.593750 0.125000
vt 0.593750 0.562500
vt 0.593750 0.062500
vt 0.593750 0.500000
vt 0.609375 1.000000
vt 0.593750 0.937500
vt 0.609375 0.000000
vt 0.562500 0.187500
vt 0.562500 0.125000
vt 0.562500 0.625000
vt 0.562500 0.562500
vt 0.562500 0.062500
vt 0.562500 0.500000
vt 0.578125 1.000000
vt 0.562500 0.937500
vt 0.578125 0.000000
vt 0.562500 0.437500
vt 0.562500 0.875000
vt 0.562500 0.375000
vt 0.562500 0.812500
vt 0.562500 0.312500
vt 0.562500 0.750000
vt 0.562500 0.250000
vt 0.562500 0.687500
vt 0.531250 0.375000
vt 0.531250 0.312500
vt 0.531250 0.812500
vt 0.531250 0.750000
vt 0.531250 0.250000
vt 0.531250 0.687500
vt 0.531250 0.187500
vt 0.531250 0.625000
vt 0.531250 0.125000
vt 0.531250 0.562500
vt 0.531250 0.062500
vt 0.531250 0.500000
vt 0.546875 1.000000
vt 0.531250 0.937500
vt 0.546875 0.000000
vt 0.531250 0.437500
vt 0.531250 0.875000
vt 0.500000 0.125000
vt 0.500000 0.062500
vt 0.500000 0.562500
vt 0.500000 0.500000
vt 0.515625 1.000000
vt 0.500000 0.937500
vt 0.515625 0.000000
vt 0.500000 0.437500
vt 0.500000 0.875000
vt 0.500000 0.375000
vt 0.500000 0.812500
vt 0.500000 0.312500
vt 0.500000 0.750000
vt 0.500000 0.250000
vt 0.500000 0.687500
vt 0.500000 0.187500
vt 0.500000 0.625000
vt 0.468750 0.812500
vt 0.468750 0.750000
vt 0.468750 0.312500
vt 0.468750 0.250000
vt 0.468750 0.687500
vt 0.468750 0.187500
vt 0.468750 0.625000
vt 0.468750 0.125000
vt 0.468750 0.562500
vt 0.468750 0.062500
vt 0.468750 0.500000
vt 0.484375 1.000000
vt 0.468750 0.937500
vt 0.484375 0.000000
vt 0.468750 0.437500
vt 0.468750 0.875000
vt 0.468750 0.375000
vt 0.437500 0.562500
vt 0.437500 0.500000
vt 0.453125 1.000000
vt 0.437500 0.937500
vt 0.453125 0.000000
vt 0.437500 0.062500
vt 0.437500 0.437500
vt 0.437500 0.875000
vt 0.437500 0.375000
vt 0.437500 0.812500
vt 0.437500 0.312500
vt 0.437500 0.750000
vt 0.437500 0.250000
vt 0.437500 0.687500
vt 0.437500 0.187500
vt 0.437500 0.625000
vt 0.437500 0.125000
vt 0.406250 0.312500
vt 0.406250 0.250000
vt 0.406250 0.750000
vt 0.406250 0.687500
vt 0.406250 0.187500
vt 0.406250 0.625000
vt 0.406250 0.125000
vt 0.406250 0.562500
vt 0.406250 0.062500
vt 0.406250 0.500000
vt 0.421875 1.000000
vt 0.406250 0.937500
vt 0.421875 0.000000
vt 0.406250 0.437500
vt 0.406250 0.875000
vt 0.406250 0.375000
vt 0.406250 0.812500
vt 0.390625 1.000000
vt 0.375000 0.937500
vt 0.390625 0.000000
vt 0.375000 0.062500
vt 0.375000 0.500000
vt 0.375000 0.437500
vt 0.375000 0.875000
vt 0.375000 0.375000
vt 0.375000 0.812500
vt 0.375000 0.312500
vt 0.375000 0.750000
vt 0.375000 0.250000
vt 0.375000 0.687500
vt 0.375000 0.187500
vt 0.375000 0.625000
vt 0.375000 0.125000
vt 0.375000 0.562500
vt 0.343750 0.750000
vt 0.343750 0.687500
vt 0.343750 0.250000
vt 0.343750 0.187500
vt 0.343750 0.625000
vt 0.343750 0.125000
vt 0.343750 0.562500
vt 0.343750 0.062500
vt 0.343750 0.500000
vt 0.359375 1.000000
vt 0.343750 0.937500
vt 0.359375 0.000000
vt 0.343750 0.437500
vt 0.343750 0.875000
vt 0.343750 0.375000
vt 0.343750 0.812500
vt 0.343750 0.312500
vt 0.312500 0.500000
vt 0.312500 0.437500
vt 0.312500 0.937500
vt 0.312500 0.875000
vt 0.312500 0.375000
vt 0.312500 0.812500
vt 0.312500 0.312500
vt 0.312500 0.750000
vt 0.312500 0.250000
vt 0.312500 0.687500
vt 0.312500 0.187500
vt 0.312500 0.625000
vt 0.312500 0.125000
vt 0.312500 0.562500
vt 0.312500 0.062500
vt 0.328125 1.000000
vt 0.328125 0.000000
vt 0.281250 0.250000
vt 0.281250 0.187500
vt 0.281250 0.687500
vt 0.281250 0.625000
vt 0.281250 0.125000
vt 0.281250 0.562500
vt 0.281250 0.062500
vt 0.281250 0.500000
vt 0.296875 1.000000
vt 0.281250 0.937500
vt 0.296875 0.000000
vt 0.281250 0.437500
vt 0.281250 0.875000
vt 0.281250 0.375000
vt 0.281250 0.812500
vt 0.281250 0.312500
vt 0.281250 0.750000
vt 0.250000 0.437500
vt 0.250000 0.375000
vt 0.250000 0.875000
vt 0.250000 0.812500
vt 0.250000 0.312500
vt 0.250000 0.750000
vt 0.250000 0.250000
vt 0.250000 0.687500
vt 0.250000 0.187500
vt 0.250000 0.625000
vt 0.250000 0.125000
vt 0.250000 0.562500
vt 0.250000 0.062500
vt 0.250000 0.500000
vt 0.265625 1.000000
vt 0.250000 0.937500
vt 0.265625 0.000000
vt 0.218750 0.187500
vt 0.218750 0.125000
vt 0.218750 0.625000
vt 0.218750 0.562500
vt 0.218750 0.062500
vt 0.218750 0.500000
vt 0.234375 1.000000
vt 0.218750 0.937500
vt 0.234375 0.000000
vt 0.218750 0.437500
vt 0.218750 0.875000
vt 0.218750 0.375000
vt 0.218750 0.812500
vt 0.218750 0.312500
vt 0.218750 0.750000
vt 0.218750 0.250000
vt 0.218750 0.687500
vt 0.187500 0.875000
vt 0.187500 0.812500
vt 0.187500 0.375000
vt 0.187500 0.312500
vt 0.187500 0.750000
vt 0.187500 0.250000
vt 0.187500 0.687500
vt 0.187500 0.187500
vt 0.187500 0.625000
vt 0.187500 0.125000
vt 0.187500 0.562500
vt 0.187500 0.062500
vt 0.187500 0.500000
vt 0.203125 1.000000
vt 0.187500 0.937500
vt 0.203125 0.000000
vt 0.187500 0.437500
vt 0.156250 0.625000
vt 0.156250 0.562500
vt 0.156250 0.125000
vt 0.156250 0.062500
vt 0.156250 0.500000
vt 0.171875 1.000000
vt 0.156250 0.937500
vt 0.171875 0.000000
vt 0.156250 0.437500
vt 0.156250 0.875000
vt 0.156250 0.375000
vt 0.156250 0.812500
vt 0.156250 0.312500
vt 0.156250 0.750000
vt 0.156250 0.250000
vt 0.156250 0.687500
vt 0.156250 0.187500
vt 0.125000 0.375000
vt 0.125000 0.312500
vt 0.125000 0.812500
vt 0.125000 0.750000
vt 0.125000 0.250000
vt 0.125000 0.687500
vt 0.125000 0.187500
vt 0.125000 0.625000
vt 0.125000 0.125000
vt 0.125000 0.562500
vt 0.125000 0.062500
vt 0.125000 0.500000
vt 0.140625 1.000000
vt 0.125000 0.937500
vt 0.140625 0.000000
vt 0.125000 0.437500
vt 0.125000 0.875000
vt 0.093750 0.125000
vt 0.093750 0.062500
vt 0.093750 0.562500
vt 0.093750 0.500000
vt 0.109375 1.000000
vt 0.093750 0.937500
vt 0.109375 0.000000
vt 0.093750 0.437500
vt 0.093750 0.875000
vt 0.093750 0.375000
vt 0.093750 0.812500
vt 0.093750 0.312500
vt 0.093750 0.750000
vt 0.093750 0.250000
vt 0.093750 0.687500
vt 0.093750 0.187500
vt 0.093750 0.625000
vt 0.062500 0.812500
vt 0.062500 0.750000
vt 0.062500 0.312500
vt 0.062500 0.250000
vt 0.062500 0.687500
vt 0.062500 0.187500
vt 0.062500 0.625000
vt 0.062500 0.125000
vt 0.062500 0.562500
vt 0.062500 0.062500
vt 0.062500 0.500000
vt 0.078125 1.000000
vt 0.062500 0.937500
vt 0.078125 0.000000
vt 0.062500 0.437500
vt 0.062500 0.875000
vt 0.062500 0.375000
vt 0.031250 0.562500
vt 0.031250 0.500000
vt 0.046875 1.000000
vt 0.031250 0.937500
vt 0.046875 0.000000
vt 0.031250 0.062500
vt 0.031250 0.437500
vt 0.031250 0.875000
vt 0.031250 0.375000
vt 0.031250 0.812500
vt 0.031250 0.312500
vt 0.031250 0.750000
vt 0.031250 0.250000
vt 0.031250 0.687500
vt 0.031250 0.187500
vt 0.031250 0.625000
vt 0.031250 0.125000
vt 0.000000 0.312500
vt 0.000000 0.250000
vt 0.000000 0.750000
vt 0.000000 0.687500
vt 0.000000 0.187500
vt 0.000000 0.625000
vt 0.000000 0.125000
vt 0.000000 0.562500
vt 0.000000 0.062500
vt 0.000000 0.500000
vt 0.015625 1.000000
vt 0.000000 0.937500
vt 0.015625 0.000000
vt 0.000000 0.437500
vt 0.000000 0.875000
vt 0.000000 0.375000
vt 0.000000 0.812500
vt 0.984375 0.000000
vt 1.000000 0.062500
vt 0.968750 0.062500
vt 1.000000 0.437500
vt 1.000000 0.500000
vt 0.968750 0.500000
vt 0.968750 0.437500
vt 1.000000 0.875000
vt 1.000000 0.937500
vt 0.968750 0.937500
vt 0.968750 0.875000
vt 1.000000 0.375000
vt 0.968750 0.375000
vt 1.000000 0.812500
vt 0.968750 0.812500
vt 1.000000 0.312500
vt 0.968750 0.312500
vt 1.000000 0.750000
vt 0.968750 0.750000
vt 1.000000 0.250000
vt 0.968750 0.250000
vt 1.000000 0.687500
vt 0.968750 0.687500
vt 1.000000 0.187500
vt 0.968750 0.187500
vt 1.000000 0.625000
vt 0.968750 0.625000
vt 1.000000 0.125000
vt 0.968750 0.125000
vt 1.000000 0.562500
vt 0.968750 0.562500
vt 0.984375 1.000000
vt 0.937500 0.250000
vt 0.937500 0.187500
vt 0.937500 0.687500
vt 0.937500 0.625000
vt 0.937500 0.125000
vt 0.937500 0.562500
vt 0.937500 0.062500
vt 0.937500 0.500000
vt 0.953125 1.000000
vt 0.937500 0.937500
vt 0.953125 0.000000
vt 0.937500 0.437500
vt 0.937500 0.875000
vt 0.937500 0.375000
vt 0.937500 0.812500
vt 0.937500 0.312500
vt 0.937500 0.750000
vt 0.906250 0.937500
vt 0.906250 0.875000
vt 0.906250 0.437500
vt 0.906250 0.375000
vt 0.906250 0.812500
vt 0.906250 0.312500
vt 0.906250 0.750000
vt 0.906250 0.250000
vt 0.906250 0.687500
vt 0.906250 0.187500
vt 0.906250 0.625000
vt 0.906250 0.125000
vt 0.906250 0.562500
vt 0.906250 0.062500
vt 0.906250 0.500000
vt 0.921875 1.000000
vt 0.921875 0.000000
vt 0.875000 0.687500
vt 0.875000 0.625000
vt 0.875000 0.187500
vt 0.875000 0.125000
vt 0.875000 0.562500
vt 0.875000 0.062500
vt 0.875000 0.500000
vt 0.890625 1.000000
vt 0.875000 0.937500
vt 0.890625 0.000000
vt 0.875000 0.437500
vt 0.875000 0.875000
vt 0.875000 0.375000
vt 0.875000 0.812500
vt 0.875000 0.312500
vt 0.875000 0.750000
vt 0.875000 0.250000
vt 0.843750 0.437500
vt 0.843750 0.375000
vt 0.843750 0.875000
vt 0.843750 0.812500
vt 0.843750 0.312500
vt 0.843750 0.750000
vt 0.843750 0.250000
vt 0.843750 0.687500
vt 0.843750 0.187500
vt 0.843750 0.625000
vt 0.843750 0.125000
vt 0.843750 0.562500
vt 0.843750 0.062500
vt 0.843750 0.500000
vt 0.859375 1.000000
vt 0.843750 0.937500
vt 0.859375 0.000000
vt 0.812500 0.187500
vt 0.812500 0.125000
vt 0.812500 0.625000
vt 0.812500 0.562500
vt 0.812500 0.062500
vt 0.812500 0.500000
vt 0.828125 1.000000
vt 0.812500 0.937500
vt 0.828125 0.000000
vt 0.812500 0.437500
vt 0.812500 0.875000
vt 0.812500 0.375000
vt 0.812500 0.812500
vt 0.812500 0.312500
vt 0.812500 0.750000
vt 0.812500 0.250000
vt 0.812500 0.687500
vt 0.781250 0.875000
vt 0.781250 0.812500
vt 0.781250 0.375000
vt 0.781250 0.312500
vt 0.781250 0.750000
vt 0.781250 0.250000
vt 0.781250 0.687500
vt 0.781250 0.187500
vt 0.781250 0.625000
vt 0.781250 0.125000
vt 0.781250 0.562500
vt 0.781250 0.062500
vt 0.781250 0.500000
vt 0.796875 1.000000
vt 0.781250 0.937500
vt 0.796875 0.000000
vt 0.781250 0.437500
vt 0.765625 1.000000
vt 0.765625 0.000000
s 0
usemtl Material.009
f 1300/666/615 1299/667/615 840/668/615 841/669/615
f 823/670/616 1296/671/616 833/672/616 834/673/616
f 1301/674/617 1300/666/617 841/669/617 842/675/617
f 824/676/618 823/670/618 834/673/618 835/677/618
f 1293/678/619 820/679/619 828/680/619
f 827/681/620 1301/674/620 842/675/620
f 825/682/621 824/676/621 835/677/621 836/683/621
f 1294/684/622 1293/678/622 828/680/622 829/685/622
f 1297/686/623 825/682/623 836/683/623 837/687/623
f 821/688/624 1294/684/624 829/685/624 830/689/624
f 826/690/625 1297/686/625 837/687/625 838/691/625
f 1295/692/626 821/688/626 830/689/626 831/693/626
f 1298/694/627 826/690/627 838/691/627 839/695/627
f 822/696/628 1295/692/628 831/693/628 832/697/628
f 1299/667/629 1298/694/629 839/695/629 840/668/629
f 1296/671/630 822/696/630 832/697/630 833/672/630
f 840/668/631 839/695/631 854/698/631 855/699/631
f 833/672/632 832/697/632 847/700/632 848/701/632
f 841/669/633 840/668/633 855/699/633 856/702/633
f 834/673/634 833/672/634 848/701/634 849/703/634
f 842/675/635 841/669/635 856/702/635 857/704/635
f 835/677/636 834/673/636 849/703/636 850/705/636
f 828/680/637 820/706/637 843/707/637
f 827/708/638 842/675/638 857/704/638
f 836/683/639 835/677/639 850/705/639 851/709/639
f 829/685/640 828/680/640 843/707/640 844/710/640
f 837/687/641 836/683/641 851/709/641 852/711/641
f 830/689/642 829/685/642 844/710/642 845/712/642
f 838/691/643 837/687/643 852/711/643 853/713/643
f 831/693/644 830/689/644 845/712/644 846/714/644
f 839/695/645 838/691/645 853/713/645 854/698/645
f 832/697/646 831/693/646 846/714/646 847/700/646
f 844/710/647 843/707/647 858/715/647 859/716/647
f 852/711/648 851/709/648 866/717/648 867/718/648
f 845/712/649 844/710/649 859/716/649 860/719/649
f 853/713/650 852/711/650 867/718/650 868/720/650
f 846/714/651 845/712/651 860/719/651 861/721/651
f 854/698/652 853/713/652 868/720/652 869/722/652
f 847/700/653 846/714/653 861/721/653 862/723/653
f 855/699/654 854/698/654 869/722/654 870/724/654
f 848/701/655 847/700/655 862/723/655 863/725/655
f 856/702/656 855/699/656 870/724/656 871/726/656
f 849/703/657 848/701/657 863/725/657 864/727/657
f 857/704/658 856/702/658 871/726/658 872/728/658
f 850/705/659 849/703/659 864/727/659 865/729/659
f 843/707/660 820/730/660 858/715/660
f 827/731/661 857/704/661 872/728/661
f 851/709/662 850/705/662 865/729/662 866/717/662
f 863/725/663 862/723/663 877/732/663 878/733/663
f 871/726/664 870/724/664 885/734/664 886/735/664
f 864/727/665 863/725/665 878/733/665 879/736/665
f 872/728/666 871/726/666 886/735/666 887/737/666
f 865/729/667 864/727/667 879/736/667 880/738/667
f 858/715/668 820/739/668 873/740/668
f 827/741/669 872/728/669 887/737/669
f 866/717/670 865/729/670 880/738/670 881/742/670
f 859/716/671 858/715/671 873/740/671 874/743/671
f 867/718/672 866/717/672 881/742/672 882/744/672
f 860/719/673 859/716/673 874/743/673 875/745/673
f 868/720/674 867/718/674 882/744/674 883/746/674
f 861/721/675 860/719/675 875/745/675 876/747/675
f 869/722/676 868/720/676 883/746/676 884/748/676
f 862/723/677 861/721/677 876/747/677 877/732/677
f 870/724/678 869/722/678 884/748/678 885/734/678
f 882/744/679 881/742/679 896/749/679 897/750/679
f 875/745/680 874/743/680 889/751/680 890/752/680
f 883/746/681 882/744/681 897/750/681 898/753/681
f 876/747/682 875/745/682 890/752/682 891/754/682
f 884/748/683 883/746/683 898/753/683 899/755/683
f 877/732/684 876/747/684 891/754/684 892/756/684
f 885/734/685 884/748/685 899/755/685 900/757/685
f 878/733/686 877/732/686 892/756/686 893/758/686
f 886/735/687 885/734/687 900/757/687 901/759/687
f 879/736/688 878/733/688 893/758/688 894/760/688
f 887/737/689 886/735/689 901/759/689 902/761/689
f 880/738/690 879/736/690 894/760/690 895/762/690
f 873/740/691 820/763/691 888/764/691
f 827/765/692 887/737/692 902/761/692
f 881/742/693 880/738/693 895/762/693 896/749/693
f 874/743/694 873/740/694 888/764/694 889/751/694
f 901/759/695 900/757/695 915/766/695 916/767/695
f 894/760/696 893/758/696 908/768/696 909/769/696
f 902/761/697 901/759/697 916/767/697 917/770/697
f 895/762/698 894/760/698 909/769/698 910/771/698
f 888/764/699 820/772/699 903/773/699
f 827/774/700 902/761/700 917/770/700
f 896/749/701 895/762/701 910/771/701 911/775/701
f 889/751/702 888/764/702 903/773/702 904/776/702
f 897/750/703 896/749/703 911/775/703 912/777/703
f 890/752/704 889/751/704 904/776/704 905/778/704
f 898/753/705 897/750/705 912/777/705 913/779/705
f 891/754/706 890/752/706 905/778/706 906/780/706
f 899/755/707 898/753/707 913/779/707 914/781/707
f 892/756/708 891/754/708 906/780/708 907/782/708
f 900/757/709 899/755/709 914/781/709 915/766/709
f 893/758/710 892/756/710 907/782/710 908/768/710
f 913/779/711 912/777/711 927/783/711 928/784/711
f 906/780/712 905/778/712 920/785/712 921/786/712
f 914/781/713 913/779/713 928/784/713 929/787/713
f 907/782/714 906/780/714 921/786/714 922/788/714
f 915/766/715 914/781/715 929/787/715 930/789/715
f 908/768/716 907/782/716 922/788/716 923/790/716
f 916/767/717 915/766/717 930/789/717 931/791/717
f 909/769/718 908/768/718 923/790/718 924/792/718
f 917/770/719 916/767/719 931/791/719 932/793/719
f 910/771/720 909/769/720 924/792/720 925/794/720
f 903/773/721 820/795/721 918/796/721
f 827/797/722 917/770/722 932/793/722
f 911/775/723 910/771/723 925/794/723 926/798/723
f 904/776/724 903/773/724 918/796/724 919/799/724
f 912/777/725 911/775/725 926/798/725 927/783/725
f 905/778/726 904/776/726 919/799/726 920/785/726
f 932/793/727 931/791/727 946/800/727 947/801/727
f 925/794/728 924/792/728 939/802/728 940/803/728
f 918/796/729 820/804/729 933/805/729
f 827/806/730 932/793/730 947/801/730
f 926/798/731 925/794/731 940/803/731 941/807/731
f 919/799/732 918/796/732 933/805/732 934/808/732
f 927/783/733 926/798/733 941/807/733 942/809/733
f 920/785/734 919/799/734 934/808/734 935/810/734
f 928/784/735 927/783/735 942/809/735 943/811/735
f 921/786/736 920/785/736 935/810/736 936/812/736
f 929/787/737 928/784/737 943/811/737 944/813/737
f 922/788/738 921/786/738 936/812/738 937/814/738
f 930/789/739 929/787/739 944/813/739 945/815/739
f 923/790/740 922/788/740 937/814/740 938/816/740
f 931/791/741 930/789/741 945/815/741 946/800/741
f 924/792/742 923/790/742 938/816/742 939/802/742
f 936/812/743 935/810/743 950/817/743 951/818/743
f 944/813/744 943/811/744 958/819/744 959/820/744
f 937/814/745 936/812/745 951/818/745 952/821/745
f 945/815/746 944/813/746 959/820/746 960/822/746
f 938/816/747 937/814/747 952/821/747 953/823/747
f 946/800/748 945/815/748 960/822/748 961/824/748
f 939/802/749 938/816/749 953/823/749 954/825/749
f 947/801/750 946/800/750 961/824/750 962/826/750
f 940/803/751 939/802/751 954/825/751 955/827/751
f 933/805/752 820/828/752 948/829/752
f 827/830/753 947/801/753 962/826/753
f 941/807/754 940/803/754 955/827/754 956/831/754
f 934/808/755 933/805/755 948/829/755 949/832/755
f 942/809/756 941/807/756 956/831/756 957/833/756
f 935/810/757 934/808/757 949/832/757 950/817/757
f 943/811/758 942/809/758 957/833/758 958/819/758
f 955/827/759 954/825/759 969/834/759 970/835/759
f 948/829/760 820/836/760 963/837/760
f 827/838/761 962/826/761 977/839/761
f 956/831/762 955/827/762 970/835/762 971/840/762
f 949/832/763 948/829/763 963/837/763 964/841/763
f 957/833/764 956/831/764 971/840/764 972/842/764
f 950/817/765 949/832/765 964/841/765 965/843/765
f 958/819/766 957/833/766 972/842/766 973/844/766
f 951/818/767 950/817/767 965/843/767 966/845/767
f 959/820/768 958/819/768 973/844/768 974/846/768
f 952/821/769 951/818/769 966/845/769 967/847/769
f 960/822/770 959/820/770 974/846/770 975/848/770
f 953/823/771 952/821/771 967/847/771 968/849/771
f 961/824/772 960/822/772 975/848/772 976/850/772
f 954/825/773 953/823/773 968/849/773 969/834/773
f 962/826/774 961/824/774 976/850/774 977/839/774
f 974/846/775 973/844/775 988/851/775 989/852/775
f 967/847/776 966/845/776 981/853/776 982/854/776
f 975/848/777 974/846/777 989/852/777 990/855/777
f 968/849/778 967/847/778 982/854/778 983/856/778
f 976/850/779 975/848/779 990/855/779 991/857/779
f 969/834/780 968/849/780 983/856/780 984/858/780
f 977/839/781 976/850/781 991/857/781 992/859/781
f 970/835/782 969/834/782 984/858/782 985/860/782
f 963/837/783 820/861/783 978/862/783
f 827/863/784 977/839/784 992/859/784
f 971/840/785 970/835/785 985/860/785 986/864/785
f 964/841/786 963/837/786 978/862/786 979/865/786
f 972/842/787 971/840/787 986/864/787 987/866/787
f 965/843/788 964/841/788 979/865/788 980/867/788
f 973/844/789 972/842/789 987/866/789 988/851/789
f 966/845/790 965/843/790 980/867/790 981/853/790
f 978/862/791 820/868/791 993/869/791
f 827/870/792 992/859/792 1007/871/792
f 986/864/793 985/860/793 1000/872/793 1001/873/793
f 979/865/794 978/862/794 993/869/794 994/874/794
f 987/866/795 986/864/795 1001/873/795 1002/875/795
f 980/867/796 979/865/796 994/874/796 995/876/796
f 988/851/797 987/866/797 1002/875/797 1003/877/797
f 981/853/798 980/867/798 995/876/798 996/878/798
f 989/852/799 988/851/799 1003/877/799 1004/879/799
f 982/854/800 981/853/800 996/878/800 997/880/800
f 990/855/801 989/852/801 1004/879/801 1005/881/801
f 983/856/802 982/854/802 997/880/802 998/882/802
f 991/857/803 990/855/803 1005/881/803 1006/883/803
f 984/858/804 983/856/804 998/882/804 999/884/804
f 992/859/805 991/857/805 1006/883/805 1007/871/805
f 985/860/806 984/858/806 999/884/806 1000/872/806
f 997/880/807 996/878/807 1011/885/807 1012/886/807
f 1005/881/808 1004/879/808 1019/887/808 1020/888/808
f 998/882/809 997/880/809 1012/886/809 1013/889/809
f 1006/883/810 1005/881/810 1020/888/810 1021/890/810
f 999/884/811 998/882/811 1013/889/811 1014/891/811
f 1007/871/812 1006/883/812 1021/890/812 1022/892/812
f 1000/872/813 999/884/813 1014/891/813 1015/893/813
f 993/869/814 820/894/814 1008/895/814
f 827/896/815 1007/871/815 1022/892/815
f 1001/873/816 1000/872/816 1015/893/816 1016/897/816
f 994/874/817 993/869/817 1008/895/817 1009/898/817
f 1002/875/818 1001/873/818 1016/897/818 1017/899/818
f 995/876/819 994/874/819 1009/898/819 1010/900/819
f 1003/877/820 1002/875/820 1017/899/820 1018/901/820
f 996/878/821 995/876/821 1010/900/821 1011/885/821
f 1004/879/822 1003/877/822 1018/901/822 1019/887/822
f 1016/897/823 1015/893/823 1030/902/823 1031/903/823
f 1009/898/824 1008/895/824 1023/904/824 1024/905/824
f 1017/899/825 1016/897/825 1031/903/825 1032/906/825
f 1010/900/826 1009/898/826 1024/905/826 1025/907/826
f 1018/901/827 1017/899/827 1032/906/827 1033/908/827
f 1011/885/828 1010/900/828 1025/907/828 1026/909/828
f 1019/887/829 1018/901/829 1033/908/829 1034/910/829
f 1012/886/830 1011/885/830 1026/909/830 1027/911/830
f 1020/888/831 1019/887/831 1034/910/831 1035/912/831
f 1013/889/832 1012/886/832 1027/911/832 1028/913/832
f 1021/890/833 1020/888/833 1035/912/833 1036/914/833
f 1014/891/834 1013/889/834 1028/913/834 1029/915/834
f 1022/892/835 1021/890/835 1036/914/835 1037/916/835
f 1015/893/836 1014/891/836 1029/915/836 1030/902/836
f 1008/895/837 820/917/837 1023/904/837
f 827/918/838 1022/892/838 1037/916/838
f 1035/912/839 1034/910/839 1049/919/839 1050/920/839
f 1028/913/840 1027/911/840 1042/921/840 1043/922/840
f 1036/914/841 1035/912/841 1050/920/841 1051/923/841
f 1029/915/842 1028/913/842 1043/922/842 1044/924/842
f 1037/916/843 1036/914/843 1051/923/843 1052/925/843
f 1030/902/844 1029/915/844 1044/924/844 1045/926/844
f 1023/904/845 820/927/845 1038/928/845
f 827/929/846 1037/916/846 1052/925/846
f 1031/903/847 1030/902/847 1045/926/847 1046/930/847
f 1024/905/848 1023/904/848 1038/928/848 1039/931/848
f 1032/906/849 1031/903/849 1046/930/849 1047/932/849
f 1025/907/850 1024/905/850 1039/931/850 1040/933/850
f 1033/908/851 1032/906/851 1047/932/851 1048/934/851
f 1026/909/852 1025/907/852 1040/933/852 1041/935/852
f 1034/910/853 1033/908/853 1048/934/853 1049/919/853
f 1027/911/854 1026/909/854 1041/935/854 1042/921/854
f 1047/932/855 1046/930/855 1061/936/855 1062/937/855
f 1040/933/856 1039/931/856 1054/938/856 1055/939/856
f 1048/934/857 1047/932/857 1062/937/857 1063/940/857
f 1041/935/858 1040/933/858 1055/939/858 1056/941/858
f 1049/919/859 1048/934/859 1063/940/859 1064/942/859
f 1042/921/860 1041/935/860 1056/941/860 1057/943/860
f 1050/920/861 1049/919/861 1064/942/861 1065/944/861
f 1043/922/862 1042/921/862 1057/943/862 1058/945/862
f 1051/923/863 1050/920/863 1065/944/863 1066/946/863
f 1044/924/864 1043/922/864 1058/945/864 1059/947/864
f 1052/925/865 1051/923/865 1066/946/865 1067/948/865
f 1045/926/866 1044/924/866 1059/947/866 1060/949/866
f 1038/928/867 820/950/867 1053/951/867
f 827/952/868 1052/925/868 1067/948/868
f 1046/930/869 1045/926/869 1060/949/869 1061/936/869
f 1039/931/870 1038/928/870 1053/951/870 1054/938/870
f 1066/946/871 1065/944/871 1080/953/871 1081/954/871
f 1059/947/872 1058/945/872 1073/955/872 1074/956/872
f 1067/948/873 1066/946/873 1081/954/873 1082/957/873
f 1060/949/874 1059/947/874 1074/956/874 1075/958/874
f 1053/951/875 820/959/875 1068/960/875
f 827/961/876 1067/948/876 1082/957/876
f 1061/936/877 1060/949/877 1075/958/877 1076/962/877
f 1054/938/878 1053/951/878 1068/960/878 1069/963/878
f 1062/937/879 1061/936/879 1076/962/879 1077/964/879
f 1055/939/880 1054/938/880 1069/963/880 1070/965/880
f 1063/940/881 1062/937/881 1077/964/881 1078/966/881
f 1056/941/882 1055/939/882 1070/965/882 1071/967/882
f 1064/942/883 1063/940/883 1078/966/883 1079/968/883
f 1057/943/884 1056/941/884 1071/967/884 1072/969/884
f 1065/944/885 1064/942/885 1079/968/885 1080/953/885
f 1058/945/886 1057/943/886 1072/969/886 1073/955/886
f 1070/965/887 1069/963/887 1084/970/887 1085/971/887
f 1078/966/888 1077/964/888 1092/972/888 1093/973/888
f 1071/967/889 1070/965/889 1085/971/889 1086/974/889
f 1079/968/890 1078/966/890 1093/973/890 1094/975/890
f 1072/969/891 1071/967/891 1086/974/891 1087/976/891
f 1080/953/892 1079/968/892 1094/975/892 1095/977/892
f 1073/955/893 1072/969/893 1087/976/893 1088/978/893
f 1081/954/894 1080/953/894 1095/977/894 1096/979/894
f 1074/956/895 1073/955/895 1088/978/895 1089/980/895
f 1082/957/896 1081/954/896 1096/979/896 1097/981/896
f 1075/958/897 1074/956/897 1089/980/897 1090/982/897
f 1068/960/898 820/983/898 1083/984/898
f 827/985/899 1082/957/899 1097/981/899
f 1076/962/900 1075/958/900 1090/982/900 1091/986/900
f 1069/963/901 1068/960/901 1083/984/901 1084/970/901
f 1077/964/902 1076/962/902 1091/986/902 1092/972/902
f 1089/980/903 1088/978/903 1103/987/903 1104/988/903
f 1097/981/904 1096/979/904 1111/989/904 1112/990/904
f 1090/982/905 1089/980/905 1104/988/905 1105/991/905
f 1083/984/906 820/992/906 1098/993/906
f 827/994/907 1097/981/907 1112/990/907
f 1091/986/908 1090/982/908 1105/991/908 1106/995/908
f 1084/970/909 1083/984/909 1098/993/909 1099/996/909
f 1092/972/910 1091/986/910 1106/995/910 1107/997/910
f 1085/971/911 1084/970/911 1099/996/911 1100/998/911
f 1093/973/912 1092/972/912 1107/997/912 1108/999/912
f 1086/974/913 1085/971/913 1100/998/913 1101/1000/913
f 1094/975/914 1093/973/914 1108/999/914 1109/1001/914
f 1087/976/915 1086/974/915 1101/1000/915 1102/1002/915
f 1095/977/916 1094/975/916 1109/1001/916 1110/1003/916
f 1088/978/917 1087/976/917 1102/1002/917 1103/987/917
f 1096/979/918 1095/977/918 1110/1003/918 1111/989/918
f 1108/999/919 1107/997/919 1122/1004/919 1123/1005/919
f 1101/1000/920 1100/998/920 1115/1006/920 1116/1007/920
f 1109/1001/921 1108/999/921 1123/1005/921 1124/1008/921
f 1102/1002/922 1101/1000/922 1116/1007/922 1117/1009/922
f 1110/1003/923 1109/1001/923 1124/1008/923 1125/1010/923
f 1103/987/924 1102/1002/924 1117/1009/924 1118/1011/924
f 1111/989/925 1110/1003/925 1125/1010/925 1126/1012/925
f 1104/988/926 1103/987/926 1118/1011/926 1119/1013/926
f 1112/990/927 1111/989/927 1126/1012/927 1127/1014/927
f 1105/991/928 1104/988/928 1119/1013/928 1120/1015/928
f 1098/993/929 820/1016/929 1113/1017/929
f 827/1018/930 1112/990/930 1127/1014/930
f 1106/995/931 1105/991/931 1120/1015/931 1121/1019/931
f 1099/996/932 1098/993/932 1113/1017/932 1114/1020/932
f 1107/997/933 1106/995/933 1121/1019/933 1122/1004/933
f 1100/998/934 1099/996/934 1114/1020/934 1115/1006/934
f 1127/1014/935 1126/1012/935 1141/1021/935 1142/1022/935
f 1120/1015/936 1119/1013/936 1134/1023/936 1135/1024/936
f 1113/1017/937 820/1025/937 1128/1026/937
f 827/1027/938 1127/1014/938 1142/1022/938
f 1121/1019/939 1120/1015/939 1135/1024/939 1136/1028/939
f 1114/1020/940 1113/1017/940 1128/1026/940 1129/1029/940
f 1122/1004/941 1121/1019/941 1136/1028/941 1137/1030/941
f 1115/1006/942 1114/1020/942 1129/1029/942 1130/1031/942
f 1123/1005/943 1122/1004/943 1137/1030/943 1138/1032/943
f 1116/1007/944 1115/1006/944 1130/1031/944 1131/1033/944
f 1124/1008/945 1123/1005/945 1138/1032/945 1139/1034/945
f 1117/1009/946 1116/1007/946 1131/1033/946 1132/1035/946
f 1125/1010/947 1124/1008/947 1139/1034/947 1140/1036/947
f 1118/1011/948 1117/1009/948 1132/1035/948 1133/1037/948
f 1126/1012/949 1125/1010/949 1140/1036/949 1141/1021/949
f 1119/1013/950 1118/1011/950 1133/1037/950 1134/1023/950
f 1131/1033/951 1130/1031/951 1145/1038/951 1146/1039/951
f 1139/1034/952 1138/1032/952 1153/1040/952 1154/1041/952
f 1132/1035/953 1131/1033/953 1146/1039/953 1147/1042/953
f 1140/1036/954 1139/1034/954 1154/1041/954 1155/1043/954
f 1133/1037/955 1132/1035/955 1147/1042/955 1148/1044/955
f 1141/1021/956 1140/1036/956 1155/1043/956 1156/1045/956
f 1134/1023/957 1133/1037/957 1148/1044/957 1149/1046/957
f 1142/1022/958 1141/1021/958 1156/1045/958 1157/1047/958
f 1135/1024/959 1134/1023/959 1149/1046/959 1150/1048/959
f 1128/1026/960 820/1049/960 1143/1050/960
f 827/1051/961 1142/1022/961 1157/1047/961
f 1136/1028/962 1135/1024/962 1150/1048/962 1151/1052/962
f 1129/1029/963 1128/1026/963 1143/1050/963 1144/1053/963
f 1137/1030/964 1136/1028/964 1151/1052/964 1152/1054/964
f 1130/1031/965 1129/1029/965 1144/1053/965 1145/1038/965
f 1138/1032/966 1137/1030/966 1152/1054/966 1153/1040/966
f 1150/1048/967 1149/1046/967 1164/1055/967 1165/1056/967
f 1143/1050/968 820/1057/968 1158/1058/968
f 827/1059/969 1157/1047/969 1172/1060/969
f 1151/1052/970 1150/1048/970 1165/1056/970 1166/1061/970
f 1144/1053/971 1143/1050/971 1158/1058/971 1159/1062/971
f 1152/1054/972 1151/1052/972 1166/1061/972 1167/1063/972
f 1145/1038/973 1144/1053/973 1159/1062/973 1160/1064/973
f 1153/1040/974 1152/1054/974 1167/1063/974 1168/1065/974
f 1146/1039/975 1145/1038/975 1160/1064/975 1161/1066/975
f 1154/1041/976 1153/1040/976 1168/1065/976 1169/1067/976
f 1147/1042/977 1146/1039/977 1161/1066/977 1162/1068/977
f 1155/1043/978 1154/1041/978 1169/1067/978 1170/1069/978
f 1148/1044/979 1147/1042/979 1162/1068/979 1163/1070/979
f 1156/1045/980 1155/1043/980 1170/1069/980 1171/1071/980
f 1149/1046/981 1148/1044/981 1163/1070/981 1164/1055/981
f 1157/1047/982 1156/1045/982 1171/1071/982 1172/1060/982
f 1169/1067/983 1168/1065/983 1183/1072/983 1184/1073/983
f 1162/1068/984 1161/1066/984 1176/1074/984 1177/1075/984
f 1170/1069/985 1169/1067/985 1184/1073/985 1185/1076/985
f 1163/1070/986 1162/1068/986 1177/1075/986 1178/1077/986
f 1171/1071/987 1170/1069/987 1185/1076/987 1186/1078/987
f 1164/1055/988 1163/1070/988 1178/1077/988 1179/1079/988
f 1172/1060/989 1171/1071/989 1186/1078/989 1187/1080/989
f 1165/1056/990 1164/1055/990 1179/1079/990 1180/1081/990
f 1158/1058/991 820/1082/991 1173/1083/991
f 827/1084/992 1172/1060/992 1187/1080/992
f 1166/1061/993 1165/1056/993 1180/1081/993 1181/1085/993
f 1159/1062/994 1158/1058/994 1173/1083/994 1174/1086/994
f 1167/1063/995 1166/1061/995 1181/1085/995 1182/1087/995
f 1160/1064/996 1159/1062/996 1174/1086/996 1175/1088/996
f 1168/1065/997 1167/1063/997 1182/1087/997 1183/1072/997
f 1161/1066/998 1160/1064/998 1175/1088/998 1176/1074/998
f 827/1089/999 1187/1090/999 1202/1091/999
f 1181/1092/1000 1180/1093/1000 1195/1094/1000 1196/1095/1000
f 1174/1096/1001 1173/1097/1001 1188/1098/1001 1189/1099/1001
f 1182/1100/1002 1181/1092/1002 1196/1095/1002 1197/1101/1002
f 1175/1102/1003 1174/1096/1003 1189/1099/1003 1190/1103/1003
f 1183/1104/1004 1182/1100/1004 1197/1101/1004 1198/1105/1004
f 1176/1106/1005 1175/1102/1005 1190/1103/1005 1191/1107/1005
f 1184/1108/1006 1183/1104/1006 1198/1105/1006 1199/1109/1006
f 1177/1110/1007 1176/1106/1007 1191/1107/1007 1192/1111/1007
f 1185/1112/1008 1184/1108/1008 1199/1109/1008 1200/1113/1008
f 1178/1114/1009 1177/1110/1009 1192/1111/1009 1193/1115/1009
f 1186/1116/1010 1185/1112/1010 1200/1113/1010 1201/1117/1010
f 1179/1118/1011 1178/1114/1011 1193/1115/1011 1194/1119/1011
f 1187/1090/1012 1186/1116/1012 1201/1117/1012 1202/1091/1012
f 1180/1093/1013 1179/1118/1013 1194/1119/1013 1195/1094/1013
f 1173/1097/1014 820/1120/1014 1188/1098/1014
f 1200/1113/1015 1199/1109/1015 1214/1121/1015 1215/1122/1015
f 1193/1115/1016 1192/1111/1016 1207/1123/1016 1208/1124/1016
f 1201/1117/1017 1200/1113/1017 1215/1122/1017 1216/1125/1017
f 1194/1119/1018 1193/1115/1018 1208/1124/1018 1209/1126/1018
f 1202/1091/1019 1201/1117/1019 1216/1125/1019 1217/1127/1019
f 1195/1094/1020 1194/1119/1020 1209/1126/1020 1210/1128/1020
f 1188/1098/1021 820/1129/1021 1203/1130/1021
f 827/1131/1022 1202/1091/1022 1217/1127/1022
f 1196/1095/1023 1195/1094/1023 1210/1128/1023 1211/1132/1023
f 1189/1099/1024 1188/1098/1024 1203/1130/1024 1204/1133/1024
f 1197/1101/1025 1196/1095/1025 1211/1132/1025 1212/1134/1025
f 1190/1103/1026 1189/1099/1026 1204/1133/1026 1205/1135/1026
f 1198/1105/1027 1197/1101/1027 1212/1134/1027 1213/1136/1027
f 1191/1107/1028 1190/1103/1028 1205/1135/1028 1206/1137/1028
f 1199/1109/1029 1198/1105/1029 1213/1136/1029 1214/1121/1029
f 1192/1111/1030 1191/1107/1030 1206/1137/1030 1207/1123/1030
f 1204/1133/1031 1203/1130/1031 1218/1138/1031 1219/1139/1031
f 1212/1134/1032 1211/1132/1032 1226/1140/1032 1227/1141/1032
f 1205/1135/1033 1204/1133/1033 1219/1139/1033 1220/1142/1033
f 1213/1136/1034 1212/1134/1034 1227/1141/1034 1228/1143/1034
f 1206/1137/1035 1205/1135/1035 1220/1142/1035 1221/1144/1035
f 1214/1121/1036 1213/1136/1036 1228/1143/1036 1229/1145/1036
f 1207/1123/1037 1206/1137/1037 1221/1144/1037 1222/1146/1037
f 1215/1122/1038 1214/1121/1038 1229/1145/1038 1230/1147/1038
f 1208/1124/1039 1207/1123/1039 1222/1146/1039 1223/1148/1039
f 1216/1125/1040 1215/1122/1040 1230/1147/1040 1231/1149/1040
f 1209/1126/1041 1208/1124/1041 1223/1148/1041 1224/1150/1041
f 1217/1127/1042 1216/1125/1042 1231/1149/1042 1232/1151/1042
f 1210/1128/1043 1209/1126/1043 1224/1150/1043 1225/1152/1043
f 1203/1130/1044 820/1153/1044 1218/1138/1044
f 827/1154/1045 1217/1127/1045 1232/1151/1045
f 1211/1132/1046 1210/1128/1046 1225/1152/1046 1226/1140/1046
f 1223/1148/1047 1222/1146/1047 1237/1155/1047 1238/1156/1047
f 1231/1149/1048 1230/1147/1048 1245/1157/1048 1246/1158/1048
f 1224/1150/1049 1223/1148/1049 1238/1156/1049 1239/1159/1049
f 1232/1151/1050 1231/1149/1050 1246/1158/1050 1247/1160/1050
f 1225/1152/1051 1224/1150/1051 1239/1159/1051 1240/1161/1051
f 1218/1138/1052 820/1162/1052 1233/1163/1052
f 827/1164/1053 1232/1151/1053 1247/1160/1053
f 1226/1140/1054 1225/1152/1054 1240/1161/1054 1241/1165/1054
f 1219/1139/1055 1218/1138/1055 1233/1163/1055 1234/1166/1055
f 1227/1141/1056 1226/1140/1056 1241/1165/1056 1242/1167/1056
f 1220/1142/1057 1219/1139/1057 1234/1166/1057 1235/1168/1057
f 1228/1143/1058 1227/1141/1058 1242/1167/1058 1243/1169/1058
f 1221/1144/1059 1220/1142/1059 1235/1168/1059 1236/1170/1059
f 1229/1145/1060 1228/1143/1060 1243/1169/1060 1244/1171/1060
f 1222/1146/1061 1221/1144/1061 1236/1170/1061 1237/1155/1061
f 1230/1147/1062 1229/1145/1062 1244/1171/1062 1245/1157/1062
f 1242/1167/1063 1241/1165/1063 1256/1172/1063 1257/1173/1063
f 1235/1168/1064 1234/1166/1064 1249/1174/1064 1250/1175/1064
f 1243/1169/1065 1242/1167/1065 1257/1173/1065 1258/1176/1065
f 1236/1170/1066 1235/1168/1066 1250/1175/1066 1251/1177/1066
f 1244/1171/1067 1243/1169/1067 1258/1176/1067 1259/1178/1067
f 1237/1155/1068 1236/1170/1068 1251/1177/1068 1252/1179/1068
f 1245/1157/1069 1244/1171/1069 1259/1178/1069 1260/1180/1069
f 1238/1156/1070 1237/1155/1070 1252/1179/1070 1253/1181/1070
f 1246/1158/1071 1245/1157/1071 1260/1180/1071 1261/1182/1071
f 1239/1159/1072 1238/1156/1072 1253/1181/1072 1254/1183/1072
f 1247/1160/1073 1246/1158/1073 1261/1182/1073 1262/1184/1073
f 1240/1161/1074 1239/1159/1074 1254/1183/1074 1255/1185/1074
f 1233/1163/1075 820/1186/1075 1248/1187/1075
f 827/1188/1076 1247/1160/1076 1262/1184/1076
f 1241/1165/1077 1240/1161/1077 1255/1185/1077 1256/1172/1077
f 1234/1166/1078 1233/1163/1078 1248/1187/1078 1249/1174/1078
f 1261/1182/1079 1260/1180/1079 1275/1189/1079 1276/1190/1079
f 1254/1183/1080 1253/1181/1080 1268/1191/1080 1269/1192/1080
f 1262/1184/1081 1261/1182/1081 1276/1190/1081 1277/1193/1081
f 1255/1185/1082 1254/1183/1082 1269/1192/1082 1270/1194/1082
f 1248/1187/1083 820/1195/1083 1263/1196/1083
f 827/1197/1084 1262/1184/1084 1277/1193/1084
f 1256/1172/1085 1255/1185/1085 1270/1194/1085 1271/1198/1085
f 1249/1174/1086 1248/1187/1086 1263/1196/1086 1264/1199/1086
f 1257/1173/1087 1256/1172/1087 1271/1198/1087 1272/1200/1087
f 1250/1175/1088 1249/1174/1088 1264/1199/1088 1265/1201/1088
f 1258/1176/1089 1257/1173/1089 1272/1200/1089 1273/1202/1089
f 1251/1177/1090 1250/1175/1090 1265/1201/1090 1266/1203/1090
f 1259/1178/1091 1258/1176/1091 1273/1202/1091 1274/1204/1091
f 1252/1179/1092 1251/1177/1092 1266/1203/1092 1267/1205/1092
f 1260/1180/1093 1259/1178/1093 1274/1204/1093 1275/1189/1093
f 1253/1181/1094 1252/1179/1094 1267/1205/1094 1268/1191/1094
f 1265/1201/1095 1264/1199/1095 1279/1206/1095 1280/1207/1095
f 1273/1202/1096 1272/1200/1096 1287/1208/1096 1288/1209/1096
f 1266/1203/1097 1265/1201/1097 1280/1207/1097 1281/1210/1097
f 1274/1204/1098 1273/1202/1098 1288/1209/1098 1289/1211/1098
f 1267/1205/1099 1266/1203/1099 1281/1210/1099 1282/1212/1099
f 1275/1189/1100 1274/1204/1100 1289/1211/1100 1290/1213/1100
f 1268/1191/1101 1267/1205/1101 1282/1212/1101 1283/1214/1101
f 1276/1190/1102 1275/1189/1102 1290/1213/1102 1291/1215/1102
f 1269/1192/1103 1268/1191/1103 1283/1214/1103 1284/1216/1103
f 1277/1193/1104 1276/1190/1104 1291/1215/1104 1292/1217/1104
f 1270/1194/1105 1269/1192/1105 1284/1216/1105 1285/1218/1105
f 1263/1196/1106 820/1219/1106 1278/1220/1106
f 827/1221/1107 1277/1193/1107 1292/1217/1107
f 1271/1198/1108 1270/1194/1108 1285/1218/1108 1286/1222/1108
f 1264/1199/1109 1263/1196/1109 1278/1220/1109 1279/1206/1109
f 1272/1200/1110 1271/1198/1110 1286/1222/1110 1287/1208/1110
f 1284/1216/1111 1283/1214/1111 1296/671/1111 823/670/1111
f 1292/1217/1112 1291/1215/1112 1300/666/1112 1301/674/1112
f 1285/1218/1113 1284/1216/1113 823/670/1113 824/676/1113
f 1278/1220/1114 820/1223/1114 1293/678/1114
f 827/1224/1115 1292/1217/1115 1301/674/1115
f 1286/1222/1116 1285/1218/1116 824/676/1116 825/682/1116
f 1279/1206/1117 1278/1220/1117 1293/678/1117 1294/684/1117
f 1287/1208/1118 1286/1222/1118 825/682/1118 1297/686/1118
f 1280/1207/1119 1279/1206/1119 1294/684/1119 821/688/1119
f 1288/1209/1120 1287/1208/1120 1297/686/1120 826/690/1120
f 1281/1210/1121 1280/1207/1121 821/688/1121 1295/692/1121
f 1289/1211/1122 1288/1209/1122 826/690/1122 1298/694/1122
f 1282/1212/1123 1281/1210/1123 1295/692/1123 822/696/1123
f 1290/1213/1124 1289/1211/1124 1298/694/1124 1299/667/1124
f 1283/1214/1125 1282/1212/1125 822/696/1125 1296/671/1125
f 1291/1215/1126 1290/1213/1126 1299/667/1126 1300/666/1126
o Circle.001
v 0.403848 0.108828 0.306181
v 0.402826 0.120827 0.306774
v 0.399798 0.132366 0.308531
v 0.394882 0.143000 0.311383
v 0.388265 0.152321 0.315221
v 0.380203 0.159970 0.319898
v 0.371004 0.165654 0.325234
v 0.361024 0.169154 0.331024
v 0.350644 0.170336 0.337045
v 0.340264 0.169154 0.343066
v 0.330283 0.165654 0.348856
v 0.321085 0.159970 0.354192
v 0.313023 0.152321 0.358869
v 0.306406 0.143000 0.362708
v 0.301489 0.132366 0.365560
v 0.298462 0.120827 0.367316
v 0.297439 0.108828 0.367909
v 0.298462 0.096828 0.367316
v 0.301489 0.085289 0.365560
v 0.306406 0.074655 0.362708
v 0.313023 0.065334 0.358869
v 0.321085 0.057685 0.354192
v 0.330283 0.052001 0.348856
v 0.340264 0.048501 0.343066
v 0.350644 0.047319 0.337045
v 0.361024 0.048501 0.331024
v 0.371004 0.052001 0.325234
v 0.380203 0.057685 0.319898
v 0.388265 0.065334 0.315221
v 0.394882 0.074655 0.311383
v 0.399798 0.085289 0.308531
v 0.402826 0.096828 0.306774
v 0.337909 0.112103 0.269957
v 0.336470 0.115981 0.268343
v 0.334333 0.119709 0.267227
v 0.331581 0.123146 0.266654
v 0.328318 0.126158 0.266644
v 0.324672 0.128629 0.267198
v 0.320781 0.130466 0.268294
v 0.316796 0.131597 0.269892
v 0.312870 0.131979 0.271929
v 0.309152 0.131597 0.274326
v 0.305787 0.130466 0.276993
v 0.302904 0.128629 0.279825
v 0.300613 0.126158 0.282716
v 0.299002 0.123146 0.285553
v 0.298134 0.119709 0.288227
v 0.298041 0.115981 0.290635
v 0.298728 0.112103 0.292686
v 0.300167 0.108226 0.294300
v 0.302304 0.104497 0.295416
v 0.305056 0.101061 0.295989
v 0.308319 0.098049 0.295999
v 0.311965 0.095577 0.295445
v 0.315855 0.093740 0.294349
v 0.319841 0.092609 0.292751
v 0.323767 0.092228 0.290715
v 0.327485 0.092609 0.288317
v 0.330850 0.093740 0.285650
v 0.333733 0.095577 0.282818
v 0.336024 0.098049 0.279927
v 0.337635 0.101061 0.277091
v 0.338503 0.104497 0.274416
v 0.338596 0.108226 0.272008
v 0.306815 0.008747 0.236952
v 0.308058 0.007423 0.238613
v 0.305202 0.010019 0.235596
v 0.303282 0.011192 0.234598
v 0.301128 0.012220 0.233997
v 0.298823 0.013063 0.233815
v 0.296456 0.013690 0.234059
v 0.294117 0.014076 0.234721
v 0.291897 0.014206 0.235775
v 0.289880 0.014076 0.237179
v 0.288144 0.013690 0.238881
v 0.286757 0.013063 0.240815
v 0.285770 0.012220 0.242906
v 0.285223 0.011192 0.245074
v 0.285136 0.010019 0.247236
v 0.285513 0.008747 0.249309
v 0.286338 0.007423 0.251213
v 0.287581 0.006100 0.252875
v 0.289194 0.004828 0.254230
v 0.291114 0.003655 0.255228
v 0.293267 0.002627 0.255830
v 0.295572 0.001784 0.256011
v 0.297940 0.001157 0.255767
v 0.300279 0.000771 0.255105
v 0.302499 0.000641 0.254052
v 0.304516 0.000771 0.252647
v 0.306252 0.001157 0.250945
v 0.307639 0.001784 0.249012
v 0.308626 0.002627 0.246920
v 0.309173 0.003655 0.244752
v 0.309260 0.004828 0.242590
v 0.308883 0.006100 0.240517
vn 0.7935 0.5668 0.2215
vn -0.0034 -0.8502 0.5265
vn 0.6970 0.6517 0.2991
vn 0.1490 -0.8872 0.4367
vn 0.5937 0.7111 0.3766
vn 0.3051 -0.8872 0.3461
vn 0.4866 0.7482 0.4510
vn 0.4588 -0.8502 0.2584
vn 0.3771 0.7659 0.5208
vn 0.6037 -0.7772 0.1774
vn 0.2649 0.7659 0.5859
vn 0.7339 -0.6707 0.1071
vn 0.1499 0.7482 0.6463
vn 0.8434 -0.5348 0.0515
vn 0.0322 0.7111 0.7023
vn 0.9268 -0.3754 0.0144
vn -0.4912 -0.0202 0.8708
vn -0.0863 0.6517 0.7535
vn 0.9797 -0.2006 -0.0012
vn -0.4874 -0.2006 0.8498
vn -0.2016 0.5668 0.7988
vn 0.9998 -0.0202 0.0059
vn -0.4475 -0.3754 0.8117
vn -0.3074 0.4547 0.8359
vn 0.9872 0.1553 0.0353
vn -0.3740 -0.5348 0.7577
vn -0.3960 0.3161 0.8621
vn 0.9450 0.3161 0.0842
vn -0.2714 -0.6707 0.6903
vn -0.4594 0.1553 0.8745
vn 0.8782 0.4547 0.1481
vn -0.1457 -0.7772 0.6122
vn 0.9887 -0.0650 -0.1352
vn -0.6082 -0.0650 0.7911
vn -0.9361 0.3203 -0.1450
vn 0.9423 0.0198 -0.3343
vn -0.4382 -0.1415 0.8877
vn -0.9631 0.2625 0.0599
vn 0.8459 0.1072 -0.5224
vn -0.2603 -0.2062 0.9432
vn -0.9433 0.1902 0.2720
vn 0.7044 0.1902 -0.6838
vn -0.0834 -0.2577 0.9626
vn -0.8734 0.1072 0.4750
vn 0.5301 0.2625 -0.8063
vn 0.0875 -0.2957 0.9513
vn 0.3388 0.3203 -0.8846
vn 0.2495 -0.3207 0.9137
vn 0.1447 0.3632 -0.9204
vn 0.4012 -0.3331 0.8533
vn -0.0425 0.3924 -0.9188
vn 0.5416 -0.3331 0.7719
vn -0.2179 0.4103 -0.8855
vn 0.6693 -0.3207 0.6702
vn -0.3798 0.4187 -0.8249
vn 0.7823 -0.2957 0.5482
vn -0.5275 0.4187 -0.7392
vn 0.8770 -0.2577 0.4055
vn -0.6605 0.4103 -0.6288
vn 0.9480 -0.2062 0.2423
vn -0.7765 0.3924 -0.4930
vn 0.9881 -0.1415 0.0603
vn -0.7579 0.0198 0.6520
vn -0.8708 0.3632 -0.3313
vt 0.000000 0.000000
s 0
usemtl Material.010
f 1321/1225/1127 1322/1225/1127 1354/1225/1127 1353/1225/1127
f 1308/1225/1128 1309/1225/1128 1341/1225/1128 1340/1225/1128
f 1322/1225/1129 1323/1225/1129 1355/1225/1129 1354/1225/1129
f 1309/1225/1130 1310/1225/1130 1342/1225/1130 1341/1225/1130
f 1323/1225/1131 1324/1225/1131 1356/1225/1131 1355/1225/1131
f 1310/1225/1132 1311/1225/1132 1343/1225/1132 1342/1225/1132
f 1324/1225/1133 1325/1225/1133 1357/1225/1133 1356/1225/1133
f 1311/1225/1134 1312/1225/1134 1344/1225/1134 1343/1225/1134
f 1325/1225/1135 1326/1225/1135 1358/1225/1135 1357/1225/1135
f 1312/1225/1136 1313/1225/1136 1345/1225/1136 1344/1225/1136
f 1326/1225/1137 1327/1225/1137 1359/1225/1137 1358/1225/1137
f 1313/1225/1138 1314/1225/1138 1346/1225/1138 1345/1225/1138
f 1327/1225/1139 1328/1225/1139 1360/1225/1139 1359/1225/1139
f 1314/1225/1140 1315/1225/1140 1347/1225/1140 1346/1225/1140
f 1328/1225/1141 1329/1225/1141 1361/1225/1141 1360/1225/1141
f 1315/1225/1142 1316/1225/1142 1348/1225/1142 1347/1225/1142
f 1302/1225/1143 1303/1225/1143 1335/1225/1143 1334/1225/1143
f 1329/1225/1144 1330/1225/1144 1362/1225/1144 1361/1225/1144
f 1316/1225/1145 1317/1225/1145 1349/1225/1145 1348/1225/1145
f 1303/1225/1146 1304/1225/1146 1336/1225/1146 1335/1225/1146
f 1330/1225/1147 1331/1225/1147 1363/1225/1147 1362/1225/1147
f 1317/1225/1148 1318/1225/1148 1350/1225/1148 1349/1225/1148
f 1304/1225/1149 1305/1225/1149 1337/1225/1149 1336/1225/1149
f 1331/1225/1150 1332/1225/1150 1364/1225/1150 1363/1225/1150
f 1318/1225/1151 1319/1225/1151 1351/1225/1151 1350/1225/1151
f 1305/1225/1152 1306/1225/1152 1338/1225/1152 1337/1225/1152
f 1332/1225/1153 1333/1225/1153 1365/1225/1153 1364/1225/1153
f 1319/1225/1154 1320/1225/1154 1352/1225/1154 1351/1225/1154
f 1306/1225/1155 1307/1225/1155 1339/1225/1155 1338/1225/1155
f 1333/1225/1156 1302/1225/1156 1334/1225/1156 1365/1225/1156
f 1320/1225/1157 1321/1225/1157 1353/1225/1157 1352/1225/1157
f 1307/1225/1158 1308/1225/1158 1340/1225/1158 1339/1225/1158
f 1348/1225/1159 1349/1225/1159 1381/1225/1159 1380/1225/1159
f 1335/1225/1160 1336/1225/1160 1368/1225/1160 1366/1225/1160
f 1362/1225/1161 1363/1225/1161 1395/1225/1161 1394/1225/1161
f 1349/1225/1162 1350/1225/1162 1382/1225/1162 1381/1225/1162
f 1336/1225/1163 1337/1225/1163 1369/1225/1163 1368/1225/1163
f 1363/1225/1164 1364/1225/1164 1396/1225/1164 1395/1225/1164
f 1350/1225/1165 1351/1225/1165 1383/1225/1165 1382/1225/1165
f 1337/1225/1166 1338/1225/1166 1370/1225/1166 1369/1225/1166
f 1364/1225/1167 1365/1225/1167 1397/1225/1167 1396/1225/1167
f 1351/1225/1168 1352/1225/1168 1384/1225/1168 1383/1225/1168
f 1338/1225/1169 1339/1225/1169 1371/1225/1169 1370/1225/1169
f 1365/1225/1170 1334/1225/1170 1367/1225/1170 1397/1225/1170
f 1352/1225/1171 1353/1225/1171 1385/1225/1171 1384/1225/1171
f 1339/1225/1172 1340/1225/1172 1372/1225/1172 1371/1225/1172
f 1353/1225/1173 1354/1225/1173 1386/1225/1173 1385/1225/1173
f 1340/1225/1174 1341/1225/1174 1373/1225/1174 1372/1225/1174
f 1354/1225/1175 1355/1225/1175 1387/1225/1175 1386/1225/1175
f 1341/1225/1176 1342/1225/1176 1374/1225/1176 1373/1225/1176
f 1355/1225/1177 1356/1225/1177 1388/1225/1177 1387/1225/1177
f 1342/1225/1178 1343/1225/1178 1375/1225/1178 1374/1225/1178
f 1356/1225/1179 1357/1225/1179 1389/1225/1179 1388/1225/1179
f 1343/1225/1180 1344/1225/1180 1376/1225/1180 1375/1225/1180
f 1357/1225/1181 1358/1225/1181 1390/1225/1181 1389/1225/1181
f 1344/1225/1182 1345/1225/1182 1377/1225/1182 1376/1225/1182
f 1358/1225/1183 1359/1225/1183 1391/1225/1183 1390/1225/1183
f 1345/1225/1184 1346/1225/1184 1378/1225/1184 1377/1225/1184
f 1359/1225/1185 1360/1225/1185 1392/1225/1185 1391/1225/1185
f 1346/1225/1186 1347/1225/1186 1379/1225/1186 1378/1225/1186
f 1360/1225/1187 1361/1225/1187 1393/1225/1187 1392/1225/1187
f 1347/1225/1188 1348/1225/1188 1380/1225/1188 1379/1225/1188
f 1334/1225/1189 1335/1225/1189 1366/1225/1189 1367/1225/1189
f 1361/1225/1190 1362/1225/1190 1394/1225/1190 1393/1225/1190
o Sphere.002
v 0.413687 0.146440 -0.643376
v 0.516725 0.116947 -0.649458
v 0.576900 0.089624 -0.620521
v 0.619361 0.060910 -0.569752
v 0.631792 0.047407 -0.538495
v 0.637643 0.035175 -0.504879
v 0.628962 0.016339 -0.435779
v 0.507395 0.014530 -0.310849
v 0.449320 0.145296 -0.649920
v 0.485384 0.141662 -0.649824
v 0.520494 0.135677 -0.643090
v 0.553300 0.127570 -0.629978
v 0.582541 0.117655 -0.610991
v 0.607093 0.106310 -0.586859
v 0.626014 0.093974 -0.558510
v 0.638576 0.081119 -0.527033
v 0.644296 0.068239 -0.493638
v 0.642954 0.055831 -0.459607
v 0.634603 0.044369 -0.426249
v 0.619562 0.034296 -0.394846
v 0.598410 0.025997 -0.366604
v 0.571960 0.019793 -0.342609
v 0.541228 0.015921 -0.323783
v 0.449308 0.151868 -0.647310
v 0.485362 0.154554 -0.644704
v 0.520462 0.154392 -0.635657
v 0.553259 0.151391 -0.620517
v 0.582492 0.145665 -0.599866
v 0.607040 0.137434 -0.574498
v 0.625957 0.127014 -0.545388
v 0.638518 0.114806 -0.513653
v 0.644239 0.101279 -0.480515
v 0.642900 0.086954 -0.447246
v 0.634554 0.072379 -0.415124
v 0.619521 0.058116 -0.385385
v 0.598378 0.044713 -0.359171
v 0.571938 0.032685 -0.337489
v 0.541217 0.022493 -0.321173
v 0.447963 0.158183 -0.644426
v 0.482722 0.166940 -0.639046
v 0.516629 0.172375 -0.627443
v 0.548381 0.174279 -0.610063
v 0.576757 0.172578 -0.587574
v 0.600667 0.167338 -0.560839
v 0.619192 0.158760 -0.530887
v 0.631620 0.147175 -0.498869
v 0.637474 0.133026 -0.466015
v 0.636528 0.116858 -0.433587
v 0.628819 0.099293 -0.402832
v 0.614643 0.081004 -0.374931
v 0.594545 0.062696 -0.350957
v 0.569298 0.045071 -0.331831
v 0.539871 0.028808 -0.318289
v 0.445334 0.163998 -0.641379
v 0.477567 0.178347 -0.633068
v 0.509145 0.188934 -0.618765
v 0.538855 0.195355 -0.599018
v 0.565555 0.197360 -0.574586
v 0.588220 0.194875 -0.546408
v 0.605979 0.187993 -0.515567
v 0.618148 0.176980 -0.483249
v 0.624260 0.162259 -0.450695
v 0.624081 0.144395 -0.419156
v 0.617617 0.124075 -0.389844
v 0.605117 0.102080 -0.363886
v 0.587061 0.079255 -0.342279
v 0.564142 0.056477 -0.325854
v 0.537243 0.034622 -0.315241
v 0.441525 0.169089 -0.638285
v 0.470093 0.188334 -0.627001
v 0.498295 0.203433 -0.609956
v 0.525046 0.213808 -0.587806
v 0.549318 0.219059 -0.561402
v 0.570178 0.218985 -0.531759
v 0.586825 0.213589 -0.500016
v 0.598619 0.203077 -0.467393
v 0.605106 0.187855 -0.435143
v 0.606039 0.168506 -0.404507
v 0.601379 0.145774 -0.376660
v 0.591308 0.120534 -0.352674
v 0.576211 0.093754 -0.333470
v 0.556669 0.066464 -0.319786
v 0.533433 0.039714 -0.312148
v 0.436679 0.173261 -0.635265
v 0.460589 0.196518 -0.621076
v 0.484497 0.215315 -0.601354
v 0.507485 0.228930 -0.576858
v 0.528668 0.236841 -0.548529
v 0.547233 0.238744 -0.517455
v 0.562467 0.234564 -0.484831
v 0.573784 0.224464 -0.451911
v 0.580748 0.208830 -0.419958
v 0.583094 0.188264 -0.390203
v 0.580730 0.163556 -0.363787
v 0.573747 0.135656 -0.341726
v 0.562413 0.105635 -0.324868
v 0.547165 0.074649 -0.313861
v 0.528588 0.043886 -0.309127
v 0.430985 0.176354 -0.632433
v 0.449420 0.202584 -0.615521
v 0.468282 0.224122 -0.593291
v 0.486846 0.240140 -0.566595
v 0.504400 0.250023 -0.536461
v 0.520268 0.253390 -0.504046
v 0.533841 0.250113 -0.470596
v 0.544596 0.240317 -0.437397
v 0.552122 0.224378 -0.405723
v 0.556129 0.202910 -0.376794
v 0.556461 0.176737 -0.351719
v 0.553108 0.146866 -0.331463
v 0.546198 0.114443 -0.316805
v 0.535995 0.080715 -0.308307
v 0.522893 0.046979 -0.306296
v 0.424661 0.178249 -0.629900
v 0.437014 0.206301 -0.610551
v 0.450272 0.229517 -0.586075
v 0.463924 0.247007 -0.557412
v 0.477446 0.258097 -0.525662
v 0.490318 0.262362 -0.492047
v 0.502046 0.259637 -0.457858
v 0.512179 0.250027 -0.424409
v 0.520328 0.233903 -0.392985
v 0.526179 0.211882 -0.364795
v 0.529507 0.184812 -0.340920
v 0.530186 0.153732 -0.322280
v 0.528188 0.119838 -0.309589
v 0.523590 0.084431 -0.303337
v 0.516569 0.048873 -0.303762
v 0.417950 0.178872 -0.627761
v 0.423849 0.207523 -0.606356
v 0.431159 0.231293 -0.579985
v 0.439598 0.249266 -0.549660
v 0.448842 0.260754 -0.516547
v 0.458535 0.265314 -0.481919
v 0.468305 0.262771 -0.447106
v 0.477777 0.253223 -0.413447
v 0.486587 0.237037 -0.382234
v 0.494396 0.214834 -0.354667
v 0.500903 0.187469 -0.331805
v 0.505860 0.155992 -0.314528
v 0.509075 0.121613 -0.303499
v 0.510425 0.085654 -0.299142
v 0.509858 0.049497 -0.301624
v 0.411109 0.178200 -0.626100
v 0.410431 0.206206 -0.603097
v 0.411678 0.229380 -0.575254
v 0.414804 0.246832 -0.543639
v 0.419687 0.257891 -0.509467
v 0.426140 0.262133 -0.474052
v 0.433915 0.259394 -0.438754
v 0.442713 0.249780 -0.404931
v 0.452197 0.233660 -0.373882
v 0.462001 0.211653 -0.346799
v 0.471749 0.184606 -0.324725
v 0.481066 0.153557 -0.308507
v 0.489594 0.119701 -0.298768
v 0.497006 0.084337 -0.295883
v 0.503017 0.048825 -0.299962
v 0.404402 0.176260 -0.624979
v 0.397275 0.202399 -0.600900
v 0.392579 0.223853 -0.572064
v 0.390494 0.239797 -0.539579
v 0.391102 0.249619 -0.504693
v 0.394378 0.252942 -0.468747
v 0.400197 0.249637 -0.433123
v 0.408334 0.239831 -0.399189
v 0.418478 0.223902 -0.368250
v 0.430239 0.202462 -0.341495
v 0.443164 0.176334 -0.319951
v 0.456756 0.146523 -0.304447
v 0.470494 0.114173 -0.295578
v 0.483850 0.080530 -0.293685
v 0.496310 0.046884 -0.298842
v 0.398086 0.173124 -0.624444
v 0.384886 0.196248 -0.599849
v 0.374593 0.214923 -0.570538
v 0.367603 0.228432 -0.537636
v 0.364185 0.236256 -0.502409
v 0.364469 0.238093 -0.466209
v 0.368446 0.233873 -0.430429
v 0.375962 0.223759 -0.396442
v 0.386728 0.208139 -0.365556
v 0.400330 0.187613 -0.338957
v 0.416247 0.162970 -0.317667
v 0.433865 0.135158 -0.302504
v 0.452509 0.105244 -0.294052
v 0.471462 0.074379 -0.292634
v 0.489994 0.043748 -0.298306
v 0.392405 0.168914 -0.624512
v 0.373741 0.187990 -0.599984
v 0.358414 0.202935 -0.570734
v 0.347011 0.213174 -0.537886
v 0.339970 0.218314 -0.502702
v 0.337564 0.218157 -0.466535
v 0.339883 0.212710 -0.430775
v 0.346839 0.202181 -0.396795
v 0.358165 0.186975 -0.365902
v 0.373425 0.167677 -0.339283
v 0.392032 0.145029 -0.317960
v 0.413273 0.119900 -0.302754
v 0.436330 0.093256 -0.294248
v 0.460317 0.066121 -0.292769
v 0.484313 0.039539 -0.298375
v 0.387576 0.163792 -0.625183
v 0.364269 0.177943 -0.601300
v 0.344662 0.188349 -0.572645
v 0.329508 0.194609 -0.540318
v 0.319389 0.196484 -0.505562
v 0.314695 0.193901 -0.469713
v 0.315606 0.186959 -0.434148
v 0.322086 0.175926 -0.400235
v 0.333887 0.161225 -0.369276
v 0.350556 0.143421 -0.342460
v 0.371451 0.123198 -0.320820
v 0.395770 0.101335 -0.305186
v 0.422578 0.078669 -0.296159
v 0.450844 0.056074 -0.294086
v 0.479484 0.034417 -0.299046
v 0.383785 0.157955 -0.626431
v 0.356832 0.166492 -0.603747
v 0.333866 0.171724 -0.576197
v 0.315767 0.173451 -0.544839
v 0.303232 0.171604 -0.510878
v 0.296742 0.166256 -0.475620
v 0.296547 0.157611 -0.440419
v 0.302654 0.146003 -0.406629
v 0.314829 0.131877 -0.375547
v 0.332603 0.115776 -0.348368
v 0.355294 0.098319 -0.326136
v 0.382029 0.080176 -0.309707
v 0.411782 0.062045 -0.299711
v 0.443408 0.044623 -0.296532
v 0.475693 0.028579 -0.300293
v 0.381177 0.151626 -0.628207
v 0.351718 0.154078 -0.607230
v 0.326441 0.153701 -0.581254
v 0.306317 0.150512 -0.551275
v 0.292120 0.144631 -0.518447
v 0.284395 0.136285 -0.484030
v 0.283439 0.125794 -0.449347
v 0.289289 0.113562 -0.415731
v 0.301721 0.100060 -0.384474
v 0.320256 0.085805 -0.356777
v 0.344181 0.071345 -0.333705
v 0.372579 0.057237 -0.316144
v 0.404357 0.044022 -0.304768
v 0.438294 0.032209 -0.300016
v 0.473085 0.022250 -0.302069
v 0.379854 0.145049 -0.630443
v 0.349122 0.141177 -0.611617
v 0.322672 0.134972 -0.587622
v 0.301520 0.126674 -0.559380
v 0.286479 0.116600 -0.527977
v 0.278128 0.105139 -0.494619
v 0.276786 0.092730 -0.460588
v 0.282506 0.079851 -0.427193
v 0.295068 0.066996 -0.395715
v 0.313988 0.054659 -0.367366
v 0.338541 0.043315 -0.343235
v 0.367782 0.033399 -0.324248
v 0.400588 0.025293 -0.311136
v 0.435698 0.019308 -0.304402
v 0.471762 0.015673 -0.304305
v 0.379865 0.138477 -0.633053
v 0.349144 0.128285 -0.616737
v 0.322704 0.116257 -0.595055
v 0.301561 0.102853 -0.568841
v 0.286528 0.088590 -0.539102
v 0.278181 0.074016 -0.506980
v 0.276843 0.059690 -0.473711
v 0.282564 0.046163 -0.440573
v 0.295125 0.033956 -0.408838
v 0.314042 0.023536 -0.379728
v 0.338589 0.015305 -0.354360
v 0.367823 0.009579 -0.333709
v 0.400620 0.006577 -0.318569
v 0.435720 0.006416 -0.309522
v 0.471773 0.009101 -0.306916
v 0.381211 0.132162 -0.635937
v 0.351784 0.115898 -0.622394
v 0.326537 0.098274 -0.603269
v 0.306439 0.079965 -0.579295
v 0.292263 0.061677 -0.551394
v 0.284554 0.044111 -0.520639
v 0.283608 0.027944 -0.488211
v 0.289462 0.013795 -0.455357
v 0.301890 0.002209 -0.423338
v 0.320415 -0.006368 -0.393386
v 0.344325 -0.011608 -0.366652
v 0.372701 -0.013309 -0.344163
v 0.404452 -0.011406 -0.326783
v 0.438360 -0.005971 -0.315180
v 0.473119 0.002787 -0.309800
v 0.383839 0.126347 -0.638984
v 0.356940 0.104492 -0.628372
v 0.334021 0.081715 -0.611947
v 0.315965 0.058890 -0.590340
v 0.303465 0.036895 -0.564382
v 0.297001 0.016575 -0.535070
v 0.296822 -0.001289 -0.503531
v 0.302934 -0.016010 -0.470977
v 0.315103 -0.027024 -0.438658
v 0.332862 -0.033905 -0.407818
v 0.355527 -0.036391 -0.379640
v 0.382227 -0.034385 -0.355208
v 0.411937 -0.027965 -0.335461
v 0.443515 -0.017377 -0.321157
v 0.475747 -0.003028 -0.312847
v 0.387649 0.121256 -0.642078
v 0.364413 0.094505 -0.634440
v 0.344871 0.067216 -0.620756
v 0.329774 0.040436 -0.601552
v 0.319703 0.015196 -0.577566
v 0.315043 -0.007536 -0.549719
v 0.315975 -0.026885 -0.519082
v 0.322463 -0.042108 -0.486833
v 0.334257 -0.052619 -0.454210
v 0.350904 -0.058016 -0.422467
v 0.371764 -0.058090 -0.392824
v 0.396036 -0.052838 -0.366420
v 0.422787 -0.042464 -0.344270
v 0.450989 -0.027364 -0.327225
v 0.479557 -0.008120 -0.315940
v 0.392494 0.117084 -0.645098
v 0.373917 0.086321 -0.640365
v 0.358669 0.055334 -0.629357
v 0.347335 0.025314 -0.612500
v 0.340352 -0.002586 -0.590439
v 0.337988 -0.027294 -0.564023
v 0.340333 -0.047860 -0.534267
v 0.347298 -0.063494 -0.502315
v 0.358615 -0.073595 -0.469395
v 0.373849 -0.077774 -0.436770
v 0.392414 -0.075872 -0.405697
v 0.413597 -0.067961 -0.377368
v 0.436585 -0.054345 -0.352872
v 0.460493 -0.035548 -0.333150
v 0.484402 -0.012292 -0.318961
v 0.398188 0.113991 -0.647930
v 0.385086 0.080254 -0.645919
v 0.374884 0.046527 -0.637421
v 0.367974 0.014104 -0.622762
v 0.364620 -0.015768 -0.602507
v 0.364953 -0.041941 -0.577432
v 0.368960 -0.063409 -0.548502
v 0.376485 -0.079347 -0.516829
v 0.387241 -0.089143 -0.483630
v 0.400814 -0.092420 -0.450180
v 0.416682 -0.089053 -0.417765
v 0.434236 -0.079171 -0.387630
v 0.452800 -0.063153 -0.360935
v 0.471662 -0.041615 -0.338704
v 0.490097 -0.015385 -0.321792
v 0.404513 0.112096 -0.650464
v 0.397492 0.076538 -0.650889
v 0.392894 0.041132 -0.644637
v 0.390896 0.007237 -0.631946
v 0.391574 -0.023842 -0.613306
v 0.394903 -0.050912 -0.589431
v 0.400754 -0.072933 -0.561240
v 0.408903 -0.089058 -0.529817
v 0.419036 -0.098667 -0.496368
v 0.430764 -0.101392 -0.462179
v 0.443636 -0.097127 -0.428564
v 0.457158 -0.086037 -0.396814
v 0.470810 -0.068548 -0.368151
v 0.484068 -0.045331 -0.343674
v 0.496421 -0.017279 -0.324326
v 0.411224 0.111473 -0.652602
v 0.410657 0.075315 -0.655084
v 0.412007 0.039356 -0.650727
v 0.415222 0.004978 -0.639698
v 0.420178 -0.026499 -0.622420
v 0.426686 -0.053864 -0.599559
v 0.434495 -0.076067 -0.571992
v 0.443304 -0.092253 -0.540779
v 0.452776 -0.101801 -0.507119
v 0.462547 -0.104344 -0.472306
v 0.472240 -0.099784 -0.437678
v 0.481484 -0.088297 -0.404566
v 0.489923 -0.070323 -0.374241
v 0.497233 -0.046554 -0.347869
v 0.503132 -0.017902 -0.326465
v 0.418065 0.112145 -0.654263
v 0.424075 0.076633 -0.658343
v 0.431487 0.041269 -0.655458
v 0.440016 0.007412 -0.645719
v 0.449333 -0.023636 -0.629501
v 0.459081 -0.050684 -0.607426
v 0.468885 -0.072690 -0.580344
v 0.478369 -0.088810 -0.549295
v 0.487167 -0.098425 -0.515471
v 0.494942 -0.101163 -0.480174
v 0.501395 -0.096922 -0.444759
v 0.506278 -0.085862 -0.410587
v 0.509403 -0.068410 -0.378972
v 0.510651 -0.045236 -0.351128
v 0.509973 -0.017231 -0.328126
v 0.424772 0.114086 -0.655384
v 0.437232 0.080440 -0.660540
v 0.450587 0.046796 -0.658648
v 0.464325 0.014447 -0.649779
v 0.477918 -0.015364 -0.634275
v 0.490843 -0.041492 -0.612731
v 0.502604 -0.062933 -0.585975
v 0.512748 -0.078862 -0.555036
v 0.520885 -0.088667 -0.521103
v 0.526704 -0.091972 -0.485478
v 0.529980 -0.088650 -0.449533
v 0.530588 -0.078827 -0.414647
v 0.528503 -0.062883 -0.382162
v 0.523807 -0.041429 -0.353326
v 0.516680 -0.015290 -0.329246
v 0.431087 0.117221 -0.655920
v 0.449620 0.086591 -0.661592
v 0.468573 0.055726 -0.660174
v 0.487216 0.025812 -0.651722
v 0.504835 -0.002001 -0.636559
v 0.520752 -0.026643 -0.615269
v 0.534354 -0.047169 -0.588670
v 0.545120 -0.062789 -0.557783
v 0.552636 -0.072904 -0.523797
v 0.556612 -0.077123 -0.488017
v 0.556897 -0.075286 -0.451817
v 0.553479 -0.067463 -0.416590
v 0.546489 -0.053954 -0.383688
v 0.536196 -0.035278 -0.354377
v 0.522996 -0.012154 -0.329782
v 0.436769 0.121431 -0.655851
v 0.460765 0.094848 -0.661456
v 0.484752 0.067714 -0.659978
v 0.507809 0.041070 -0.651472
v 0.529050 0.015941 -0.636266
v 0.547657 -0.006708 -0.614943
v 0.562917 -0.026005 -0.588324
v 0.574243 -0.041211 -0.557430
v 0.581199 -0.051740 -0.523451
v 0.583518 -0.057187 -0.487690
v 0.581111 -0.057344 -0.451524
v 0.574071 -0.052204 -0.416340
v 0.562668 -0.041965 -0.383492
v 0.547340 -0.027021 -0.354242
v 0.528677 -0.007945 -0.329713
v 0.441598 0.126553 -0.655180
v 0.470237 0.104896 -0.660140
v 0.498504 0.082300 -0.658067
v 0.525312 0.059635 -0.649040
v 0.549631 0.037771 -0.633406
v 0.570526 0.017549 -0.611765
v 0.587194 -0.000255 -0.584950
v 0.598995 -0.014956 -0.553991
v 0.605476 -0.025989 -0.520077
v 0.606387 -0.032931 -0.484513
v 0.601693 -0.035514 -0.448664
v 0.591574 -0.033639 -0.413908
v 0.576420 -0.027379 -0.381581
v 0.556813 -0.016973 -0.352925
v 0.533506 -0.002823 -0.329042
v 0.445389 0.132391 -0.653932
v 0.477674 0.116347 -0.657693
v 0.509300 0.098925 -0.654515
v 0.539053 0.080794 -0.644519
v 0.565788 0.062651 -0.628089
v 0.588479 0.045194 -0.605858
v 0.606253 0.029093 -0.578679
v 0.618428 0.014967 -0.547597
v 0.624535 0.003358 -0.513806
v 0.624340 -0.005286 -0.478606
v 0.617850 -0.010634 -0.443347
v 0.605315 -0.012481 -0.409387
v 0.587216 -0.010755 -0.378029
v 0.564249 -0.005522 -0.350479
v 0.537297 0.003015 -0.327795
v 0.447996 0.138719 -0.652156
v 0.482788 0.128761 -0.654210
v 0.548503 0.103733 -0.638082
v 0.600826 0.075165 -0.597448
v 0.636687 0.024685 -0.470196
v 0.614765 0.010458 -0.402950
v 0.594641 0.007268 -0.372972
v 0.569364 0.006892 -0.346995
v 0.539904 0.009344 -0.326019
vn 0.6723 -0.3560 0.6491
vn 0.8354 0.0187 -0.5494
vn 0.5191 -0.3669 0.7719
vn 0.9198 -0.0529 -0.3887
vn -0.1587 0.3463 -0.9246
vn 0.3456 -0.3637 0.8650
vn 0.9693 -0.1225 -0.2133
vn 0.0343 0.3155 -0.9483
vn 0.9818 -0.1875 -0.0297
vn 0.2258 0.2725 -0.9353
vn 0.9569 -0.2453 0.1553
vn 0.4083 0.2191 -0.8861
vn 0.8954 -0.2939 0.3346
vn 0.5748 0.1574 -0.8030
vn 0.7993 -0.3313 0.5013
vn 0.7189 0.0897 -0.6893
vn 0.8110 -0.2148 0.5443
vn 0.7350 0.2514 -0.6297
vn 0.6810 -0.2693 0.6810
vn 0.8528 0.1940 -0.4848
vn 0.5244 -0.3135 0.7916
vn 0.9380 0.1293 -0.3215
vn -0.1569 0.3643 -0.9180
vn 0.3474 -0.3456 0.8717
vn 0.9875 0.0597 -0.1461
vn 0.0397 0.3689 -0.9286
vn 0.9993 -0.0122 0.0350
vn 0.2345 0.3592 -0.9033
vn 0.9731 -0.0837 0.2149
vn 0.4200 0.3356 -0.8432
vn 0.9095 -0.1521 0.3868
vn 0.5889 0.2992 -0.7508
vn 0.0342 0.4212 -0.9063
vn 0.9812 0.1597 0.1082
vn 0.2255 0.4441 -0.8671
vn 0.9564 0.0748 0.2824
vn 0.4079 0.4498 -0.7945
vn 0.8949 -0.0131 0.4461
vn 0.5743 0.4382 -0.6915
vn 0.7989 -0.1006 0.5930
vn 0.7184 0.4098 -0.5621
vn 0.6720 -0.1844 0.7172
vn 0.8348 0.3658 -0.4115
vn 0.5189 -0.2612 0.8139
vn 0.9192 0.3080 -0.2454
vn -0.1588 0.3820 -0.9104
vn 0.3456 -0.3279 0.8792
vn 0.9687 0.2384 -0.0699
vn 0.6695 0.5590 -0.4892
vn 0.6458 -0.1044 0.7563
vn 0.7818 0.5276 -0.3324
vn 0.5028 -0.2119 0.8380
vn 0.8641 0.4761 -0.1631
vn -0.1642 0.3986 -0.9023
vn 0.3401 -0.3113 0.8874
vn 0.9136 0.4065 0.0123
vn 0.0180 0.4705 -0.8822
vn 0.9282 0.3214 0.1873
vn 0.1994 0.5241 -0.8280
vn 0.9075 0.2240 0.3554
vn 0.3727 0.5573 -0.7420
vn 0.8520 0.1178 0.5101
vn 0.5314 0.5691 -0.6275
vn 0.7637 0.0069 0.6455
vn 0.8424 0.4668 0.2692
vn 0.1569 0.5959 -0.7876
vn 0.8283 0.3581 0.4309
vn 0.3157 0.6539 -0.6875
vn 0.7826 0.2354 0.5763
vn 0.4620 0.6867 -0.5613
vn 0.7067 0.1036 0.6999
vn 0.5903 0.6931 -0.4137
vn 0.6034 -0.0326 0.7968
vn 0.6959 0.6730 -0.2505
vn 0.4766 -0.1676 0.8630
vn 0.7749 0.6273 -0.0780
vn -0.1730 0.4136 -0.8939
vn 0.3313 -0.2963 0.8958
vn 0.8243 0.5577 0.0974
vn -0.0081 0.5148 -0.8573
vn 0.5464 0.0285 0.8371
vn 0.5805 0.7965 -0.1690
vn 0.4415 -0.1300 0.8878
vn 0.6549 0.7557 0.0067
vn -0.1849 0.4263 -0.8855
vn 0.3194 -0.2836 0.9042
vn 0.7044 0.6861 0.1822
vn -0.0433 0.5524 -0.8325
vn 0.7270 0.5903 0.3507
vn 0.0999 0.6570 -0.7473
vn 0.7219 0.4720 0.5061
vn 0.2390 0.7360 -0.6334
vn 0.6892 0.3354 0.6423
vn 0.3686 0.7866 -0.4953
vn 0.6300 0.1856 0.7541
vn 0.4839 0.8070 -0.3385
vn 0.5923 0.5613 0.5780
vn 0.1456 0.8004 -0.5815
vn 0.5755 0.4137 0.7054
vn 0.2549 0.8650 -0.4322
vn 0.5366 0.2500 0.8060
vn 0.3543 0.8963 -0.2666
vn 0.4769 0.0764 0.8756
vn 0.4400 0.8934 -0.0910
vn 0.3987 -0.1005 0.9116
vn 0.5088 0.8564 0.0878
vn -0.1994 0.4363 -0.8775
vn 0.3050 -0.2737 0.9122
vn 0.5583 0.7868 0.2633
vn -0.0861 0.5819 -0.8087
vn 0.5865 0.6872 0.4287
vn 0.0304 0.7049 -0.7087
vn 0.3499 -0.0803 0.9333
vn 0.3422 0.9255 0.1622
vn -0.2159 0.4431 -0.8701
vn 0.2885 -0.2668 0.9196
vn 0.3917 0.8559 0.3376
vn -0.1349 0.6022 -0.7869
vn 0.4262 0.7537 0.5003
vn -0.0488 0.7377 -0.6733
vn 0.4445 0.6226 0.6440
vn 0.0391 0.8446 -0.5340
vn 0.4459 0.4675 0.7633
vn 0.1253 0.9188 -0.3743
vn 0.4301 0.2942 0.8535
vn 0.2065 0.9577 -0.2006
vn 0.3977 0.1092 0.9110
vn 0.2797 0.9599 -0.0195
vn -0.0764 0.8669 -0.4926
vn 0.3052 0.4947 0.8137
vn -0.0153 0.9460 -0.3239
vn 0.3146 0.3165 0.8949
vn 0.0462 0.9886 -0.1431
vn 0.3118 0.1258 0.9418
vn 0.1059 0.9935 0.0428
vn 0.2970 -0.0700 0.9523
vn 0.1615 0.9604 0.2270
vn -0.2337 0.4466 -0.8637
vn 0.2706 -0.2634 0.9260
vn 0.2110 0.8908 0.4024
vn -0.1878 0.6124 -0.7679
vn 0.2524 0.7873 0.5626
vn -0.1347 0.7543 -0.6425
vn 0.2842 0.6536 0.7015
vn -0.0263 0.9597 0.2797
vn -0.2523 0.4465 -0.8585
vn 0.2520 -0.2634 0.9312
vn 0.0231 0.8901 0.4551
vn -0.2429 0.6122 -0.7525
vn 0.0717 0.7866 0.6132
vn -0.2240 0.7540 -0.6175
vn 0.1176 0.6530 0.7482
vn -0.1965 0.8665 -0.4589
vn 0.1590 0.4942 0.8547
vn -0.1615 0.9454 -0.2829
vn 0.1945 0.3161 0.9286
vn -0.1204 0.9880 -0.0964
vn 0.2225 0.1255 0.9668
vn -0.0748 0.9928 0.0935
vn 0.2419 -0.0702 0.9678
vn 0.0129 0.4660 0.8847
vn -0.3077 0.9173 -0.2529
vn 0.0744 0.2929 0.9532
vn -0.2870 0.9559 -0.0622
vn 0.1332 0.1083 0.9852
vn -0.2554 0.9580 0.1306
vn 0.1869 -0.0808 0.9790
vn -0.2141 0.9235 0.3182
vn -0.2709 0.4429 -0.8547
vn 0.2334 -0.2670 0.9350
vn -0.1647 0.8539 0.4936
vn -0.2979 0.6016 -0.7412
vn -0.1089 0.7518 0.6503
vn -0.3133 0.7368 -0.5992
vn -0.0490 0.6209 0.7824
vn -0.3166 0.8433 -0.4342
vn -0.2888 0.4360 -0.8524
vn 0.2156 -0.2740 0.9373
vn -0.3452 0.7836 0.5166
vn -0.3508 0.5810 -0.7345
vn -0.2826 0.6841 0.6724
vn -0.3991 0.7033 -0.5883
vn -0.2091 0.5584 0.8027
vn -0.4320 0.7984 -0.4196
vn -0.1276 0.4112 0.9026
vn -0.4482 0.8625 -0.2350
vn -0.0410 0.2480 0.9679
vn -0.4471 0.8935 -0.0418
vn 0.0474 0.0748 0.9961
vn -0.4290 0.8903 0.1527
vn 0.1340 -0.1015 0.9858
vn -0.3946 0.8532 0.3412
vn -0.5776 0.7833 -0.2300
vn -0.1473 0.1829 0.9720
vn -0.5947 0.8032 -0.0361
vn -0.0317 0.0264 0.9991
vn -0.5890 0.7923 0.1589
vn 0.0853 -0.1313 0.9877
vn -0.5609 0.7513 0.3476
vn -0.3052 0.4259 -0.8517
vn 0.1991 -0.2841 0.9379
vn -0.5115 0.6818 0.5231
vn -0.3995 0.5511 -0.7326
vn -0.4425 0.5862 0.6786
vn -0.4782 0.6549 -0.5852
vn -0.3567 0.4681 0.8085
vn -0.5383 0.7333 -0.4154
vn -0.2570 0.3320 0.9076
vn -0.6572 0.5524 0.5128
vn -0.4422 0.5132 -0.7356
vn -0.5827 0.4617 0.6688
vn -0.5474 0.5934 -0.5901
vn -0.4859 0.3534 0.7994
vn -0.6314 0.6506 -0.4220
vn -0.3704 0.2313 0.8996
vn -0.6910 0.6826 -0.2380
vn -0.2404 0.1002 0.9655
vn -0.7239 0.6884 -0.0452
vn -0.1010 -0.0351 0.9943
vn -0.7292 0.6679 0.1490
vn 0.0426 -0.1692 0.9847
vn -0.7066 0.6220 0.3374
vn -0.3196 0.4131 -0.8528
vn 0.1847 -0.2969 0.9369
vn -0.3168 0.0031 0.9485
vn -0.8299 0.5536 -0.0688
vn -0.1578 -0.1073 0.9816
vn -0.8441 0.5218 0.1235
vn 0.0076 -0.2137 0.9769
vn -0.8261 0.4701 0.3108
vn -0.3315 0.3980 -0.8554
vn 0.1729 -0.3119 0.9343
vn -0.7767 0.4005 0.4862
vn -0.4772 0.4687 -0.7434
vn -0.6976 0.3156 0.6432
vn -0.6042 0.5212 -0.6027
vn -0.5919 0.2186 0.7758
vn -0.7078 0.5535 -0.4390
vn -0.4634 0.1131 0.8789
vn -0.7839 0.5644 -0.2587
vn -0.7829 0.1534 0.6029
vn -0.6464 0.4410 -0.6226
vn -0.6706 0.0690 0.7386
vn -0.7645 0.4456 -0.4658
vn -0.5324 -0.0181 0.8463
vn -0.8530 0.4331 -0.2913
vn -0.3735 -0.1048 0.9217
vn -0.9086 0.4040 -0.1060
vn -0.1999 -0.1875 0.9617
vn -0.9294 0.3596 0.0831
vn -0.0184 -0.2631 0.9646
vn -0.9148 0.3014 0.2689
vn -0.3402 0.3814 -0.8595
vn 0.1641 -0.3286 0.9301
vn -0.8654 0.2318 0.4443
vn -0.5032 0.4193 -0.7557
vn -0.2258 -0.2725 0.9353
vn -0.9818 0.1875 0.0297
vn -0.0343 -0.3155 0.9483
vn -0.9693 0.1225 0.2133
vn -0.3456 0.3637 -0.8650
vn 0.1587 -0.3463 0.9246
vn -0.9198 0.0529 0.3887
vn -0.5191 0.3669 -0.7719
vn -0.8354 -0.0187 0.5494
vn -0.6723 0.3560 -0.6491
vn -0.7189 -0.0897 0.6893
vn -0.7993 0.3313 -0.5013
vn -0.5748 -0.1574 0.8030
vn -0.8954 0.2939 -0.3346
vn -0.4083 -0.2191 0.8861
vn -0.9569 0.2453 -0.1553
vn -0.6810 0.2693 -0.6810
vn -0.7350 -0.2514 0.6297
vn -0.8110 0.2148 -0.5443
vn -0.5889 -0.2992 0.7508
vn -0.9095 0.1521 -0.3868
vn -0.4200 -0.3356 0.8432
vn -0.9731 0.0837 -0.2149
vn -0.2345 -0.3592 0.9033
vn -0.9993 0.0122 -0.0350
vn -0.0397 -0.3689 0.9286
vn -0.9875 -0.0597 0.1461
vn -0.3474 0.3456 -0.8717
vn 0.1569 -0.3643 0.9180
vn -0.9380 -0.1293 0.3215
vn -0.5244 0.3135 -0.7916
vn -0.8528 -0.1940 0.4848
vn -0.9812 -0.1597 -0.1082
vn -0.0342 -0.4212 0.9063
vn -0.9687 -0.2384 0.0699
vn -0.3456 0.3279 -0.8792
vn 0.1588 -0.3820 0.9104
vn -0.9192 -0.3080 0.2454
vn -0.5189 0.2612 -0.8139
vn -0.8348 -0.3658 0.4115
vn -0.6720 0.1844 -0.7172
vn -0.7184 -0.4098 0.5621
vn -0.7989 0.1006 -0.5930
vn -0.5743 -0.4382 0.6915
vn -0.8949 0.0131 -0.4461
vn -0.4079 -0.4498 0.7945
vn -0.9564 -0.0748 -0.2824
vn -0.2255 -0.4441 0.8671
vn -0.6695 -0.5590 0.4892
vn -0.7637 -0.0069 -0.6455
vn -0.5314 -0.5691 0.6275
vn -0.8520 -0.1178 -0.5101
vn -0.3727 -0.5573 0.7420
vn -0.9075 -0.2240 -0.3554
vn -0.1994 -0.5241 0.8280
vn -0.9282 -0.3214 -0.1873
vn -0.0180 -0.4705 0.8822
vn -0.9136 -0.4065 -0.0123
vn -0.3401 0.3113 -0.8874
vn 0.1642 -0.3986 0.9023
vn -0.8641 -0.4761 0.1631
vn -0.5028 0.2119 -0.8380
vn -0.7818 -0.5276 0.3324
vn -0.6458 0.1044 -0.7563
vn 0.0081 -0.5148 0.8573
vn -0.8243 -0.5577 -0.0974
vn -0.3313 0.2963 -0.8958
vn 0.1730 -0.4136 0.8939
vn -0.7749 -0.6273 0.0780
vn -0.4766 0.1676 -0.8630
vn -0.6959 -0.6730 0.2505
vn -0.6034 0.0326 -0.7968
vn -0.5903 -0.6931 0.4137
vn -0.7067 -0.1036 -0.6999
vn -0.4620 -0.6867 0.5613
vn -0.7826 -0.2354 -0.5763
vn -0.3157 -0.6539 0.6875
vn -0.8283 -0.3581 -0.4309
vn -0.1569 -0.5959 0.7876
vn -0.8424 -0.4668 -0.2692
vn -0.6300 -0.1856 -0.7541
vn -0.3686 -0.7866 0.4953
vn -0.6892 -0.3354 -0.6423
vn -0.2390 -0.7360 0.6334
vn -0.7219 -0.4720 -0.5061
vn -0.0999 -0.6570 0.7473
vn -0.7270 -0.5903 -0.3507
vn 0.0433 -0.5524 0.8325
vn -0.7044 -0.6861 -0.1822
vn -0.3194 0.2836 -0.9042
vn 0.1849 -0.4263 0.8855
vn -0.6549 -0.7557 -0.0067
vn -0.4415 0.1300 -0.8878
vn -0.5805 -0.7965 0.1690
vn -0.5464 -0.0285 -0.8371
vn -0.4839 -0.8070 0.3385
vn -0.5583 -0.7868 -0.2633
vn -0.3050 0.2737 -0.9122
vn 0.1994 -0.4363 0.8775
vn -0.5088 -0.8564 -0.0878
vn -0.3987 0.1005 -0.9116
vn -0.4400 -0.8934 0.0910
vn -0.4769 -0.0764 -0.8756
vn -0.3543 -0.8963 0.2666
vn -0.5366 -0.2500 -0.8060
vn -0.2549 -0.8650 0.4322
vn -0.5755 -0.4137 -0.7054
vn -0.1456 -0.8004 0.5815
vn -0.5923 -0.5613 -0.5780
vn -0.0304 -0.7049 0.7087
vn -0.5865 -0.6872 -0.4287
vn 0.0861 -0.5819 0.8087
vn -0.1253 -0.9188 0.3743
vn -0.4459 -0.4675 -0.7633
vn -0.0391 -0.8446 0.5340
vn -0.4445 -0.6226 -0.6440
vn 0.0488 -0.7377 0.6733
vn -0.4262 -0.7537 -0.5003
vn 0.1349 -0.6022 0.7869
vn -0.3917 -0.8559 -0.3376
vn -0.2885 0.2668 -0.9196
vn 0.2159 -0.4431 0.8701
vn -0.3422 -0.9255 -0.1622
vn -0.3499 0.0803 -0.9333
vn -0.2797 -0.9599 0.0195
vn -0.3977 -0.1092 -0.9110
vn -0.2065 -0.9577 0.2006
vn -0.4301 -0.2942 -0.8535
vn 0.2337 -0.4466 0.8637
vn -0.1615 -0.9604 -0.2270
vn -0.2970 0.0700 -0.9523
vn -0.1059 -0.9935 -0.0428
vn -0.3118 -0.1258 -0.9418
vn -0.0462 -0.9886 0.1431
vn -0.3146 -0.3165 -0.8949
vn 0.0153 -0.9460 0.3239
vn -0.3052 -0.4947 -0.8137
vn 0.0764 -0.8669 0.4926
vn -0.2842 -0.6536 -0.7015
vn 0.1347 -0.7543 0.6425
vn -0.2524 -0.7873 -0.5626
vn 0.1878 -0.6124 0.7679
vn -0.2110 -0.8908 -0.4024
vn -0.2706 0.2634 -0.9260
vn 0.1965 -0.8665 0.4589
vn -0.1176 -0.6530 -0.7482
vn 0.2240 -0.7540 0.6175
vn -0.0717 -0.7866 -0.6132
vn 0.2429 -0.6122 0.7525
vn -0.0231 -0.8901 -0.4551
vn -0.2520 0.2634 -0.9312
vn 0.2523 -0.4465 0.8585
vn 0.0263 -0.9597 -0.2797
vn -0.2419 0.0702 -0.9678
vn 0.0748 -0.9928 -0.0935
vn -0.2225 -0.1255 -0.9668
vn 0.1204 -0.9880 0.0964
vn -0.1945 -0.3161 -0.9286
vn 0.1615 -0.9454 0.2829
vn -0.1590 -0.4942 -0.8547
vn -0.1869 0.0808 -0.9790
vn 0.2554 -0.9580 -0.1306
vn -0.1332 -0.1083 -0.9852
vn 0.2870 -0.9559 0.0622
vn -0.0744 -0.2929 -0.9532
vn 0.3077 -0.9173 0.2529
vn -0.0129 -0.4660 -0.8847
vn 0.3166 -0.8433 0.4342
vn 0.0490 -0.6209 -0.7824
vn 0.3133 -0.7368 0.5992
vn 0.1089 -0.7518 -0.6503
vn 0.2979 -0.6016 0.7412
vn 0.1647 -0.8539 -0.4936
vn -0.2334 0.2670 -0.9350
vn 0.2709 -0.4429 0.8547
vn 0.2141 -0.9235 -0.3182
vn 0.2091 -0.5584 -0.8027
vn 0.3991 -0.7033 0.5883
vn 0.2826 -0.6841 -0.6724
vn 0.3508 -0.5810 0.7345
vn 0.3452 -0.7836 -0.5166
vn -0.2156 0.2740 -0.9373
vn 0.2888 -0.4360 0.8524
vn 0.3946 -0.8532 -0.3412
vn -0.1340 0.1014 -0.9858
vn 0.4291 -0.8903 -0.1527
vn -0.0474 -0.0748 -0.9961
vn 0.4471 -0.8935 0.0418
vn 0.0410 -0.2480 -0.9679
vn 0.4482 -0.8625 0.2350
vn 0.1276 -0.4112 -0.9026
vn 0.4320 -0.7984 0.4196
vn 0.5890 -0.7923 -0.1589
vn 0.0317 -0.0264 -0.9991
vn 0.5947 -0.8032 0.0361
vn 0.1473 -0.1829 -0.9720
vn 0.5776 -0.7833 0.2300
vn 0.2570 -0.3320 -0.9076
vn 0.5383 -0.7333 0.4154
vn 0.3567 -0.4681 -0.8085
vn 0.4782 -0.6549 0.5852
vn 0.4425 -0.5862 -0.6786
vn 0.3995 -0.5511 0.7326
vn 0.5115 -0.6818 -0.5231
vn -0.1991 0.2841 -0.9379
vn 0.3052 -0.4259 0.8517
vn 0.5609 -0.7513 -0.3476
vn -0.0853 0.1313 -0.9877
vn 0.5474 -0.5934 0.5901
vn 0.5827 -0.4617 -0.6688
vn 0.4422 -0.5132 0.7356
vn 0.6572 -0.5524 -0.5128
vn -0.1847 0.2969 -0.9369
vn 0.3196 -0.4131 0.8528
vn 0.7066 -0.6220 -0.3374
vn -0.0426 0.1692 -0.9847
vn 0.7292 -0.6679 -0.1490
vn 0.1010 0.0351 -0.9943
vn 0.7239 -0.6884 0.0452
vn 0.2404 -0.1002 -0.9655
vn 0.6910 -0.6826 0.2380
vn 0.3704 -0.2313 -0.8996
vn 0.6314 -0.6506 0.4220
vn 0.4859 -0.3534 -0.7994
vn 0.1578 0.1073 -0.9816
vn 0.8299 -0.5536 0.0688
vn 0.3168 -0.0031 -0.9485
vn 0.7839 -0.5644 0.2587
vn 0.4634 -0.1131 -0.8789
vn 0.7078 -0.5535 0.4390
vn 0.5919 -0.2186 -0.7758
vn 0.6042 -0.5212 0.6027
vn 0.6976 -0.3156 -0.6432
vn 0.4772 -0.4687 0.7434
vn 0.7767 -0.4005 -0.4862
vn -0.1729 0.3119 -0.9343
vn 0.3315 -0.3980 0.8554
vn 0.8261 -0.4701 -0.3108
vn -0.0076 0.2137 -0.9769
vn 0.8441 -0.5218 -0.1235
vn 0.7829 -0.1534 -0.6029
vn 0.5032 -0.4193 0.7557
vn 0.8654 -0.2318 -0.4443
vn -0.1641 0.3286 -0.9301
vn 0.3402 -0.3814 0.8595
vn 0.9148 -0.3014 -0.2689
vn 0.0184 0.2631 -0.9646
vn 0.9294 -0.3596 -0.0831
vn 0.1999 0.1875 -0.9617
vn 0.9086 -0.4040 0.1059
vn 0.3735 0.1047 -0.9217
vn 0.8530 -0.4331 0.2913
vn 0.5324 0.0181 -0.8463
vn 0.7645 -0.4456 0.4658
vn 0.6706 -0.0690 -0.7386
vn 0.6464 -0.4410 0.6226
vt 0.750000 0.125000
vt 0.750000 0.187500
vt 0.718750 0.187500
vt 0.718750 0.125000
vt 0.750000 0.562500
vt 0.750000 0.625000
vt 0.718750 0.625000
vt 0.718750 0.562500
vt 0.750000 0.062500
vt 0.718750 0.062500
vt 0.750000 0.500000
vt 0.718750 0.500000
vt 0.750000 0.937500
vt 0.734375 1.000000
vt 0.718750 0.937500
vt 0.734375 0.000000
vt 0.750000 0.437500
vt 0.718750 0.437500
vt 0.750000 0.875000
vt 0.718750 0.875000
vt 0.750000 0.375000
vt 0.718750 0.375000
vt 0.750000 0.812500
vt 0.718750 0.812500
vt 0.750000 0.312500
vt 0.718750 0.312500
vt 0.750000 0.750000
vt 0.718750 0.750000
vt 0.750000 0.250000
vt 0.718750 0.250000
vt 0.750000 0.687500
vt 0.718750 0.687500
vt 0.687500 0.250000
vt 0.687500 0.187500
vt 0.687500 0.687500
vt 0.687500 0.625000
vt 0.687500 0.125000
vt 0.687500 0.562500
vt 0.687500 0.062500
vt 0.687500 0.500000
vt 0.703125 1.000000
vt 0.687500 0.937500
vt 0.703125 0.000000
vt 0.687500 0.437500
vt 0.687500 0.875000
vt 0.687500 0.375000
vt 0.687500 0.812500
vt 0.687500 0.312500
vt 0.687500 0.750000
vt 0.656250 0.937500
vt 0.656250 0.875000
vt 0.656250 0.437500
vt 0.656250 0.375000
vt 0.656250 0.812500
vt 0.656250 0.312500
vt 0.656250 0.750000
vt 0.656250 0.250000
vt 0.656250 0.687500
vt 0.656250 0.187500
vt 0.656250 0.625000
vt 0.656250 0.125000
vt 0.656250 0.562500
vt 0.656250 0.062500
vt 0.656250 0.500000
vt 0.671875 1.000000
vt 0.671875 0.000000
vt 0.625000 0.687500
vt 0.625000 0.625000
vt 0.625000 0.187500
vt 0.625000 0.125000
vt 0.625000 0.562500
vt 0.625000 0.062500
vt 0.625000 0.500000
vt 0.640625 1.000000
vt 0.625000 0.937500
vt 0.640625 0.000000
vt 0.625000 0.437500
vt 0.625000 0.875000
vt 0.625000 0.375000
vt 0.625000 0.812500
vt 0.625000 0.312500
vt 0.625000 0.750000
vt 0.625000 0.250000
vt 0.593750 0.437500
vt 0.593750 0.375000
vt 0.593750 0.875000
vt 0.593750 0.812500
vt 0.593750 0.312500
vt 0.593750 0.750000
vt 0.593750 0.250000
vt 0.593750 0.687500
vt 0.593750 0.187500
vt 0.593750 0.625000
vt 0.593750 0.125000
vt 0.593750 0.562500
vt 0.593750 0.062500
vt 0.593750 0.500000
vt 0.609375 1.000000
vt 0.593750 0.937500
vt 0.609375 0.000000
vt 0.562500 0.187500
vt 0.562500 0.125000
vt 0.562500 0.625000
vt 0.562500 0.562500
vt 0.562500 0.062500
vt 0.562500 0.500000
vt 0.578125 1.000000
vt 0.562500 0.937500
vt 0.578125 0.000000
vt 0.562500 0.437500
vt 0.562500 0.875000
vt 0.562500 0.375000
vt 0.562500 0.812500
vt 0.562500 0.312500
vt 0.562500 0.750000
vt 0.562500 0.250000
vt 0.562500 0.687500
vt 0.531250 0.375000
vt 0.531250 0.312500
vt 0.531250 0.812500
vt 0.531250 0.750000
vt 0.531250 0.250000
vt 0.531250 0.687500
vt 0.531250 0.187500
vt 0.531250 0.625000
vt 0.531250 0.125000
vt 0.531250 0.562500
vt 0.531250 0.062500
vt 0.531250 0.500000
vt 0.546875 1.000000
vt 0.531250 0.937500
vt 0.546875 0.000000
vt 0.531250 0.437500
vt 0.531250 0.875000
vt 0.500000 0.125000
vt 0.500000 0.062500
vt 0.500000 0.562500
vt 0.500000 0.500000
vt 0.515625 1.000000
vt 0.500000 0.937500
vt 0.515625 0.000000
vt 0.500000 0.437500
vt 0.500000 0.875000
vt 0.500000 0.375000
vt 0.500000 0.812500
vt 0.500000 0.312500
vt 0.500000 0.750000
vt 0.500000 0.250000
vt 0.500000 0.687500
vt 0.500000 0.187500
vt 0.500000 0.625000
vt 0.468750 0.812500
vt 0.468750 0.750000
vt 0.468750 0.312500
vt 0.468750 0.250000
vt 0.468750 0.687500
vt 0.468750 0.187500
vt 0.468750 0.625000
vt 0.468750 0.125000
vt 0.468750 0.562500
vt 0.468750 0.062500
vt 0.468750 0.500000
vt 0.484375 1.000000
vt 0.468750 0.937500
vt 0.484375 0.000000
vt 0.468750 0.437500
vt 0.468750 0.875000
vt 0.468750 0.375000
vt 0.437500 0.562500
vt 0.437500 0.500000
vt 0.453125 1.000000
vt 0.437500 0.937500
vt 0.453125 0.000000
vt 0.437500 0.062500
vt 0.437500 0.437500
vt 0.437500 0.875000
vt 0.437500 0.375000
vt 0.437500 0.812500
vt 0.437500 0.312500
vt 0.437500 0.750000
vt 0.437500 0.250000
vt 0.437500 0.687500
vt 0.437500 0.187500
vt 0.437500 0.625000
vt 0.437500 0.125000
vt 0.406250 0.312500
vt 0.406250 0.250000
vt 0.406250 0.750000
vt 0.406250 0.687500
vt 0.406250 0.187500
vt 0.406250 0.625000
vt 0.406250 0.125000
vt 0.406250 0.562500
vt 0.406250 0.062500
vt 0.406250 0.500000
vt 0.421875 1.000000
vt 0.406250 0.937500
vt 0.421875 0.000000
vt 0.406250 0.437500
vt 0.406250 0.875000
vt 0.406250 0.375000
vt 0.406250 0.812500
vt 0.390625 1.000000
vt 0.375000 0.937500
vt 0.390625 0.000000
vt 0.375000 0.062500
vt 0.375000 0.500000
vt 0.375000 0.437500
vt 0.375000 0.875000
vt 0.375000 0.375000
vt 0.375000 0.812500
vt 0.375000 0.312500
vt 0.375000 0.750000
vt 0.375000 0.250000
vt 0.375000 0.687500
vt 0.375000 0.187500
vt 0.375000 0.625000
vt 0.375000 0.125000
vt 0.375000 0.562500
vt 0.343750 0.750000
vt 0.343750 0.687500
vt 0.343750 0.250000
vt 0.343750 0.187500
vt 0.343750 0.625000
vt 0.343750 0.125000
vt 0.343750 0.562500
vt 0.343750 0.062500
vt 0.343750 0.500000
vt 0.359375 1.000000
vt 0.343750 0.937500
vt 0.359375 0.000000
vt 0.343750 0.437500
vt 0.343750 0.875000
vt 0.343750 0.375000
vt 0.343750 0.812500
vt 0.343750 0.312500
vt 0.312500 0.500000
vt 0.312500 0.437500
vt 0.312500 0.937500
vt 0.312500 0.875000
vt 0.312500 0.375000
vt 0.312500 0.812500
vt 0.312500 0.312500
vt 0.312500 0.750000
vt 0.312500 0.250000
vt 0.312500 0.687500
vt 0.312500 0.187500
vt 0.312500 0.625000
vt 0.312500 0.125000
vt 0.312500 0.562500
vt 0.312500 0.062500
vt 0.328125 1.000000
vt 0.328125 0.000000
vt 0.281250 0.250000
vt 0.281250 0.187500
vt 0.281250 0.687500
vt 0.281250 0.625000
vt 0.281250 0.125000
vt 0.281250 0.562500
vt 0.281250 0.062500
vt 0.281250 0.500000
vt 0.296875 1.000000
vt 0.281250 0.937500
vt 0.296875 0.000000
vt 0.281250 0.437500
vt 0.281250 0.875000
vt 0.281250 0.375000
vt 0.281250 0.812500
vt 0.281250 0.312500
vt 0.281250 0.750000
vt 0.250000 0.437500
vt 0.250000 0.375000
vt 0.250000 0.875000
vt 0.250000 0.812500
vt 0.250000 0.312500
vt 0.250000 0.750000
vt 0.250000 0.250000
vt 0.250000 0.687500
vt 0.250000 0.187500
vt 0.250000 0.625000
vt 0.250000 0.125000
vt 0.250000 0.562500
vt 0.250000 0.062500
vt 0.250000 0.500000
vt 0.265625 1.000000
vt 0.250000 0.937500
vt 0.265625 0.000000
vt 0.218750 0.187500
vt 0.218750 0.125000
vt 0.218750 0.625000
vt 0.218750 0.562500
vt 0.218750 0.062500
vt 0.218750 0.500000
vt 0.234375 1.000000
vt 0.218750 0.937500
vt 0.234375 0.000000
vt 0.218750 0.437500
vt 0.218750 0.875000
vt 0.218750 0.375000
vt 0.218750 0.812500
vt 0.218750 0.312500
vt 0.218750 0.750000
vt 0.218750 0.250000
vt 0.218750 0.687500
vt 0.187500 0.875000
vt 0.187500 0.812500
vt 0.187500 0.375000
vt 0.187500 0.312500
vt 0.187500 0.750000
vt 0.187500 0.250000
vt 0.187500 0.687500
vt 0.187500 0.187500
vt 0.187500 0.625000
vt 0.187500 0.125000
vt 0.187500 0.562500
vt 0.187500 0.062500
vt 0.187500 0.500000
vt 0.203125 1.000000
vt 0.187500 0.937500
vt 0.203125 0.000000
vt 0.187500 0.437500
vt 0.156250 0.625000
vt 0.156250 0.562500
vt 0.156250 0.125000
vt 0.156250 0.062500
vt 0.156250 0.500000
vt 0.171875 1.000000
vt 0.156250 0.937500
vt 0.171875 0.000000
vt 0.156250 0.437500
vt 0.156250 0.875000
vt 0.156250 0.375000
vt 0.156250 0.812500
vt 0.156250 0.312500
vt 0.156250 0.750000
vt 0.156250 0.250000
vt 0.156250 0.687500
vt 0.156250 0.187500
vt 0.125000 0.375000
vt 0.125000 0.312500
vt 0.125000 0.812500
vt 0.125000 0.750000
vt 0.125000 0.250000
vt 0.125000 0.687500
vt 0.125000 0.187500
vt 0.125000 0.625000
vt 0.125000 0.125000
vt 0.125000 0.562500
vt 0.125000 0.062500
vt 0.125000 0.500000
vt 0.140625 1.000000
vt 0.125000 0.937500
vt 0.140625 0.000000
vt 0.125000 0.437500
vt 0.125000 0.875000
vt 0.093750 0.125000
vt 0.093750 0.062500
vt 0.093750 0.562500
vt 0.093750 0.500000
vt 0.109375 1.000000
vt 0.093750 0.937500
vt 0.109375 0.000000
vt 0.093750 0.437500
vt 0.093750 0.875000
vt 0.093750 0.375000
vt 0.093750 0.812500
vt 0.093750 0.312500
vt 0.093750 0.750000
vt 0.093750 0.250000
vt 0.093750 0.687500
vt 0.093750 0.187500
vt 0.093750 0.625000
vt 0.062500 0.812500
vt 0.062500 0.750000
vt 0.062500 0.312500
vt 0.062500 0.250000
vt 0.062500 0.687500
vt 0.062500 0.187500
vt 0.062500 0.625000
vt 0.062500 0.125000
vt 0.062500 0.562500
vt 0.062500 0.062500
vt 0.062500 0.500000
vt 0.078125 1.000000
vt 0.062500 0.937500
vt 0.078125 0.000000
vt 0.062500 0.437500
vt 0.062500 0.875000
vt 0.062500 0.375000
vt 0.031250 0.562500
vt 0.031250 0.500000
vt 0.046875 1.000000
vt 0.031250 0.937500
vt 0.046875 0.000000
vt 0.031250 0.062500
vt 0.031250 0.437500
vt 0.031250 0.875000
vt 0.031250 0.375000
vt 0.031250 0.812500
vt 0.031250 0.312500
vt 0.031250 0.750000
vt 0.031250 0.250000
vt 0.031250 0.687500
vt 0.031250 0.187500
vt 0.031250 0.625000
vt 0.031250 0.125000
vt 0.000000 0.312500
vt 0.000000 0.250000
vt 0.000000 0.750000
vt 0.000000 0.687500
vt 0.000000 0.187500
vt 0.000000 0.625000
vt 0.000000 0.125000
vt 0.000000 0.562500
vt 0.000000 0.062500
vt 0.000000 0.500000
vt 0.015625 1.000000
vt 0.000000 0.937500
vt 0.015625 0.000000
vt 0.000000 0.437500
vt 0.000000 0.875000
vt 0.000000 0.375000
vt 0.000000 0.812500
vt 0.984375 0.000000
vt 1.000000 0.062500
vt 0.968750 0.062500
vt 1.000000 0.437500
vt 1.000000 0.500000
vt 0.968750 0.500000
vt 0.968750 0.437500
vt 1.000000 0.875000
vt 1.000000 0.937500
vt 0.968750 0.937500
vt 0.968750 0.875000
vt 1.000000 0.375000
vt 0.968750 0.375000
vt 1.000000 0.812500
vt 0.968750 0.812500
vt 1.000000 0.312500
vt 0.968750 0.312500
vt 1.000000 0.750000
vt 0.968750 0.750000
vt 1.000000 0.250000
vt 0.968750 0.250000
vt 1.000000 0.687500
vt 0.968750 0.687500
vt 1.000000 0.187500
vt 0.968750 0.187500
vt 1.000000 0.625000
vt 0.968750 0.625000
vt 1.000000 0.125000
vt 0.968750 0.125000
vt 1.000000 0.562500
vt 0.968750 0.562500
vt 0.984375 1.000000
vt 0.937500 0.250000
vt 0.937500 0.187500
vt 0.937500 0.687500
vt 0.937500 0.625000
vt 0.937500 0.125000
vt 0.937500 0.562500
vt 0.937500 0.062500
vt 0.937500 0.500000
vt 0.953125 1.000000
vt 0.937500 0.937500
vt 0.953125 0.000000
vt 0.937500 0.437500
vt 0.937500 0.875000
vt 0.937500 0.375000
vt 0.937500 0.812500
vt 0.937500 0.312500
vt 0.937500 0.750000
vt 0.906250 0.937500
vt 0.906250 0.875000
vt 0.906250 0.437500
vt 0.906250 0.375000
vt 0.906250 0.812500
vt 0.906250 0.312500
vt 0.906250 0.750000
vt 0.906250 0.250000
vt 0.906250 0.687500
vt 0.906250 0.187500
vt 0.906250 0.625000
vt 0.906250 0.125000
vt 0.906250 0.562500
vt 0.906250 0.062500
vt 0.906250 0.500000
vt 0.921875 1.000000
vt 0.921875 0.000000
vt 0.875000 0.687500
vt 0.875000 0.625000
vt 0.875000 0.187500
vt 0.875000 0.125000
vt 0.875000 0.562500
vt 0.875000 0.062500
vt 0.875000 0.500000
vt 0.890625 1.000000
vt 0.875000 0.937500
vt 0.890625 0.000000
vt 0.875000 0.437500
vt 0.875000 0.875000
vt 0.875000 0.375000
vt 0.875000 0.812500
vt 0.875000 0.312500
vt 0.875000 0.750000
vt 0.875000 0.250000
vt 0.843750 0.437500
vt 0.843750 0.375000
vt 0.843750 0.875000
vt 0.843750 0.812500
vt 0.843750 0.312500
vt 0.843750 0.750000
vt 0.843750 0.250000
vt 0.843750 0.687500
vt 0.843750 0.187500
vt 0.843750 0.625000
vt 0.843750 0.125000
vt 0.843750 0.562500
vt 0.843750 0.062500
vt 0.843750 0.500000
vt 0.859375 1.000000
vt 0.843750 0.937500
vt 0.859375 0.000000
vt 0.812500 0.187500
vt 0.812500 0.125000
vt 0.812500 0.625000
vt 0.812500 0.562500
vt 0.812500 0.062500
vt 0.812500 0.500000
vt 0.828125 1.000000
vt 0.812500 0.937500
vt 0.828125 0.000000
vt 0.812500 0.437500
vt 0.812500 0.875000
vt 0.812500 0.375000
vt 0.812500 0.812500
vt 0.812500 0.312500
vt 0.812500 0.750000
vt 0.812500 0.250000
vt 0.812500 0.687500
vt 0.781250 0.875000
vt 0.781250 0.812500
vt 0.781250 0.375000
vt 0.781250 0.312500
vt 0.781250 0.750000
vt 0.781250 0.250000
vt 0.781250 0.687500
vt 0.781250 0.187500
vt 0.781250 0.625000
vt 0.781250 0.125000
vt 0.781250 0.562500
vt 0.781250 0.062500
vt 0.781250 0.500000
vt 0.796875 1.000000
vt 0.781250 0.937500
vt 0.796875 0.000000
vt 0.781250 0.437500
vt 0.765625 1.000000
vt 0.765625 0.000000
s 0
usemtl Material.011
f 1878/1226/1191 1877/1227/1191 1418/1228/1191 1419/1229/1191
f 1401/1230/1192 1874/1231/1192 1411/1232/1192 1412/1233/1192
f 1879/1234/1193 1878/1226/1193 1419/1229/1193 1420/1235/1193
f 1402/1236/1194 1401/1230/1194 1412/1233/1194 1413/1237/1194
f 1871/1238/1195 1398/1239/1195 1406/1240/1195
f 1405/1241/1196 1879/1234/1196 1420/1235/1196
f 1403/1242/1197 1402/1236/1197 1413/1237/1197 1414/1243/1197
f 1872/1244/1198 1871/1238/1198 1406/1240/1198 1407/1245/1198
f 1875/1246/1199 1403/1242/1199 1414/1243/1199 1415/1247/1199
f 1399/1248/1200 1872/1244/1200 1407/1245/1200 1408/1249/1200
f 1404/1250/1201 1875/1246/1201 1415/1247/1201 1416/1251/1201
f 1873/1252/1202 1399/1248/1202 1408/1249/1202 1409/1253/1202
f 1876/1254/1203 1404/1250/1203 1416/1251/1203 1417/1255/1203
f 1400/1256/1204 1873/1252/1204 1409/1253/1204 1410/1257/1204
f 1877/1227/1205 1876/1254/1205 1417/1255/1205 1418/1228/1205
f 1874/1231/1206 1400/1256/1206 1410/1257/1206 1411/1232/1206
f 1418/1228/1207 1417/1255/1207 1432/1258/1207 1433/1259/1207
f 1411/1232/1208 1410/1257/1208 1425/1260/1208 1426/1261/1208
f 1419/1229/1209 1418/1228/1209 1433/1259/1209 1434/1262/1209
f 1412/1233/1210 1411/1232/1210 1426/1261/1210 1427/1263/1210
f 1420/1235/1211 1419/1229/1211 1434/1262/1211 1435/1264/1211
f 1413/1237/1212 1412/1233/1212 1427/1263/1212 1428/1265/1212
f 1406/1240/1213 1398/1266/1213 1421/1267/1213
f 1405/1268/1214 1420/1235/1214 1435/1264/1214
f 1414/1243/1215 1413/1237/1215 1428/1265/1215 1429/1269/1215
f 1407/1245/1216 1406/1240/1216 1421/1267/1216 1422/1270/1216
f 1415/1247/1217 1414/1243/1217 1429/1269/1217 1430/1271/1217
f 1408/1249/1218 1407/1245/1218 1422/1270/1218 1423/1272/1218
f 1416/1251/1219 1415/1247/1219 1430/1271/1219 1431/1273/1219
f 1409/1253/1220 1408/1249/1220 1423/1272/1220 1424/1274/1220
f 1417/1255/1221 1416/1251/1221 1431/1273/1221 1432/1258/1221
f 1410/1257/1222 1409/1253/1222 1424/1274/1222 1425/1260/1222
f 1422/1270/1223 1421/1267/1223 1436/1275/1223 1437/1276/1223
f 1430/1271/1224 1429/1269/1224 1444/1277/1224 1445/1278/1224
f 1423/1272/1225 1422/1270/1225 1437/1276/1225 1438/1279/1225
f 1431/1273/1226 1430/1271/1226 1445/1278/1226 1446/1280/1226
f 1424/1274/1227 1423/1272/1227 1438/1279/1227 1439/1281/1227
f 1432/1258/1228 1431/1273/1228 1446/1280/1228 1447/1282/1228
f 1425/1260/1229 1424/1274/1229 1439/1281/1229 1440/1283/1229
f 1433/1259/1230 1432/1258/1230 1447/1282/1230 1448/1284/1230
f 1426/1261/1231 1425/1260/1231 1440/1283/1231 1441/1285/1231
f 1434/1262/1232 1433/1259/1232 1448/1284/1232 1449/1286/1232
f 1427/1263/1233 1426/1261/1233 1441/1285/1233 1442/1287/1233
f 1435/1264/1234 1434/1262/1234 1449/1286/1234 1450/1288/1234
f 1428/1265/1235 1427/1263/1235 1442/1287/1235 1443/1289/1235
f 1421/1267/1236 1398/1290/1236 1436/1275/1236
f 1405/1291/1237 1435/1264/1237 1450/1288/1237
f 1429/1269/1238 1428/1265/1238 1443/1289/1238 1444/1277/1238
f 1441/1285/1239 1440/1283/1239 1455/1292/1239 1456/1293/1239
f 1449/1286/1240 1448/1284/1240 1463/1294/1240 1464/1295/1240
f 1442/1287/1241 1441/1285/1241 1456/1293/1241 1457/1296/1241
f 1450/1288/1242 1449/1286/1242 1464/1295/1242 1465/1297/1242
f 1443/1289/1243 1442/1287/1243 1457/1296/1243 1458/1298/1243
f 1436/1275/1244 1398/1299/1244 1451/1300/1244
f 1405/1301/1245 1450/1288/1245 1465/1297/1245
f 1444/1277/1246 1443/1289/1246 1458/1298/1246 1459/1302/1246
f 1437/1276/1247 1436/1275/1247 1451/1300/1247 1452/1303/1247
f 1445/1278/1248 1444/1277/1248 1459/1302/1248 1460/1304/1248
f 1438/1279/1249 1437/1276/1249 1452/1303/1249 1453/1305/1249
f 1446/1280/1250 1445/1278/1250 1460/1304/1250 1461/1306/1250
f 1439/1281/1251 1438/1279/1251 1453/1305/1251 1454/1307/1251
f 1447/1282/1252 1446/1280/1252 1461/1306/1252 1462/1308/1252
f 1440/1283/1253 1439/1281/1253 1454/1307/1253 1455/1292/1253
f 1448/1284/1254 1447/1282/1254 1462/1308/1254 1463/1294/1254
f 1460/1304/1255 1459/1302/1255 1474/1309/1255 1475/1310/1255
f 1453/1305/1256 1452/1303/1256 1467/1311/1256 1468/1312/1256
f 1461/1306/1257 1460/1304/1257 1475/1310/1257 1476/1313/1257
f 1454/1307/1258 1453/1305/1258 1468/1312/1258 1469/1314/1258
f 1462/1308/1259 1461/1306/1259 1476/1313/1259 1477/1315/1259
f 1455/1292/1260 1454/1307/1260 1469/1314/1260 1470/1316/1260
f 1463/1294/1261 1462/1308/1261 1477/1315/1261 1478/1317/1261
f 1456/1293/1262 1455/1292/1262 1470/1316/1262 1471/1318/1262
f 1464/1295/1263 1463/1294/1263 1478/1317/1263 1479/1319/1263
f 1457/1296/1264 1456/1293/1264 1471/1318/1264 1472/1320/1264
f 1465/1297/1265 1464/1295/1265 1479/1319/1265 1480/1321/1265
f 1458/1298/1266 1457/1296/1266 1472/1320/1266 1473/1322/1266
f 1451/1300/1267 1398/1323/1267 1466/1324/1267
f 1405/1325/1268 1465/1297/1268 1480/1321/1268
f 1459/1302/1269 1458/1298/1269 1473/1322/1269 1474/1309/1269
f 1452/1303/1270 1451/1300/1270 1466/1324/1270 1467/1311/1270
f 1479/1319/1271 1478/1317/1271 1493/1326/1271 1494/1327/1271
f 1472/1320/1272 1471/1318/1272 1486/1328/1272 1487/1329/1272
f 1480/1321/1273 1479/1319/1273 1494/1327/1273 1495/1330/1273
f 1473/1322/1274 1472/1320/1274 1487/1329/1274 1488/1331/1274
f 1466/1324/1275 1398/1332/1275 1481/1333/1275
f 1405/1334/1276 1480/1321/1276 1495/1330/1276
f 1474/1309/1277 1473/1322/1277 1488/1331/1277 1489/1335/1277
f 1467/1311/1278 1466/1324/1278 1481/1333/1278 1482/1336/1278
f 1475/1310/1279 1474/1309/1279 1489/1335/1279 1490/1337/1279
f 1468/1312/1280 1467/1311/1280 1482/1336/1280 1483/1338/1280
f 1476/1313/1281 1475/1310/1281 1490/1337/1281 1491/1339/1281
f 1469/1314/1282 1468/1312/1282 1483/1338/1282 1484/1340/1282
f 1477/1315/1283 1476/1313/1283 1491/1339/1283 1492/1341/1283
f 1470/1316/1284 1469/1314/1284 1484/1340/1284 1485/1342/1284
f 1478/1317/1285 1477/1315/1285 1492/1341/1285 1493/1326/1285
f 1471/1318/1286 1470/1316/1286 1485/1342/1286 1486/1328/1286
f 1491/1339/1287 1490/1337/1287 1505/1343/1287 1506/1344/1287
f 1484/1340/1288 1483/1338/1288 1498/1345/1288 1499/1346/1288
f 1492/1341/1289 1491/1339/1289 1506/1344/1289 1507/1347/1289
f 1485/1342/1290 1484/1340/1290 1499/1346/1290 1500/1348/1290
f 1493/1326/1291 1492/1341/1291 1507/1347/1291 1508/1349/1291
f 1486/1328/1292 1485/1342/1292 1500/1348/1292 1501/1350/1292
f 1494/1327/1293 1493/1326/1293 1508/1349/1293 1509/1351/1293
f 1487/1329/1294 1486/1328/1294 1501/1350/1294 1502/1352/1294
f 1495/1330/1295 1494/1327/1295 1509/1351/1295 1510/1353/1295
f 1488/1331/1296 1487/1329/1296 1502/1352/1296 1503/1354/1296
f 1481/1333/1297 1398/1355/1297 1496/1356/1297
f 1405/1357/1298 1495/1330/1298 1510/1353/1298
f 1489/1335/1299 1488/1331/1299 1503/1354/1299 1504/1358/1299
f 1482/1336/1300 1481/1333/1300 1496/1356/1300 1497/1359/1300
f 1490/1337/1301 1489/1335/1301 1504/1358/1301 1505/1343/1301
f 1483/1338/1302 1482/1336/1302 1497/1359/1302 1498/1345/1302
f 1510/1353/1303 1509/1351/1303 1524/1360/1303 1525/1361/1303
f 1503/1354/1304 1502/1352/1304 1517/1362/1304 1518/1363/1304
f 1496/1356/1305 1398/1364/1305 1511/1365/1305
f 1405/1366/1306 1510/1353/1306 1525/1361/1306
f 1504/1358/1307 1503/1354/1307 1518/1363/1307 1519/1367/1307
f 1497/1359/1308 1496/1356/1308 1511/1365/1308 1512/1368/1308
f 1505/1343/1309 1504/1358/1309 1519/1367/1309 1520/1369/1309
f 1498/1345/1310 1497/1359/1310 1512/1368/1310 1513/1370/1310
f 1506/1344/1311 1505/1343/1311 1520/1369/1311 1521/1371/1311
f 1499/1346/1312 1498/1345/1312 1513/1370/1312 1514/1372/1312
f 1507/1347/1313 1506/1344/1313 1521/1371/1313 1522/1373/1313
f 1500/1348/1314 1499/1346/1314 1514/1372/1314 1515/1374/1314
f 1508/1349/1315 1507/1347/1315 1522/1373/1315 1523/1375/1315
f 1501/1350/1316 1500/1348/1316 1515/1374/1316 1516/1376/1316
f 1509/1351/1317 1508/1349/1317 1523/1375/1317 1524/1360/1317
f 1502/1352/1318 1501/1350/1318 1516/1376/1318 1517/1362/1318
f 1514/1372/1319 1513/1370/1319 1528/1377/1319 1529/1378/1319
f 1522/1373/1320 1521/1371/1320 1536/1379/1320 1537/1380/1320
f 1515/1374/1321 1514/1372/1321 1529/1378/1321 1530/1381/1321
f 1523/1375/1322 1522/1373/1322 1537/1380/1322 1538/1382/1322
f 1516/1376/1323 1515/1374/1323 1530/1381/1323 1531/1383/1323
f 1524/1360/1324 1523/1375/1324 1538/1382/1324 1539/1384/1324
f 1517/1362/1325 1516/1376/1325 1531/1383/1325 1532/1385/1325
f 1525/1361/1326 1524/1360/1326 1539/1384/1326 1540/1386/1326
f 1518/1363/1327 1517/1362/1327 1532/1385/1327 1533/1387/1327
f 1511/1365/1328 1398/1388/1328 1526/1389/1328
f 1405/1390/1329 1525/1361/1329 1540/1386/1329
f 1519/1367/1330 1518/1363/1330 1533/1387/1330 1534/1391/1330
f 1512/1368/1331 1511/1365/1331 1526/1389/1331 1527/1392/1331
f 1520/1369/1332 1519/1367/1332 1534/1391/1332 1535/1393/1332
f 1513/1370/1333 1512/1368/1333 1527/1392/1333 1528/1377/1333
f 1521/1371/1334 1520/1369/1334 1535/1393/1334 1536/1379/1334
f 1533/1387/1335 1532/1385/1335 1547/1394/1335 1548/1395/1335
f 1526/1389/1336 1398/1396/1336 1541/1397/1336
f 1405/1398/1337 1540/1386/1337 1555/1399/1337
f 1534/1391/1338 1533/1387/1338 1548/1395/1338 1549/1400/1338
f 1527/1392/1339 1526/1389/1339 1541/1397/1339 1542/1401/1339
f 1535/1393/1340 1534/1391/1340 1549/1400/1340 1550/1402/1340
f 1528/1377/1341 1527/1392/1341 1542/1401/1341 1543/1403/1341
f 1536/1379/1342 1535/1393/1342 1550/1402/1342 1551/1404/1342
f 1529/1378/1343 1528/1377/1343 1543/1403/1343 1544/1405/1343
f 1537/1380/1344 1536/1379/1344 1551/1404/1344 1552/1406/1344
f 1530/1381/1345 1529/1378/1345 1544/1405/1345 1545/1407/1345
f 1538/1382/1346 1537/1380/1346 1552/1406/1346 1553/1408/1346
f 1531/1383/1347 1530/1381/1347 1545/1407/1347 1546/1409/1347
f 1539/1384/1348 1538/1382/1348 1553/1408/1348 1554/1410/1348
f 1532/1385/1349 1531/1383/1349 1546/1409/1349 1547/1394/1349
f 1540/1386/1350 1539/1384/1350 1554/1410/1350 1555/1399/1350
f 1552/1406/1351 1551/1404/1351 1566/1411/1351 1567/1412/1351
f 1545/1407/1352 1544/1405/1352 1559/1413/1352 1560/1414/1352
f 1553/1408/1353 1552/1406/1353 1567/1412/1353 1568/1415/1353
f 1546/1409/1354 1545/1407/1354 1560/1414/1354 1561/1416/1354
f 1554/1410/1355 1553/1408/1355 1568/1415/1355 1569/1417/1355
f 1547/1394/1356 1546/1409/1356 1561/1416/1356 1562/1418/1356
f 1555/1399/1357 1554/1410/1357 1569/1417/1357 1570/1419/1357
f 1548/1395/1358 1547/1394/1358 1562/1418/1358 1563/1420/1358
f 1541/1397/1359 1398/1421/1359 1556/1422/1359
f 1405/1423/1360 1555/1399/1360 1570/1419/1360
f 1549/1400/1361 1548/1395/1361 1563/1420/1361 1564/1424/1361
f 1542/1401/1362 1541/1397/1362 1556/1422/1362 1557/1425/1362
f 1550/1402/1363 1549/1400/1363 1564/1424/1363 1565/1426/1363
f 1543/1403/1364 1542/1401/1364 1557/1425/1364 1558/1427/1364
f 1551/1404/1365 1550/1402/1365 1565/1426/1365 1566/1411/1365
f 1544/1405/1366 1543/1403/1366 1558/1427/1366 1559/1413/1366
f 1556/1422/1367 1398/1428/1367 1571/1429/1367
f 1405/1430/1368 1570/1419/1368 1585/1431/1368
f 1564/1424/1369 1563/1420/1369 1578/1432/1369 1579/1433/1369
f 1557/1425/1370 1556/1422/1370 1571/1429/1370 1572/1434/1370
f 1565/1426/1371 1564/1424/1371 1579/1433/1371 1580/1435/1371
f 1558/1427/1372 1557/1425/1372 1572/1434/1372 1573/1436/1372
f 1566/1411/1373 1565/1426/1373 1580/1435/1373 1581/1437/1373
f 1559/1413/1374 1558/1427/1374 1573/1436/1374 1574/1438/1374
f 1567/1412/1375 1566/1411/1375 1581/1437/1375 1582/1439/1375
f 1560/1414/1376 1559/1413/1376 1574/1438/1376 1575/1440/1376
f 1568/1415/1377 1567/1412/1377 1582/1439/1377 1583/1441/1377
f 1561/1416/1378 1560/1414/1378 1575/1440/1378 1576/1442/1378
f 1569/1417/1379 1568/1415/1379 1583/1441/1379 1584/1443/1379
f 1562/1418/1380 1561/1416/1380 1576/1442/1380 1577/1444/1380
f 1570/1419/1381 1569/1417/1381 1584/1443/1381 1585/1431/1381
f 1563/1420/1382 1562/1418/1382 1577/1444/1382 1578/1432/1382
f 1575/1440/1383 1574/1438/1383 1589/1445/1383 1590/1446/1383
f 1583/1441/1384 1582/1439/1384 1597/1447/1384 1598/1448/1384
f 1576/1442/1385 1575/1440/1385 1590/1446/1385 1591/1449/1385
f 1584/1443/1386 1583/1441/1386 1598/1448/1386 1599/1450/1386
f 1577/1444/1387 1576/1442/1387 1591/1449/1387 1592/1451/1387
f 1585/1431/1388 1584/1443/1388 1599/1450/1388 1600/1452/1388
f 1578/1432/1389 1577/1444/1389 1592/1451/1389 1593/1453/1389
f 1571/1429/1390 1398/1454/1390 1586/1455/1390
f 1405/1456/1391 1585/1431/1391 1600/1452/1391
f 1579/1433/1392 1578/1432/1392 1593/1453/1392 1594/1457/1392
f 1572/1434/1393 1571/1429/1393 1586/1455/1393 1587/1458/1393
f 1580/1435/1394 1579/1433/1394 1594/1457/1394 1595/1459/1394
f 1573/1436/1395 1572/1434/1395 1587/1458/1395 1588/1460/1395
f 1581/1437/1396 1580/1435/1396 1595/1459/1396 1596/1461/1396
f 1574/1438/1397 1573/1436/1397 1588/1460/1397 1589/1445/1397
f 1582/1439/1398 1581/1437/1398 1596/1461/1398 1597/1447/1398
f 1594/1457/1399 1593/1453/1399 1608/1462/1399 1609/1463/1399
f 1587/1458/1400 1586/1455/1400 1601/1464/1400 1602/1465/1400
f 1595/1459/1401 1594/1457/1401 1609/1463/1401 1610/1466/1401
f 1588/1460/1402 1587/1458/1402 1602/1465/1402 1603/1467/1402
f 1596/1461/1403 1595/1459/1403 1610/1466/1403 1611/1468/1403
f 1589/1445/1404 1588/1460/1404 1603/1467/1404 1604/1469/1404
f 1597/1447/1405 1596/1461/1405 1611/1468/1405 1612/1470/1405
f 1590/1446/1406 1589/1445/1406 1604/1469/1406 1605/1471/1406
f 1598/1448/1407 1597/1447/1407 1612/1470/1407 1613/1472/1407
f 1591/1449/1408 1590/1446/1408 1605/1471/1408 1606/1473/1408
f 1599/1450/1409 1598/1448/1409 1613/1472/1409 1614/1474/1409
f 1592/1451/1410 1591/1449/1410 1606/1473/1410 1607/1475/1410
f 1600/1452/1411 1599/1450/1411 1614/1474/1411 1615/1476/1411
f 1593/1453/1412 1592/1451/1412 1607/1475/1412 1608/1462/1412
f 1586/1455/1413 1398/1477/1413 1601/1464/1413
f 1405/1478/1414 1600/1452/1414 1615/1476/1414
f 1613/1472/1415 1612/1470/1415 1627/1479/1415 1628/1480/1415
f 1606/1473/1416 1605/1471/1416 1620/1481/1416 1621/1482/1416
f 1614/1474/1417 1613/1472/1417 1628/1480/1417 1629/1483/1417
f 1607/1475/1418 1606/1473/1418 1621/1482/1418 1622/1484/1418
f 1615/1476/1419 1614/1474/1419 1629/1483/1419 1630/1485/1419
f 1608/1462/1420 1607/1475/1420 1622/1484/1420 1623/1486/1420
f 1601/1464/1421 1398/1487/1421 1616/1488/1421
f 1405/1489/1422 1615/1476/1422 1630/1485/1422
f 1609/1463/1423 1608/1462/1423 1623/1486/1423 1624/1490/1423
f 1602/1465/1424 1601/1464/1424 1616/1488/1424 1617/1491/1424
f 1610/1466/1425 1609/1463/1425 1624/1490/1425 1625/1492/1425
f 1603/1467/1426 1602/1465/1426 1617/1491/1426 1618/1493/1426
f 1611/1468/1427 1610/1466/1427 1625/1492/1427 1626/1494/1427
f 1604/1469/1428 1603/1467/1428 1618/1493/1428 1619/1495/1428
f 1612/1470/1429 1611/1468/1429 1626/1494/1429 1627/1479/1429
f 1605/1471/1430 1604/1469/1430 1619/1495/1430 1620/1481/1430
f 1625/1492/1431 1624/1490/1431 1639/1496/1431 1640/1497/1431
f 1618/1493/1432 1617/1491/1432 1632/1498/1432 1633/1499/1432
f 1626/1494/1433 1625/1492/1433 1640/1497/1433 1641/1500/1433
f 1619/1495/1434 1618/1493/1434 1633/1499/1434 1634/1501/1434
f 1627/1479/1435 1626/1494/1435 1641/1500/1435 1642/1502/1435
f 1620/1481/1436 1619/1495/1436 1634/1501/1436 1635/1503/1436
f 1628/1480/1437 1627/1479/1437 1642/1502/1437 1643/1504/1437
f 1621/1482/1438 1620/1481/1438 1635/1503/1438 1636/1505/1438
f 1629/1483/1439 1628/1480/1439 1643/1504/1439 1644/1506/1439
f 1622/1484/1440 1621/1482/1440 1636/1505/1440 1637/1507/1440
f 1630/1485/1441 1629/1483/1441 1644/1506/1441 1645/1508/1441
f 1623/1486/1442 1622/1484/1442 1637/1507/1442 1638/1509/1442
f 1616/1488/1443 1398/1510/1443 1631/1511/1443
f 1405/1512/1444 1630/1485/1444 1645/1508/1444
f 1624/1490/1445 1623/1486/1445 1638/1509/1445 1639/1496/1445
f 1617/1491/1446 1616/1488/1446 1631/1511/1446 1632/1498/1446
f 1644/1506/1447 1643/1504/1447 1658/1513/1447 1659/1514/1447
f 1637/1507/1448 1636/1505/1448 1651/1515/1448 1652/1516/1448
f 1645/1508/1449 1644/1506/1449 1659/1514/1449 1660/1517/1449
f 1638/1509/1450 1637/1507/1450 1652/1516/1450 1653/1518/1450
f 1631/1511/1451 1398/1519/1451 1646/1520/1451
f 1405/1521/1452 1645/1508/1452 1660/1517/1452
f 1639/1496/1453 1638/1509/1453 1653/1518/1453 1654/1522/1453
f 1632/1498/1454 1631/1511/1454 1646/1520/1454 1647/1523/1454
f 1640/1497/1455 1639/1496/1455 1654/1522/1455 1655/1524/1455
f 1633/1499/1456 1632/1498/1456 1647/1523/1456 1648/1525/1456
f 1641/1500/1457 1640/1497/1457 1655/1524/1457 1656/1526/1457
f 1634/1501/1458 1633/1499/1458 1648/1525/1458 1649/1527/1458
f 1642/1502/1459 1641/1500/1459 1656/1526/1459 1657/1528/1459
f 1635/1503/1460 1634/1501/1460 1649/1527/1460 1650/1529/1460
f 1643/1504/1461 1642/1502/1461 1657/1528/1461 1658/1513/1461
f 1636/1505/1462 1635/1503/1462 1650/1529/1462 1651/1515/1462
f 1648/1525/1463 1647/1523/1463 1662/1530/1463 1663/1531/1463
f 1656/1526/1464 1655/1524/1464 1670/1532/1464 1671/1533/1464
f 1649/1527/1465 1648/1525/1465 1663/1531/1465 1664/1534/1465
f 1657/1528/1466 1656/1526/1466 1671/1533/1466 1672/1535/1466
f 1650/1529/1467 1649/1527/1467 1664/1534/1467 1665/1536/1467
f 1658/1513/1468 1657/1528/1468 1672/1535/1468 1673/1537/1468
f 1651/1515/1469 1650/1529/1469 1665/1536/1469 1666/1538/1469
f 1659/1514/1470 1658/1513/1470 1673/1537/1470 1674/1539/1470
f 1652/1516/1471 1651/1515/1471 1666/1538/1471 1667/1540/1471
f 1660/1517/1472 1659/1514/1472 1674/1539/1472 1675/1541/1472
f 1653/1518/1473 1652/1516/1473 1667/1540/1473 1668/1542/1473
f 1646/1520/1474 1398/1543/1474 1661/1544/1474
f 1405/1545/1475 1660/1517/1475 1675/1541/1475
f 1654/1522/1476 1653/1518/1476 1668/1542/1476 1669/1546/1476
f 1647/1523/1477 1646/1520/1477 1661/1544/1477 1662/1530/1477
f 1655/1524/1478 1654/1522/1478 1669/1546/1478 1670/1532/1478
f 1667/1540/1479 1666/1538/1479 1681/1547/1479 1682/1548/1479
f 1675/1541/1480 1674/1539/1480 1689/1549/1480 1690/1550/1480
f 1668/1542/1481 1667/1540/1481 1682/1548/1481 1683/1551/1481
f 1661/1544/1482 1398/1552/1482 1676/1553/1482
f 1405/1554/1483 1675/1541/1483 1690/1550/1483
f 1669/1546/1484 1668/1542/1484 1683/1551/1484 1684/1555/1484
f 1662/1530/1485 1661/1544/1485 1676/1553/1485 1677/1556/1485
f 1670/1532/1486 1669/1546/1486 1684/1555/1486 1685/1557/1486
f 1663/1531/1487 1662/1530/1487 1677/1556/1487 1678/1558/1487
f 1671/1533/1488 1670/1532/1488 1685/1557/1488 1686/1559/1488
f 1664/1534/1489 1663/1531/1489 1678/1558/1489 1679/1560/1489
f 1672/1535/1490 1671/1533/1490 1686/1559/1490 1687/1561/1490
f 1665/1536/1491 1664/1534/1491 1679/1560/1491 1680/1562/1491
f 1673/1537/1492 1672/1535/1492 1687/1561/1492 1688/1563/1492
f 1666/1538/1493 1665/1536/1493 1680/1562/1493 1681/1547/1493
f 1674/1539/1494 1673/1537/1494 1688/1563/1494 1689/1549/1494
f 1686/1559/1495 1685/1557/1495 1700/1564/1495 1701/1565/1495
f 1679/1560/1496 1678/1558/1496 1693/1566/1496 1694/1567/1496
f 1687/1561/1497 1686/1559/1497 1701/1565/1497 1702/1568/1497
f 1680/1562/1498 1679/1560/1498 1694/1567/1498 1695/1569/1498
f 1688/1563/1499 1687/1561/1499 1702/1568/1499 1703/1570/1499
f 1681/1547/1500 1680/1562/1500 1695/1569/1500 1696/1571/1500
f 1689/1549/1501 1688/1563/1501 1703/1570/1501 1704/1572/1501
f 1682/1548/1502 1681/1547/1502 1696/1571/1502 1697/1573/1502
f 1690/1550/1503 1689/1549/1503 1704/1572/1503 1705/1574/1503
f 1683/1551/1504 1682/1548/1504 1697/1573/1504 1698/1575/1504
f 1676/1553/1505 1398/1576/1505 1691/1577/1505
f 1405/1578/1506 1690/1550/1506 1705/1574/1506
f 1684/1555/1507 1683/1551/1507 1698/1575/1507 1699/1579/1507
f 1677/1556/1508 1676/1553/1508 1691/1577/1508 1692/1580/1508
f 1685/1557/1509 1684/1555/1509 1699/1579/1509 1700/1564/1509
f 1678/1558/1510 1677/1556/1510 1692/1580/1510 1693/1566/1510
f 1705/1574/1511 1704/1572/1511 1719/1581/1511 1720/1582/1511
f 1698/1575/1512 1697/1573/1512 1712/1583/1512 1713/1584/1512
f 1691/1577/1513 1398/1585/1513 1706/1586/1513
f 1405/1587/1514 1705/1574/1514 1720/1582/1514
f 1699/1579/1515 1698/1575/1515 1713/1584/1515 1714/1588/1515
f 1692/1580/1516 1691/1577/1516 1706/1586/1516 1707/1589/1516
f 1700/1564/1517 1699/1579/1517 1714/1588/1517 1715/1590/1517
f 1693/1566/1518 1692/1580/1518 1707/1589/1518 1708/1591/1518
f 1701/1565/1519 1700/1564/1519 1715/1590/1519 1716/1592/1519
f 1694/1567/1520 1693/1566/1520 1708/1591/1520 1709/1593/1520
f 1702/1568/1521 1701/1565/1521 1716/1592/1521 1717/1594/1521
f 1695/1569/1522 1694/1567/1522 1709/1593/1522 1710/1595/1522
f 1703/1570/1523 1702/1568/1523 1717/1594/1523 1718/1596/1523
f 1696/1571/1524 1695/1569/1524 1710/1595/1524 1711/1597/1524
f 1704/1572/1525 1703/1570/1525 1718/1596/1525 1719/1581/1525
f 1697/1573/1526 1696/1571/1526 1711/1597/1526 1712/1583/1526
f 1709/1593/1527 1708/1591/1527 1723/1598/1527 1724/1599/1527
f 1717/1594/1528 1716/1592/1528 1731/1600/1528 1732/1601/1528
f 1710/1595/1529 1709/1593/1529 1724/1599/1529 1725/1602/1529
f 1718/1596/1530 1717/1594/1530 1732/1601/1530 1733/1603/1530
f 1711/1597/1531 1710/1595/1531 1725/1602/1531 1726/1604/1531
f 1719/1581/1532 1718/1596/1532 1733/1603/1532 1734/1605/1532
f 1712/1583/1533 1711/1597/1533 1726/1604/1533 1727/1606/1533
f 1720/1582/1534 1719/1581/1534 1734/1605/1534 1735/1607/1534
f 1713/1584/1535 1712/1583/1535 1727/1606/1535 1728/1608/1535
f 1706/1586/1536 1398/1609/1536 1721/1610/1536
f 1405/1611/1537 1720/1582/1537 1735/1607/1537
f 1714/1588/1538 1713/1584/1538 1728/1608/1538 1729/1612/1538
f 1707/1589/1539 1706/1586/1539 1721/1610/1539 1722/1613/1539
f 1715/1590/1540 1714/1588/1540 1729/1612/1540 1730/1614/1540
f 1708/1591/1541 1707/1589/1541 1722/1613/1541 1723/1598/1541
f 1716/1592/1542 1715/1590/1542 1730/1614/1542 1731/1600/1542
f 1728/1608/1543 1727/1606/1543 1742/1615/1543 1743/1616/1543
f 1721/1610/1544 1398/1617/1544 1736/1618/1544
f 1405/1619/1545 1735/1607/1545 1750/1620/1545
f 1729/1612/1546 1728/1608/1546 1743/1616/1546 1744/1621/1546
f 1722/1613/1547 1721/1610/1547 1736/1618/1547 1737/1622/1547
f 1730/1614/1548 1729/1612/1548 1744/1621/1548 1745/1623/1548
f 1723/1598/1549 1722/1613/1549 1737/1622/1549 1738/1624/1549
f 1731/1600/1550 1730/1614/1550 1745/1623/1550 1746/1625/1550
f 1724/1599/1551 1723/1598/1551 1738/1624/1551 1739/1626/1551
f 1732/1601/1552 1731/1600/1552 1746/1625/1552 1747/1627/1552
f 1725/1602/1553 1724/1599/1553 1739/1626/1553 1740/1628/1553
f 1733/1603/1554 1732/1601/1554 1747/1627/1554 1748/1629/1554
f 1726/1604/1555 1725/1602/1555 1740/1628/1555 1741/1630/1555
f 1734/1605/1556 1733/1603/1556 1748/1629/1556 1749/1631/1556
f 1727/1606/1557 1726/1604/1557 1741/1630/1557 1742/1615/1557
f 1735/1607/1558 1734/1605/1558 1749/1631/1558 1750/1620/1558
f 1747/1627/1559 1746/1625/1559 1761/1632/1559 1762/1633/1559
f 1740/1628/1560 1739/1626/1560 1754/1634/1560 1755/1635/1560
f 1748/1629/1561 1747/1627/1561 1762/1633/1561 1763/1636/1561
f 1741/1630/1562 1740/1628/1562 1755/1635/1562 1756/1637/1562
f 1749/1631/1563 1748/1629/1563 1763/1636/1563 1764/1638/1563
f 1742/1615/1564 1741/1630/1564 1756/1637/1564 1757/1639/1564
f 1750/1620/1565 1749/1631/1565 1764/1638/1565 1765/1640/1565
f 1743/1616/1566 1742/1615/1566 1757/1639/1566 1758/1641/1566
f 1736/1618/1567 1398/1642/1567 1751/1643/1567
f 1405/1644/1568 1750/1620/1568 1765/1640/1568
f 1744/1621/1569 1743/1616/1569 1758/1641/1569 1759/1645/1569
f 1737/1622/1570 1736/1618/1570 1751/1643/1570 1752/1646/1570
f 1745/1623/1571 1744/1621/1571 1759/1645/1571 1760/1647/1571
f 1738/1624/1572 1737/1622/1572 1752/1646/1572 1753/1648/1572
f 1746/1625/1573 1745/1623/1573 1760/1647/1573 1761/1632/1573
f 1739/1626/1574 1738/1624/1574 1753/1648/1574 1754/1634/1574
f 1405/1649/1575 1765/1650/1575 1780/1651/1575
f 1759/1652/1576 1758/1653/1576 1773/1654/1576 1774/1655/1576
f 1752/1656/1577 1751/1657/1577 1766/1658/1577 1767/1659/1577
f 1760/1660/1578 1759/1652/1578 1774/1655/1578 1775/1661/1578
f 1753/1662/1579 1752/1656/1579 1767/1659/1579 1768/1663/1579
f 1761/1664/1580 1760/1660/1580 1775/1661/1580 1776/1665/1580
f 1754/1666/1581 1753/1662/1581 1768/1663/1581 1769/1667/1581
f 1762/1668/1582 1761/1664/1582 1776/1665/1582 1777/1669/1582
f 1755/1670/1583 1754/1666/1583 1769/1667/1583 1770/1671/1583
f 1763/1672/1584 1762/1668/1584 1777/1669/1584 1778/1673/1584
f 1756/1674/1585 1755/1670/1585 1770/1671/1585 1771/1675/1585
f 1764/1676/1586 1763/1672/1586 1778/1673/1586 1779/1677/1586
f 1757/1678/1587 1756/1674/1587 1771/1675/1587 1772/1679/1587
f 1765/1650/1588 1764/1676/1588 1779/1677/1588 1780/1651/1588
f 1758/1653/1589 1757/1678/1589 1772/1679/1589 1773/1654/1589
f 1751/1657/1590 1398/1680/1590 1766/1658/1590
f 1778/1673/1591 1777/1669/1591 1792/1681/1591 1793/1682/1591
f 1771/1675/1592 1770/1671/1592 1785/1683/1592 1786/1684/1592
f 1779/1677/1593 1778/1673/1593 1793/1682/1593 1794/1685/1593
f 1772/1679/1594 1771/1675/1594 1786/1684/1594 1787/1686/1594
f 1780/1651/1595 1779/1677/1595 1794/1685/1595 1795/1687/1595
f 1773/1654/1596 1772/1679/1596 1787/1686/1596 1788/1688/1596
f 1766/1658/1597 1398/1689/1597 1781/1690/1597
f 1405/1691/1598 1780/1651/1598 1795/1687/1598
f 1774/1655/1599 1773/1654/1599 1788/1688/1599 1789/1692/1599
f 1767/1659/1600 1766/1658/1600 1781/1690/1600 1782/1693/1600
f 1775/1661/1601 1774/1655/1601 1789/1692/1601 1790/1694/1601
f 1768/1663/1602 1767/1659/1602 1782/1693/1602 1783/1695/1602
f 1776/1665/1603 1775/1661/1603 1790/1694/1603 1791/1696/1603
f 1769/1667/1604 1768/1663/1604 1783/1695/1604 1784/1697/1604
f 1777/1669/1605 1776/1665/1605 1791/1696/1605 1792/1681/1605
f 1770/1671/1606 1769/1667/1606 1784/1697/1606 1785/1683/1606
f 1782/1693/1607 1781/1690/1607 1796/1698/1607 1797/1699/1607
f 1790/1694/1608 1789/1692/1608 1804/1700/1608 1805/1701/1608
f 1783/1695/1609 1782/1693/1609 1797/1699/1609 1798/1702/1609
f 1791/1696/1610 1790/1694/1610 1805/1701/1610 1806/1703/1610
f 1784/1697/1611 1783/1695/1611 1798/1702/1611 1799/1704/1611
f 1792/1681/1612 1791/1696/1612 1806/1703/1612 1807/1705/1612
f 1785/1683/1613 1784/1697/1613 1799/1704/1613 1800/1706/1613
f 1793/1682/1614 1792/1681/1614 1807/1705/1614 1808/1707/1614
f 1786/1684/1615 1785/1683/1615 1800/1706/1615 1801/1708/1615
f 1794/1685/1616 1793/1682/1616 1808/1707/1616 1809/1709/1616
f 1787/1686/1617 1786/1684/1617 1801/1708/1617 1802/1710/1617
f 1795/1687/1618 1794/1685/1618 1809/1709/1618 1810/1711/1618
f 1788/1688/1619 1787/1686/1619 1802/1710/1619 1803/1712/1619
f 1781/1690/1620 1398/1713/1620 1796/1698/1620
f 1405/1714/1621 1795/1687/1621 1810/1711/1621
f 1789/1692/1622 1788/1688/1622 1803/1712/1622 1804/1700/1622
f 1801/1708/1623 1800/1706/1623 1815/1715/1623 1816/1716/1623
f 1809/1709/1624 1808/1707/1624 1823/1717/1624 1824/1718/1624
f 1802/1710/1625 1801/1708/1625 1816/1716/1625 1817/1719/1625
f 1810/1711/1626 1809/1709/1626 1824/1718/1626 1825/1720/1626
f 1803/1712/1627 1802/1710/1627 1817/1719/1627 1818/1721/1627
f 1796/1698/1628 1398/1722/1628 1811/1723/1628
f 1405/1724/1629 1810/1711/1629 1825/1720/1629
f 1804/1700/1630 1803/1712/1630 1818/1721/1630 1819/1725/1630
f 1797/1699/1631 1796/1698/1631 1811/1723/1631 1812/1726/1631
f 1805/1701/1632 1804/1700/1632 1819/1725/1632 1820/1727/1632
f 1798/1702/1633 1797/1699/1633 1812/1726/1633 1813/1728/1633
f 1806/1703/1634 1805/1701/1634 1820/1727/1634 1821/1729/1634
f 1799/1704/1635 1798/1702/1635 1813/1728/1635 1814/1730/1635
f 1807/1705/1636 1806/1703/1636 1821/1729/1636 1822/1731/1636
f 1800/1706/1637 1799/1704/1637 1814/1730/1637 1815/1715/1637
f 1808/1707/1638 1807/1705/1638 1822/1731/1638 1823/1717/1638
f 1820/1727/1639 1819/1725/1639 1834/1732/1639 1835/1733/1639
f 1813/1728/1640 1812/1726/1640 1827/1734/1640 1828/1735/1640
f 1821/1729/1641 1820/1727/1641 1835/1733/1641 1836/1736/1641
f 1814/1730/1642 1813/1728/1642 1828/1735/1642 1829/1737/1642
f 1822/1731/1643 1821/1729/1643 1836/1736/1643 1837/1738/1643
f 1815/1715/1644 1814/1730/1644 1829/1737/1644 1830/1739/1644
f 1823/1717/1645 1822/1731/1645 1837/1738/1645 1838/1740/1645
f 1816/1716/1646 1815/1715/1646 1830/1739/1646 1831/1741/1646
f 1824/1718/1647 1823/1717/1647 1838/1740/1647 1839/1742/1647
f 1817/1719/1648 1816/1716/1648 1831/1741/1648 1832/1743/1648
f 1825/1720/1649 1824/1718/1649 1839/1742/1649 1840/1744/1649
f 1818/1721/1650 1817/1719/1650 1832/1743/1650 1833/1745/1650
f 1811/1723/1651 1398/1746/1651 1826/1747/1651
f 1405/1748/1652 1825/1720/1652 1840/1744/1652
f 1819/1725/1653 1818/1721/1653 1833/1745/1653 1834/1732/1653
f 1812/1726/1654 1811/1723/1654 1826/1747/1654 1827/1734/1654
f 1839/1742/1655 1838/1740/1655 1853/1749/1655 1854/1750/1655
f 1832/1743/1656 1831/1741/1656 1846/1751/1656 1847/1752/1656
f 1840/1744/1657 1839/1742/1657 1854/1750/1657 1855/1753/1657
f 1833/1745/1658 1832/1743/1658 1847/1752/1658 1848/1754/1658
f 1826/1747/1659 1398/1755/1659 1841/1756/1659
f 1405/1757/1660 1840/1744/1660 1855/1753/1660
f 1834/1732/1661 1833/1745/1661 1848/1754/1661 1849/1758/1661
f 1827/1734/1662 1826/1747/1662 1841/1756/1662 1842/1759/1662
f 1835/1733/1663 1834/1732/1663 1849/1758/1663 1850/1760/1663
f 1828/1735/1664 1827/1734/1664 1842/1759/1664 1843/1761/1664
f 1836/1736/1665 1835/1733/1665 1850/1760/1665 1851/1762/1665
f 1829/1737/1666 1828/1735/1666 1843/1761/1666 1844/1763/1666
f 1837/1738/1667 1836/1736/1667 1851/1762/1667 1852/1764/1667
f 1830/1739/1668 1829/1737/1668 1844/1763/1668 1845/1765/1668
f 1838/1740/1669 1837/1738/1669 1852/1764/1669 1853/1749/1669
f 1831/1741/1670 1830/1739/1670 1845/1765/1670 1846/1751/1670
f 1843/1761/1671 1842/1759/1671 1857/1766/1671 1858/1767/1671
f 1851/1762/1672 1850/1760/1672 1865/1768/1672 1866/1769/1672
f 1844/1763/1673 1843/1761/1673 1858/1767/1673 1859/1770/1673
f 1852/1764/1674 1851/1762/1674 1866/1769/1674 1867/1771/1674
f 1845/1765/1675 1844/1763/1675 1859/1770/1675 1860/1772/1675
f 1853/1749/1676 1852/1764/1676 1867/1771/1676 1868/1773/1676
f 1846/1751/1677 1845/1765/1677 1860/1772/1677 1861/1774/1677
f 1854/1750/1678 1853/1749/1678 1868/1773/1678 1869/1775/1678
f 1847/1752/1679 1846/1751/1679 1861/1774/1679 1862/1776/1679
f 1855/1753/1680 1854/1750/1680 1869/1775/1680 1870/1777/1680
f 1848/1754/1681 1847/1752/1681 1862/1776/1681 1863/1778/1681
f 1841/1756/1682 1398/1779/1682 1856/1780/1682
f 1405/1781/1683 1855/1753/1683 1870/1777/1683
f 1849/1758/1684 1848/1754/1684 1863/1778/1684 1864/1782/1684
f 1842/1759/1685 1841/1756/1685 1856/1780/1685 1857/1766/1685
f 1850/1760/1686 1849/1758/1686 1864/1782/1686 1865/1768/1686
f 1862/1776/1687 1861/1774/1687 1874/1231/1687 1401/1230/1687
f 1870/1777/1688 1869/1775/1688 1878/1226/1688 1879/1234/1688
f 1863/1778/1689 1862/1776/1689 1401/1230/1689 1402/1236/1689
f 1856/1780/1690 1398/1783/1690 1871/1238/1690
f 1405/1784/1691 1870/1777/1691 1879/1234/1691
f 1864/1782/1692 1863/1778/1692 1402/1236/1692 1403/1242/1692
f 1857/1766/1693 1856/1780/1693 1871/1238/1693 1872/1244/1693
f 1865/1768/1694 1864/1782/1694 1403/1242/1694 1875/1246/1694
f 1858/1767/1695 1857/1766/1695 1872/1244/1695 1399/1248/1695
f 1866/1769/1696 1865/1768/1696 1875/1246/1696 1404/1250/1696
f 1859/1770/1697 1858/1767/1697 1399/1248/1697 1873/1252/1697
f 1867/1771/1698 1866/1769/1698 1404/1250/1698 1876/1254/1698
f 1860/1772/1699 1859/1770/1699 1873/1252/1699 1400/1256/1699
f 1868/1773/1700 1867/1771/1700 1876/1254/1700 1877/1227/1700
f 1861/1774/1701 1860/1772/1701 1400/1256/1701 1874/1231/1701
f 1869/1775/1702 1868/1773/1702 1877/1227/1702 1878/1226/1702
o Circle.002
v 0.308536 0.108828 -0.434677
v 0.309411 0.120827 -0.433882
v 0.312002 0.132366 -0.431529
v 0.316210 0.143000 -0.427707
v 0.321873 0.152321 -0.422565
v 0.328772 0.159970 -0.416298
v 0.336644 0.165654 -0.409149
v 0.345186 0.169154 -0.401391
v 0.354069 0.170336 -0.393324
v 0.362952 0.169154 -0.385256
v 0.371494 0.165654 -0.377498
v 0.379366 0.159970 -0.370349
v 0.386265 0.152321 -0.364083
v 0.391928 0.143000 -0.358940
v 0.396136 0.132366 -0.355118
v 0.398727 0.120827 -0.352765
v 0.399602 0.108828 -0.351970
v 0.398727 0.096828 -0.352765
v 0.396136 0.085289 -0.355118
v 0.391928 0.074655 -0.358940
v 0.386265 0.065334 -0.364083
v 0.379366 0.057685 -0.370349
v 0.371494 0.052001 -0.377498
v 0.362952 0.048501 -0.385256
v 0.354069 0.047319 -0.393324
v 0.345186 0.048501 -0.401391
v 0.336644 0.052001 -0.409149
v 0.328772 0.057685 -0.416298
v 0.321873 0.065334 -0.422565
v 0.316210 0.074655 -0.427707
v 0.312002 0.085289 -0.431529
v 0.309411 0.096828 -0.433882
v 0.293992 0.112103 -0.360862
v 0.292890 0.115981 -0.359001
v 0.292474 0.119709 -0.356627
v 0.292761 0.123146 -0.353830
v 0.293740 0.126158 -0.350718
v 0.295373 0.128629 -0.347411
v 0.297597 0.130466 -0.344035
v 0.300327 0.131597 -0.340721
v 0.303457 0.131979 -0.337596
v 0.306868 0.131597 -0.334780
v 0.310429 0.130466 -0.332381
v 0.314002 0.128629 -0.330491
v 0.317451 0.126158 -0.329184
v 0.320642 0.123146 -0.328508
v 0.323454 0.119709 -0.328491
v 0.325777 0.115981 -0.329132
v 0.327524 0.112103 -0.330408
v 0.328626 0.108226 -0.332269
v 0.329042 0.104497 -0.334643
v 0.328754 0.101061 -0.337440
v 0.327776 0.098049 -0.340552
v 0.326143 0.095577 -0.343859
v 0.323919 0.093740 -0.347234
v 0.321189 0.092609 -0.350548
v 0.318059 0.092228 -0.353673
v 0.314647 0.092609 -0.356490
v 0.311087 0.093740 -0.358889
v 0.307513 0.095577 -0.360778
v 0.304065 0.098049 -0.362086
v 0.300873 0.101061 -0.362762
v 0.298062 0.104497 -0.362779
v 0.295738 0.108226 -0.362138
v 0.271958 0.008747 -0.321229
v 0.273166 0.007423 -0.322917
v 0.271155 0.010019 -0.319282
v 0.270786 0.011192 -0.317150
v 0.270865 0.012220 -0.314915
v 0.271390 0.013063 -0.312663
v 0.272341 0.013690 -0.310481
v 0.273680 0.014076 -0.308453
v 0.275357 0.014206 -0.306656
v 0.277306 0.014076 -0.305159
v 0.279454 0.013690 -0.304021
v 0.281717 0.013063 -0.303284
v 0.284009 0.012220 -0.302978
v 0.286241 0.011192 -0.303113
v 0.288328 0.010019 -0.303685
v 0.290189 0.008747 -0.304672
v 0.291753 0.007423 -0.306036
v 0.292960 0.006100 -0.307724
v 0.293764 0.004828 -0.309671
v 0.294133 0.003655 -0.311803
v 0.294054 0.002627 -0.314038
v 0.293529 0.001784 -0.316290
v 0.292578 0.001157 -0.318472
v 0.291239 0.000771 -0.320500
v 0.289562 0.000641 -0.322297
v 0.287613 0.000771 -0.323794
v 0.285465 0.001157 -0.324932
v 0.283202 0.001784 -0.325669
v 0.280910 0.002627 -0.325975
v 0.278678 0.003655 -0.325840
v 0.276591 0.004828 -0.325267
v 0.274730 0.006100 -0.324281
vn -0.0293 0.5668 -0.8233
vn 0.5028 -0.8502 -0.1563
vn 0.0739 0.6517 -0.7549
vn 0.3710 -0.8872 -0.2743
vn 0.1790 0.7111 -0.6799
vn 0.2374 -0.8872 -0.3956
vn 0.2823 0.7482 -0.6004
vn 0.1073 -0.8502 -0.5155
vn 0.3821 0.7659 -0.5172
vn -0.0139 -0.7772 -0.6291
vn 0.4781 0.7659 -0.4300
vn -0.1203 -0.6707 -0.7319
vn 0.5705 0.7482 -0.3387
vn -0.2064 -0.5348 -0.8194
vn 0.6596 0.7111 -0.2434
vn -0.2670 -0.3754 -0.8876
vn 0.9787 -0.0202 0.2043
vn 0.7443 0.6517 -0.1460
vn -0.2980 -0.2006 -0.9333
vn 0.9576 -0.2006 0.2070
vn 0.8223 0.5668 -0.0499
vn -0.2973 -0.0202 -0.9546
vn 0.9091 -0.3754 0.1806
vn 0.8898 0.4547 0.0397
vn -0.2654 0.1553 -0.9515
vn 0.8354 -0.5348 0.1268
vn 0.9416 0.3161 0.1162
vn -0.2060 0.3161 -0.9261
vn 0.7401 -0.6707 0.0495
vn 0.9726 0.1553 0.1729
vn -0.1249 0.4547 -0.8818
vn 0.6275 -0.7772 -0.0466
vn -0.4284 -0.0650 -0.9013
vn 0.9382 -0.0650 0.3399
vn 0.1454 0.3203 0.9361
vn -0.6040 0.0198 -0.7967
vn 0.9787 -0.1415 0.1486
vn 0.3489 0.2625 0.8997
vn -0.7541 0.1072 -0.6479
vn 0.9778 -0.2062 -0.0377
vn 0.5450 0.1902 0.8165
vn -0.8651 0.1902 -0.4641
vn 0.9426 -0.2577 -0.2122
vn 0.7173 0.1072 0.6885
vn -0.9290 0.2625 -0.2609
vn 0.8800 -0.2957 -0.3716
vn -0.9457 0.3203 -0.0549
vn 0.7952 -0.3207 -0.5146
vn -0.9210 0.3632 0.1409
vn 0.6916 -0.3331 -0.6408
vn -0.8628 0.3924 0.3188
vn 0.5715 -0.3331 -0.7500
vn -0.7779 0.4103 0.4760
vn 0.4359 -0.3207 -0.8409
vn -0.6711 0.4187 0.6118
vn 0.2854 -0.2957 -0.9116
vn -0.5446 0.4187 0.7267
vn 0.1208 -0.2577 -0.9587
vn -0.3991 0.4103 0.8200
vn -0.0563 -0.2062 -0.9769
vn -0.2346 0.3924 0.8894
vn -0.2419 -0.1415 -0.9599
vn 0.8510 0.0198 0.5248
vn -0.0519 0.3632 0.9303
vt 0.000000 0.000000
s 0
usemtl Material.012
f 1899/1785/1703 1900/1785/1703 1932/1785/1703 1931/1785/1703
f 1886/1785/1704 1887/1785/1704 1919/1785/1704 1918/1785/1704
f 1900/1785/1705 1901/1785/1705 1933/1785/1705 1932/1785/1705
f 1887/1785/1706 1888/1785/1706 1920/1785/1706 1919/1785/1706
f 1901/1785/1707 1902/1785/1707 1934/1785/1707 1933/1785/1707
f 1888/1785/1708 1889/1785/1708 1921/1785/1708 1920/1785/1708
f 1902/1785/1709 1903/1785/1709 1935/1785/1709 1934/1785/1709
f 1889/1785/1710 1890/1785/1710 1922/1785/1710 1921/1785/1710
f 1903/1785/1711 1904/1785/1711 1936/1785/1711 1935/1785/1711
f 1890/1785/1712 1891/1785/1712 1923/1785/1712 1922/1785/1712
f 1904/1785/1713 1905/1785/1713 1937/1785/1713 1936/1785/1713
f 1891/1785/1714 1892/1785/1714 1924/1785/1714 1923/1785/1714
f 1905/1785/1715 1906/1785/1715 1938/1785/1715 1937/1785/1715
f 1892/1785/1716 1893/1785/1716 1925/1785/1716 1924/1785/1716
f 1906/1785/1717 1907/1785/1717 1939/1785/1717 1938/1785/1717
f 1893/1785/1718 1894/1785/1718 1926/1785/1718 1925/1785/1718
f 1880/1785/1719 1881/1785/1719 1913/1785/1719 1912/1785/1719
f 1907/1785/1720 1908/1785/1720 1940/1785/1720 1939/1785/1720
f 1894/1785/1721 1895/1785/1721 1927/1785/1721 1926/1785/1721
f 1881/1785/1722 1882/1785/1722 1914/1785/1722 1913/1785/1722
f 1908/1785/1723 1909/1785/1723 1941/1785/1723 1940/1785/1723
f 1895/1785/1724 1896/1785/1724 1928/1785/1724 1927/1785/1724
f 1882/1785/1725 1883/1785/1725 1915/1785/1725 1914/1785/1725
f 1909/1785/1726 1910/1785/1726 1942/1785/1726 1941/1785/1726
f 1896/1785/1727 1897/1785/1727 1929/1785/1727 1928/1785/1727
f 1883/1785/1728 1884/1785/1728 1916/1785/1728 1915/1785/1728
f 1910/1785/1729 1911/1785/1729 1943/1785/1729 1942/1785/1729
f 1897/1785/1730 1898/1785/1730 1930/1785/1730 1929/1785/1730
f 1884/1785/1731 1885/1785/1731 1917/1785/1731 1916/1785/1731
f 1911/1785/1732 1880/1785/1732 1912/1785/1732 1943/1785/1732
f 1898/1785/1733 1899/1785/1733 1931/1785/1733 1930/1785/1733
f 1885/1785/1734 1886/1785/1734 1918/1785/1734 1917/1785/1734
f 1926/1785/1735 1927/1785/1735 1959/1785/1735 1958/1785/1735
f 1913/1785/1736 1914/1785/1736 1946/1785/1736 1944/1785/1736
f 1940/1785/1737 1941/1785/1737 1973/1785/1737 1972/1785/1737
f 1927/1785/1738 1928/1785/1738 1960/1785/1738 1959/1785/1738
f 1914/1785/1739 1915/1785/1739 1947/1785/1739 1946/1785/1739
f 1941/1785/1740 1942/1785/1740 1974/1785/1740 1973/1785/1740
f 1928/1785/1741 1929/1785/1741 1961/1785/1741 1960/1785/1741
f 1915/1785/1742 1916/1785/1742 1948/1785/1742 1947/1785/1742
f 1942/1785/1743 1943/1785/1743 1975/1785/1743 1974/1785/1743
f 1929/1785/1744 1930/1785/1744 1962/1785/1744 1961/1785/1744
f 1916/1785/1745 1917/1785/1745 1949/1785/1745 1948/1785/1745
f 1943/1785/1746 1912/1785/1746 1945/1785/1746 1975/1785/1746
f 1930/1785/1747 1931/1785/1747 1963/1785/1747 1962/1785/1747
f 1917/1785/1748 1918/1785/1748 1950/1785/1748 1949/1785/1748
f 1931/1785/1749 1932/1785/1749 1964/1785/1749 1963/1785/1749
f 1918/1785/1750 1919/1785/1750 1951/1785/1750 1950/1785/1750
f 1932/1785/1751 1933/1785/1751 1965/1785/1751 1964/1785/1751
f 1919/1785/1752 1920/1785/1752 1952/1785/1752 1951/1785/1752
f 1933/1785/1753 1934/1785/1753 1966/1785/1753 1965/1785/1753
f 1920/1785/1754 1921/1785/1754 1953/1785/1754 1952/1785/1754
f 1934/1785/1755 1935/1785/1755 1967/1785/1755 1966/1785/1755
f 1921/1785/1756 1922/1785/1756 1954/1785/1756 1953/1785/1756
f 1935/1785/1757 1936/1785/1757 1968/1785/1757 1967/1785/1757
f 1922/1785/1758 1923/1785/1758 1955/1785/1758 1954/1785/1758
f 1936/1785/1759 1937/1785/1759 1969/1785/1759 1968/1785/1759
f 1923/1785/1760 1924/1785/1760 1956/1785/1760 1955/1785/1760
f 1937/1785/1761 1938/1785/1761 1970/1785/1761 1969/1785/1761
f 1924/1785/1762 1925/1785/1762 1957/1785/1762 1956/1785/1762
f 1938/1785/1763 1939/1785/1763 1971/1785/1763 1970/1785/1763
f 1925/1785/1764 1926/1785/1764 1958/1785/1764 1957/1785/1764
f 1912/1785/1765 1913/1785/1765 1944/1785/1765 1945/1785/1765
f 1939/1785/1766 1940/1785/1766 1972/1785/1766 1971/1785/1766
o Sphere.003
v -0.150461 0.093504 -0.410864
v -0.192486 0.164866 -0.342562
v -0.248687 0.197802 -0.311553
v -0.317920 0.212878 -0.297969
v -0.354164 0.212882 -0.298472
v -0.389643 0.207798 -0.303876
v -0.452938 0.183336 -0.328377
v -0.518103 0.067465 -0.441146
v -0.157726 0.123475 -0.391815
v -0.171776 0.151793 -0.374080
v -0.192072 0.177371 -0.358341
v -0.217832 0.199226 -0.345202
v -0.248068 0.216517 -0.335168
v -0.281616 0.228581 -0.328625
v -0.317189 0.234954 -0.325825
v -0.353418 0.235390 -0.326874
v -0.388912 0.229874 -0.331733
v -0.422307 0.218617 -0.340214
v -0.452319 0.202051 -0.351992
v -0.477794 0.180813 -0.366615
v -0.497755 0.155720 -0.383520
v -0.511433 0.127736 -0.402058
v -0.518304 0.097936 -0.421516
v -0.157437 0.126705 -0.398099
v -0.171210 0.158129 -0.386407
v -0.191249 0.186569 -0.376237
v -0.216785 0.210932 -0.367979
v -0.246837 0.230283 -0.361951
v -0.280249 0.243877 -0.358385
v -0.315737 0.251191 -0.357417
v -0.351938 0.251946 -0.359085
v -0.387460 0.246111 -0.363325
v -0.420939 0.233912 -0.369974
v -0.451088 0.215816 -0.378775
v -0.476747 0.192520 -0.389392
v -0.496932 0.164918 -0.401416
v -0.510867 0.134072 -0.414385
v -0.518015 0.101166 -0.427800
v -0.157016 0.128649 -0.404885
v -0.170384 0.161943 -0.399718
v -0.190050 0.192106 -0.395561
v -0.215259 0.217980 -0.392575
v -0.245041 0.238570 -0.390872
v -0.278254 0.253085 -0.390520
v -0.313619 0.260966 -0.391532
v -0.349779 0.261913 -0.393868
v -0.385343 0.255886 -0.397440
v -0.418944 0.243120 -0.402109
v -0.449292 0.224103 -0.407696
v -0.475221 0.199567 -0.413987
v -0.495733 0.170455 -0.420740
v -0.510040 0.137886 -0.427695
v -0.517594 0.103110 -0.434586
v -0.156479 0.129233 -0.411912
v -0.169329 0.163089 -0.413502
v -0.188519 0.193770 -0.415572
v -0.213311 0.220097 -0.418043
v -0.242751 0.241059 -0.420820
v -0.275709 0.255851 -0.423797
v -0.310917 0.263903 -0.426858
v -0.347024 0.264907 -0.429887
v -0.382641 0.258823 -0.432766
v -0.416399 0.245886 -0.435385
v -0.447002 0.226593 -0.437644
v -0.473273 0.201685 -0.439456
v -0.494202 0.172119 -0.440751
v -0.508986 0.139032 -0.441479
v -0.517056 0.103694 -0.441612
v -0.155846 0.128435 -0.418910
v -0.168088 0.161522 -0.427228
v -0.186717 0.191496 -0.435500
v -0.211017 0.217203 -0.443406
v -0.240053 0.237656 -0.450644
v -0.272711 0.252070 -0.456935
v -0.307735 0.259889 -0.462038
v -0.343780 0.260814 -0.465756
v -0.379459 0.254809 -0.467946
v -0.413402 0.242105 -0.468524
v -0.444304 0.223190 -0.467468
v -0.470979 0.198791 -0.464819
v -0.492400 0.169845 -0.460679
v -0.507745 0.137465 -0.455205
v -0.516423 0.102896 -0.448610
v -0.155141 0.126284 -0.425609
v -0.166707 0.157304 -0.440370
v -0.184712 0.185372 -0.454579
v -0.208464 0.209409 -0.467689
v -0.237052 0.228491 -0.479198
v -0.269377 0.241886 -0.488663
v -0.304195 0.249078 -0.495719
v -0.340170 0.249791 -0.500097
v -0.375919 0.243998 -0.501627
v -0.410067 0.231921 -0.500251
v -0.441303 0.214025 -0.496022
v -0.468426 0.190996 -0.489102
v -0.490395 0.163721 -0.479758
v -0.506364 0.133247 -0.468347
v -0.515719 0.100745 -0.455310
v -0.154393 0.122864 -0.431753
v -0.165239 0.150596 -0.452422
v -0.182581 0.175633 -0.472076
v -0.205752 0.197014 -0.489959
v -0.233863 0.213916 -0.505385
v -0.265833 0.225691 -0.517759
v -0.300433 0.231886 -0.526608
v -0.336334 0.232262 -0.531591
v -0.372157 0.226806 -0.532516
v -0.406523 0.215726 -0.529348
v -0.438114 0.199450 -0.522209
v -0.465714 0.178601 -0.511372
v -0.488264 0.153982 -0.497255
v -0.504896 0.126539 -0.480400
v -0.514971 0.097326 -0.461454
v -0.153629 0.118307 -0.437106
v -0.163741 0.141656 -0.462922
v -0.180406 0.162654 -0.487319
v -0.202984 0.180494 -0.509360
v -0.230608 0.194491 -0.528197
v -0.262216 0.204107 -0.543107
v -0.296594 0.208973 -0.553518
v -0.332420 0.208900 -0.559027
v -0.368317 0.203893 -0.559425
v -0.402907 0.194143 -0.554696
v -0.434859 0.180025 -0.545021
v -0.462946 0.162082 -0.530773
v -0.486089 0.141003 -0.512498
v -0.503398 0.117599 -0.490899
v -0.514207 0.092768 -0.466807
v -0.152880 0.112786 -0.441461
v -0.162270 0.130827 -0.471465
v -0.178271 0.146933 -0.499722
v -0.200267 0.160485 -0.525145
v -0.227413 0.170963 -0.546759
v -0.258666 0.177964 -0.563733
v -0.292825 0.181219 -0.575413
v -0.328577 0.180603 -0.581352
v -0.364548 0.176139 -0.581321
v -0.399356 0.168000 -0.575321
v -0.431664 0.156497 -0.563583
v -0.460229 0.142073 -0.546558
v -0.483954 0.125282 -0.524900
v -0.501927 0.106770 -0.499442
v -0.513458 0.087248 -0.471162
v -0.152173 0.106515 -0.444652
v -0.160883 0.118526 -0.477724
v -0.176257 0.129075 -0.508808
v -0.197704 0.137756 -0.536710
v -0.224400 0.144236 -0.560358
v -0.255318 0.148267 -0.578842
v -0.289271 0.149693 -0.591453
v -0.324953 0.148459 -0.597706
v -0.360994 0.144613 -0.597361
v -0.396008 0.138302 -0.590431
v -0.428651 0.129770 -0.577182
v -0.457666 0.119344 -0.558123
v -0.481941 0.107424 -0.533987
v -0.500540 0.094469 -0.505701
v -0.512751 0.080977 -0.474352
v -0.151536 0.099735 -0.446555
v -0.159634 0.105225 -0.481457
v -0.174443 0.109765 -0.514228
v -0.195395 0.113179 -0.543608
v -0.221685 0.115337 -0.568469
v -0.252301 0.116156 -0.587856
v -0.286068 0.115604 -0.601022
v -0.321688 0.113702 -0.607463
v -0.357791 0.110524 -0.606930
v -0.392992 0.106191 -0.599444
v -0.425936 0.100871 -0.585293
v -0.455357 0.094767 -0.565021
v -0.480126 0.088114 -0.539407
v -0.499291 0.081168 -0.509434
v -0.512114 0.074196 -0.476256
v -0.150993 0.092705 -0.447098
v -0.158569 0.091436 -0.482522
v -0.172898 0.089746 -0.515774
v -0.193429 0.087700 -0.545576
v -0.219372 0.085377 -0.570783
v -0.249732 0.082866 -0.590427
v -0.283340 0.080263 -0.603751
v -0.318906 0.077669 -0.610245
v -0.355064 0.075183 -0.609659
v -0.390422 0.072901 -0.602015
v -0.423623 0.070911 -0.587607
v -0.453391 0.069288 -0.566989
v -0.478581 0.068095 -0.540953
v -0.498226 0.067379 -0.510499
v -0.511571 0.067166 -0.476799
v -0.150566 0.085696 -0.446260
v -0.157731 0.077688 -0.480878
v -0.171681 0.069787 -0.513387
v -0.191880 0.062297 -0.542538
v -0.217551 0.055507 -0.567210
v -0.247708 0.049676 -0.586456
v -0.281192 0.045029 -0.599537
v -0.316716 0.041744 -0.605948
v -0.352915 0.039949 -0.605444
v -0.388398 0.039711 -0.598045
v -0.421802 0.041040 -0.584034
v -0.451842 0.043885 -0.563950
v -0.477364 0.048136 -0.538565
v -0.497388 0.053631 -0.508855
v -0.511144 0.060158 -0.475960
v -0.150270 0.078978 -0.444072
v -0.157151 0.064510 -0.476587
v -0.170839 0.050656 -0.507157
v -0.190808 0.037947 -0.534609
v -0.216291 0.026874 -0.557887
v -0.246308 0.017861 -0.576097
v -0.279705 0.011254 -0.588539
v -0.315200 0.007308 -0.594736
v -0.351429 0.006174 -0.594447
v -0.386998 0.007896 -0.587686
v -0.420542 0.012408 -0.574711
v -0.450770 0.019535 -0.556022
v -0.476522 0.029005 -0.532336
v -0.496808 0.040453 -0.504564
v -0.510848 0.053439 -0.473773
v -0.150118 0.072809 -0.440620
v -0.156852 0.052408 -0.469814
v -0.170405 0.033086 -0.497325
v -0.190255 0.015586 -0.522096
v -0.215640 0.000580 -0.543173
v -0.245585 -0.011356 -0.559748
v -0.278938 -0.019762 -0.571183
v -0.314418 -0.024316 -0.577039
v -0.350662 -0.024842 -0.577091
v -0.386276 -0.021320 -0.571336
v -0.419891 -0.013887 -0.559997
v -0.450217 -0.002826 -0.543508
v -0.476088 0.011436 -0.522504
v -0.496509 0.028351 -0.497792
v -0.510695 0.047270 -0.470320
v -0.150114 0.067425 -0.436035
v -0.156845 0.041847 -0.460821
v -0.170394 0.017754 -0.484269
v -0.190242 -0.003928 -0.505478
v -0.215625 -0.022366 -0.523633
v -0.245568 -0.036852 -0.538036
v -0.278920 -0.046828 -0.548133
v -0.314399 -0.051912 -0.553538
v -0.350643 -0.051908 -0.554041
v -0.386258 -0.046816 -0.549624
v -0.419876 -0.036832 -0.540457
v -0.450204 -0.022340 -0.526891
v -0.476077 -0.003896 -0.509448
v -0.496501 0.017790 -0.488798
v -0.510692 0.041886 -0.465736
v -0.150259 0.063034 -0.430494
v -0.157130 0.033234 -0.449952
v -0.170808 0.005249 -0.468490
v -0.190769 -0.019844 -0.485395
v -0.216244 -0.041081 -0.500017
v -0.246256 -0.057647 -0.511796
v -0.279651 -0.068904 -0.520277
v -0.315145 -0.074421 -0.525136
v -0.351374 -0.073984 -0.526185
v -0.386947 -0.067612 -0.523384
v -0.420495 -0.055548 -0.516841
v -0.450731 -0.038256 -0.506808
v -0.476491 -0.016401 -0.493669
v -0.496787 0.009177 -0.477929
v -0.510837 0.037495 -0.460195
v -0.150548 0.059804 -0.424210
v -0.157696 0.026898 -0.437625
v -0.171631 -0.003949 -0.450594
v -0.191816 -0.031550 -0.462618
v -0.217475 -0.054847 -0.473235
v -0.247624 -0.072942 -0.482036
v -0.281103 -0.085142 -0.488685
v -0.316625 -0.090976 -0.492924
v -0.352826 -0.090222 -0.494593
v -0.388315 -0.082907 -0.493625
v -0.421726 -0.069313 -0.490058
v -0.451778 -0.049963 -0.484031
v -0.477314 -0.025599 -0.475773
v -0.497353 0.002841 -0.465603
v -0.511126 0.034265 -0.453911
v -0.150969 0.057859 -0.417424
v -0.158523 0.023084 -0.424314
v -0.172830 -0.009486 -0.431269
v -0.193342 -0.038598 -0.438022
v -0.219271 -0.063133 -0.444313
v -0.249619 -0.082150 -0.449901
v -0.283221 -0.094917 -0.454570
v -0.318785 -0.100943 -0.458141
v -0.354944 -0.099997 -0.460478
v -0.390309 -0.092115 -0.461489
v -0.423522 -0.077600 -0.461137
v -0.453305 -0.057010 -0.459435
v -0.478513 -0.031136 -0.456448
v -0.498180 -0.000973 -0.452292
v -0.511547 0.032321 -0.447125
v -0.151507 0.057275 -0.410397
v -0.159577 0.021938 -0.410531
v -0.174361 -0.011149 -0.411259
v -0.195290 -0.040715 -0.412554
v -0.221561 -0.065623 -0.414365
v -0.252164 -0.084916 -0.416624
v -0.285922 -0.097854 -0.419244
v -0.321539 -0.103937 -0.422123
v -0.357646 -0.102933 -0.425152
v -0.392854 -0.094881 -0.428213
v -0.425812 -0.080090 -0.431189
v -0.455252 -0.059127 -0.433967
v -0.480044 -0.032800 -0.436438
v -0.499234 -0.002119 -0.438508
v -0.512085 0.031737 -0.440098
v -0.152140 0.058074 -0.403400
v -0.160818 0.023504 -0.396804
v -0.176163 -0.008875 -0.391331
v -0.197584 -0.037821 -0.387191
v -0.224259 -0.062220 -0.384541
v -0.255161 -0.081135 -0.383486
v -0.289104 -0.093839 -0.384064
v -0.324784 -0.099844 -0.386254
v -0.360828 -0.098919 -0.389972
v -0.395852 -0.091100 -0.395074
v -0.428510 -0.076687 -0.401365
v -0.457547 -0.056233 -0.408603
v -0.481846 -0.030526 -0.416510
v -0.500475 -0.000553 -0.424782
v -0.512717 0.032535 -0.433100
v -0.152844 0.060224 -0.396700
v -0.162200 0.027723 -0.383662
v -0.178168 -0.002751 -0.372252
v -0.200137 -0.030027 -0.362907
v -0.227260 -0.053055 -0.355988
v -0.258496 -0.070951 -0.351759
v -0.292644 -0.083028 -0.350383
v -0.328393 -0.088821 -0.351913
v -0.364368 -0.088108 -0.356290
v -0.399186 -0.080916 -0.363347
v -0.431511 -0.067521 -0.372812
v -0.460099 -0.048439 -0.384320
v -0.483852 -0.024402 -0.397431
v -0.501857 0.003666 -0.411640
v -0.513422 0.034685 -0.426401
v -0.153592 0.063644 -0.390556
v -0.163668 0.034431 -0.371610
v -0.180299 0.006987 -0.354755
v -0.202849 -0.017632 -0.340638
v -0.230449 -0.038480 -0.329801
v -0.262040 -0.054756 -0.322662
v -0.296406 -0.065836 -0.319494
v -0.332229 -0.071292 -0.320419
v -0.368130 -0.070916 -0.325402
v -0.402730 -0.064721 -0.334250
v -0.434700 -0.052946 -0.346625
v -0.462811 -0.036044 -0.362051
v -0.485983 -0.014663 -0.379934
v -0.503324 0.010374 -0.399588
v -0.514170 0.038105 -0.420256
v -0.154356 0.068202 -0.385203
v -0.165166 0.043371 -0.361111
v -0.182474 0.019967 -0.339512
v -0.205617 -0.001112 -0.321237
v -0.233704 -0.019055 -0.306989
v -0.265656 -0.033173 -0.297314
v -0.300246 -0.042923 -0.292584
v -0.336143 -0.047930 -0.292982
v -0.371969 -0.048003 -0.298492
v -0.406347 -0.043138 -0.308902
v -0.437955 -0.033522 -0.323813
v -0.465579 -0.019525 -0.342650
v -0.488157 -0.001684 -0.364691
v -0.504822 0.019314 -0.389088
v -0.514934 0.042663 -0.414904
v -0.155106 0.073722 -0.380848
v -0.166636 0.054200 -0.352568
v -0.184609 0.035687 -0.327109
v -0.208334 0.018897 -0.305452
v -0.236899 0.004473 -0.288427
v -0.269207 -0.007030 -0.276689
v -0.304015 -0.015170 -0.270689
v -0.339986 -0.019633 -0.270658
v -0.375738 -0.020250 -0.276597
v -0.409897 -0.016995 -0.288277
v -0.441150 -0.009994 -0.305251
v -0.468296 0.000484 -0.326864
v -0.490292 0.014037 -0.352288
v -0.506293 0.030143 -0.380545
v -0.515683 0.048183 -0.410548
v -0.155813 0.079993 -0.377657
v -0.168023 0.066501 -0.346309
v -0.186623 0.053546 -0.318023
v -0.210897 0.041626 -0.293887
v -0.239912 0.031200 -0.274828
v -0.272555 0.022667 -0.261579
v -0.307569 0.016357 -0.254649
v -0.343610 0.012511 -0.254303
v -0.379293 0.011277 -0.260556
v -0.413245 0.012703 -0.273168
v -0.444163 0.016733 -0.291652
v -0.470859 0.023214 -0.315300
v -0.492306 0.031895 -0.343202
v -0.507680 0.042444 -0.374286
v -0.516390 0.054454 -0.407358
v -0.156450 0.086774 -0.375754
v -0.169273 0.079802 -0.342575
v -0.188437 0.072856 -0.312603
v -0.213206 0.066203 -0.286988
v -0.242627 0.060099 -0.266716
v -0.275571 0.054778 -0.252566
v -0.310772 0.050446 -0.245080
v -0.346875 0.047267 -0.244547
v -0.382495 0.045366 -0.250988
v -0.416262 0.044814 -0.264154
v -0.446878 0.045632 -0.283540
v -0.473168 0.047790 -0.308401
v -0.494120 0.051205 -0.337782
v -0.508929 0.055745 -0.370553
v -0.517027 0.061235 -0.405455
v -0.156992 0.093803 -0.375211
v -0.170337 0.093591 -0.341510
v -0.189982 0.092874 -0.311057
v -0.215172 0.091682 -0.285021
v -0.244940 0.090059 -0.264403
v -0.278141 0.088068 -0.249995
v -0.313500 0.085786 -0.242351
v -0.349657 0.083300 -0.241765
v -0.385223 0.080706 -0.248258
v -0.418832 0.078104 -0.261583
v -0.449191 0.075593 -0.281227
v -0.475134 0.073270 -0.306434
v -0.495665 0.071224 -0.336236
v -0.509994 0.069534 -0.369488
v -0.517570 0.068265 -0.404912
v -0.157420 0.100812 -0.376050
v -0.171175 0.107339 -0.343155
v -0.191199 0.112833 -0.313444
v -0.216721 0.117085 -0.288059
v -0.246761 0.119930 -0.267976
v -0.280165 0.121259 -0.253965
v -0.315648 0.121021 -0.246565
v -0.351847 0.119225 -0.246062
v -0.387371 0.115941 -0.252473
v -0.420855 0.111294 -0.265553
v -0.451012 0.105463 -0.284800
v -0.476683 0.098672 -0.309472
v -0.496882 0.091183 -0.338623
v -0.510832 0.083282 -0.371132
v -0.517997 0.075273 -0.405750
v -0.157715 0.107530 -0.378237
v -0.171755 0.120517 -0.347446
v -0.192041 0.131965 -0.319674
v -0.217793 0.141435 -0.295988
v -0.248021 0.148562 -0.277299
v -0.281565 0.153073 -0.264324
v -0.317134 0.154795 -0.257563
v -0.353363 0.153661 -0.257274
v -0.388858 0.149715 -0.263470
v -0.422255 0.143109 -0.275912
v -0.452272 0.134096 -0.294123
v -0.477755 0.123022 -0.317401
v -0.497724 0.110314 -0.344853
v -0.511412 0.096460 -0.375423
v -0.518293 0.081991 -0.407937
v -0.157868 0.113700 -0.381689
v -0.172054 0.132619 -0.354218
v -0.192475 0.149534 -0.329506
v -0.218346 0.163796 -0.308501
v -0.248672 0.174856 -0.292013
v -0.282288 0.182290 -0.280674
v -0.317901 0.185812 -0.274919
v -0.354145 0.185285 -0.274971
v -0.389625 0.180732 -0.280827
v -0.422978 0.172325 -0.292262
v -0.452923 0.160390 -0.308837
v -0.478308 0.145384 -0.329914
v -0.498159 0.127883 -0.354685
v -0.511711 0.108562 -0.382195
v -0.518446 0.088161 -0.411390
v -0.157871 0.119084 -0.386274
v -0.172062 0.143179 -0.363212
v -0.218359 0.183310 -0.325119
v -0.282305 0.207786 -0.302386
v -0.422995 0.197821 -0.313974
v -0.478321 0.164897 -0.346532
v -0.498169 0.143215 -0.367741
v -0.511719 0.119122 -0.391189
v -0.518449 0.093545 -0.415975
vn -0.9260 0.3074 0.2193
vn 0.1858 0.7677 0.6133
vn -0.9819 0.1603 0.1012
vn -0.0085 0.7838 0.6209
vn 0.9789 0.1470 0.1421
vn -0.9998 0.0068 -0.0208
vn -0.2025 0.7701 0.6050
vn 0.9200 0.2950 0.2579
vn -0.3888 0.7270 0.5659
vn 0.8257 0.4314 0.3636
vn -0.5605 0.6562 0.5053
vn 0.6995 0.5510 0.4550
vn -0.7110 0.5601 0.4252
vn 0.5467 0.6492 0.5288
vn -0.8344 0.4423 0.3287
vn 0.3733 0.7223 0.5822
vn -0.8306 0.5099 0.2239
vn 0.3786 0.8160 0.4368
vn -0.9231 0.3576 0.1414
vn 0.1916 0.8693 0.4556
vn -0.9801 0.1912 0.0532
vn -0.0025 0.8894 0.4570
vn 0.9795 0.1574 0.1259
vn -0.9992 0.0173 -0.0371
vn -0.1965 0.8757 0.4411
vn 0.9218 0.3259 0.2099
vn -0.3830 0.8286 0.4083
vn 0.8285 0.4816 0.2856
vn -0.5551 0.7499 0.3599
vn 0.7034 0.6185 0.3502
vn -0.7063 0.6423 0.2977
vn 0.5514 0.7314 0.4013
vn 0.9247 0.3469 0.1568
vn -0.3736 0.8976 0.2340
vn 0.8332 0.5157 0.1995
vn -0.5464 0.8135 0.1992
vn 0.7097 0.6644 0.2344
vn -0.6986 0.6981 0.1567
vn 0.5591 0.7872 0.2603
vn -0.8243 0.5557 0.1081
vn 0.3873 0.8796 0.2761
vn -0.9184 0.3917 0.0552
vn 0.2011 0.9383 0.2813
vn -0.9772 0.2122 0.0001
vn 0.0073 0.9612 0.2759
vn 0.9804 0.1645 0.1080
vn -0.9982 0.0244 -0.0550
vn -0.1866 0.9474 0.2599
vn 0.3991 0.9107 0.1062
vn -0.9121 0.4083 -0.0358
vn 0.2139 0.9720 0.0972
vn -0.9733 0.2225 -0.0559
vn 0.0206 0.9962 0.0844
vn 0.9818 0.1680 0.0891
vn -0.9969 0.0278 -0.0739
vn -0.1733 0.9825 0.0684
vn 0.9286 0.3572 0.1007
vn -0.3608 0.9313 0.0498
vn 0.8395 0.5324 0.1085
vn -0.5346 0.8446 0.0293
vn 0.7182 0.6868 0.1120
vn -0.6883 0.7254 0.0077
vn 0.5694 0.8145 0.1113
vn -0.8158 0.5781 -0.0143
vn -0.3452 0.9285 -0.1372
vn 0.8472 0.5310 0.0160
vn -0.5202 0.8419 -0.1431
vn 0.7285 0.6849 -0.0123
vn -0.6757 0.7231 -0.1436
vn 0.5821 0.8122 -0.0400
vn -0.8054 0.5762 -0.1386
vn 0.4135 0.9081 -0.0662
vn -0.9044 0.4069 -0.1282
vn 0.2295 0.9692 -0.0898
vn -0.9686 0.2216 -0.1129
vn 0.0368 0.9932 -0.1100
vn 0.9834 0.1677 0.0698
vn -0.9953 0.0275 -0.0932
vn -0.1571 0.9795 -0.1260
vn 0.9333 0.3563 0.0438
vn -0.8956 0.3875 -0.2185
vn 0.2473 0.9298 -0.2725
vn -0.9631 0.2096 -0.1685
vn 0.0554 0.9524 -0.2999
vn 0.9852 0.1636 0.0510
vn -0.9934 0.0235 -0.1120
vn -0.1386 0.9386 -0.3158
vn 0.9388 0.3444 -0.0119
vn -0.3273 0.8891 -0.3198
vn 0.8560 0.5116 -0.0742
vn -0.5038 0.8057 -0.3116
vn 0.7404 0.6588 -0.1336
vn -0.6612 0.6913 -0.2914
vn 0.5965 0.7804 -0.1878
vn -0.7936 0.5501 -0.2600
vn 0.4300 0.8718 -0.2346
vn -0.4859 0.7372 -0.4695
vn 0.7533 0.6094 -0.2474
vn -0.6456 0.6312 -0.4299
vn 0.6121 0.7203 -0.3263
vn -0.7807 0.5007 -0.3738
vn 0.4478 0.8033 -0.3926
vn -0.8860 0.3508 -0.3032
vn 0.2667 0.8556 -0.4437
vn -0.9572 0.1870 -0.2207
vn 0.0755 0.8752 -0.4779
vn 0.9872 0.1560 0.0334
vn -0.9914 0.0159 -0.1296
vn -0.1185 0.8614 -0.4939
vn 0.9447 0.3217 -0.0640
vn -0.3080 0.8149 -0.4911
vn 0.8656 0.4748 -0.1589
vn -0.9511 0.1546 -0.2674
vn 0.0965 0.7646 -0.6373
vn 0.9893 0.1451 0.0176
vn -0.9894 0.0049 -0.1453
vn -0.0975 0.7508 -0.6532
vn 0.9508 0.2893 -0.1107
vn -0.2878 0.7085 -0.6443
vn 0.8756 0.4223 -0.2346
vn -0.4673 0.6391 -0.6109
vn 0.7667 0.5387 -0.3493
vn -0.6293 0.5451 -0.5540
vn 0.6285 0.6342 -0.4504
vn -0.7673 0.4301 -0.4757
vn 0.4664 0.7052 -0.5339
vn -0.8761 0.2982 -0.3789
vn 0.2868 0.7492 -0.5970
vn 0.7801 0.4494 -0.4353
vn -0.6129 0.4364 -0.6587
vn 0.6448 0.5255 -0.5551
vn -0.7539 0.3408 -0.5617
vn 0.4850 0.5813 -0.6533
vn -0.8661 0.2318 -0.4429
vn 0.3070 0.6148 -0.7265
vn -0.9450 0.1137 -0.3068
vn 0.1174 0.6249 -0.7718
vn 0.9913 0.1312 0.0043
vn -0.9873 -0.0089 -0.1587
vn -0.0765 0.6111 -0.7878
vn 0.9569 0.2484 -0.1501
vn -0.2676 0.5741 -0.7738
vn 0.8855 0.3559 -0.2986
vn -0.4487 0.5152 -0.7302
vn 0.1376 0.4614 -0.8764
vn 0.9933 0.1151 -0.0060
vn -0.9853 -0.0251 -0.1690
vn -0.0563 0.4477 -0.8924
vn 0.9629 0.2005 -0.1808
vn -0.2482 0.4169 -0.8744
vn 0.8951 0.2781 -0.3483
vn -0.4308 0.3702 -0.8230
vn 0.7930 0.3449 -0.5022
vn -0.5972 0.3092 -0.7401
vn 0.6605 0.3983 -0.6365
vn -0.7410 0.2363 -0.6286
vn 0.5029 0.4363 -0.7461
vn -0.8565 0.1541 -0.4926
vn 0.3264 0.4576 -0.8271
vn -0.9390 0.0658 -0.3374
vn -0.5827 0.1684 -0.7950
vn 0.6750 0.2575 -0.6914
vn -0.7291 0.1206 -0.6737
vn 0.5195 0.2758 -0.8087
vn -0.8476 0.0681 -0.5262
vn 0.3443 0.2836 -0.8950
vn -0.9336 0.0128 -0.3581
vn 0.1563 0.2805 -0.9470
vn 0.9952 0.0971 -0.0130
vn -0.9835 -0.0430 -0.1760
vn -0.0377 0.2668 -0.9630
vn 0.9683 0.1475 -0.2015
vn -0.2303 0.2429 -0.9423
vn 0.9040 0.1921 -0.3819
vn -0.4143 0.2097 -0.8857
vn 0.8049 0.2293 -0.5473
vn 0.9968 0.0782 -0.0164
vn -0.9818 -0.0619 -0.1794
vn -0.0213 0.0753 -0.9969
vn 0.9731 0.0914 -0.2114
vn -0.2146 0.0587 -0.9749
vn 0.9118 0.1011 -0.3980
vn -0.3998 0.0399 -0.9157
vn 0.8153 0.1069 -0.5690
vn -0.5700 0.0194 -0.8214
vn 0.6877 0.1085 -0.7178
vn -0.7186 -0.0018 -0.6954
vn 0.5340 0.1060 -0.8388
vn -0.8399 -0.0229 -0.5423
vn 0.3601 0.0994 -0.9276
vn -0.9288 -0.0433 -0.3681
vn 0.1726 0.0891 -0.9810
vn 0.6982 -0.0429 -0.7146
vn -0.7100 -0.1262 -0.6928
vn 0.5459 -0.0666 -0.8352
vn -0.8335 -0.1155 -0.5404
vn 0.3730 -0.0877 -0.9237
vn -0.9249 -0.1003 -0.3669
vn 0.1861 -0.1055 -0.9769
vn 0.9981 0.0590 -0.0160
vn -0.9805 -0.0812 -0.1789
vn -0.0079 -0.1192 -0.9928
vn 0.9771 0.0344 -0.2102
vn -0.2016 -0.1284 -0.9710
vn 0.9182 0.0086 -0.3961
vn -0.3879 -0.1328 -0.9121
vn 0.8239 -0.0175 -0.5664
vn -0.5595 -0.1320 -0.8182
vn 0.0021 -0.3095 -0.9509
vn 0.9800 -0.0213 -0.1979
vn -0.1920 -0.3115 -0.9307
vn 0.9229 -0.0819 -0.3761
vn -0.3790 -0.3015 -0.8749
vn 0.8303 -0.1392 -0.5396
vn -0.5517 -0.2801 -0.7856
vn 0.7060 -0.1910 -0.6820
vn -0.7036 -0.2478 -0.6659
vn 0.5548 -0.2354 -0.7980
vn -0.8287 -0.2059 -0.5204
vn 0.3826 -0.2708 -0.8833
vn -0.9219 -0.1560 -0.3546
vn 0.1961 -0.2958 -0.9349
vn 0.9991 0.0401 -0.0118
vn -0.9795 -0.1000 -0.1748
vn -0.6997 -0.3620 -0.6160
vn 0.5603 -0.3939 -0.7286
vn -0.8257 -0.2909 -0.4833
vn 0.3886 -0.4426 -0.8081
vn -0.9201 -0.2084 -0.3317
vn 0.2023 -0.4744 -0.8567
vn 0.9997 0.0224 -0.0041
vn -0.9789 -0.1177 -0.1671
vn 0.0083 -0.4882 -0.8727
vn 0.9818 -0.0737 -0.1750
vn -0.1860 -0.4833 -0.8555
vn 0.9259 -0.1668 -0.3390
vn -0.3735 -0.4600 -0.8055
vn 0.8343 -0.2534 -0.4896
vn -0.5469 -0.4191 -0.7247
vn 0.7108 -0.3300 -0.6211
vn -0.1839 -0.6374 -0.7483
vn 0.9269 -0.2429 -0.2860
vn -0.3715 -0.6021 -0.7067
vn 0.8357 -0.3557 -0.4184
vn -0.5452 -0.5437 -0.6380
vn 0.7125 -0.4546 -0.5344
vn -0.6983 -0.4644 -0.5447
vn 0.5622 -0.5360 -0.6298
vn -0.8247 -0.3670 -0.4303
vn 0.3907 -0.5967 -0.7010
vn -0.9195 -0.2553 -0.2990
vn 0.2045 -0.6346 -0.7453
vn 1.0000 0.0066 0.0069
vn -0.9787 -0.1335 -0.1560
vn 0.0105 -0.6483 -0.7613
vn 0.9824 -0.1206 -0.1424
vn -0.8257 -0.4314 -0.3636
vn 0.3888 -0.7270 -0.5659
vn -0.9200 -0.2950 -0.2579
vn 0.2025 -0.7701 -0.6050
vn 0.9998 -0.0068 0.0208
vn -0.9789 -0.1470 -0.1421
vn 0.0085 -0.7838 -0.6209
vn 0.9819 -0.1603 -0.1012
vn -0.1858 -0.7677 -0.6133
vn 0.9260 -0.3074 -0.2193
vn -0.3733 -0.7223 -0.5822
vn 0.8344 -0.4423 -0.3287
vn -0.5467 -0.6492 -0.5288
vn 0.7110 -0.5601 -0.4252
vn -0.6995 -0.5510 -0.4550
vn 0.5605 -0.6562 -0.5053
vn 0.9231 -0.3576 -0.1414
vn -0.3786 -0.8160 -0.4368
vn 0.8306 -0.5099 -0.2239
vn -0.5514 -0.7314 -0.4013
vn 0.7063 -0.6423 -0.2977
vn -0.7034 -0.6185 -0.3502
vn 0.5551 -0.7499 -0.3599
vn -0.8285 -0.4816 -0.2856
vn 0.3830 -0.8286 -0.4083
vn -0.9218 -0.3259 -0.2099
vn 0.1965 -0.8757 -0.4411
vn 0.9992 -0.0173 0.0371
vn -0.9795 -0.1574 -0.1259
vn 0.0025 -0.8894 -0.4570
vn 0.9801 -0.1912 -0.0532
vn -0.1916 -0.8693 -0.4556
vn 0.3736 -0.8976 -0.2340
vn -0.9247 -0.3469 -0.1568
vn 0.1866 -0.9474 -0.2599
vn 0.9982 -0.0244 0.0550
vn -0.9804 -0.1645 -0.1080
vn -0.0073 -0.9612 -0.2759
vn 0.9772 -0.2122 -0.0001
vn -0.2011 -0.9383 -0.2813
vn 0.9184 -0.3917 -0.0552
vn -0.3873 -0.8796 -0.2761
vn 0.8243 -0.5557 -0.1081
vn -0.5591 -0.7872 -0.2603
vn 0.6986 -0.6981 -0.1567
vn -0.7097 -0.6644 -0.2344
vn 0.5464 -0.8135 -0.1992
vn -0.8332 -0.5157 -0.1995
vn -0.3991 -0.9107 -0.1062
vn 0.8158 -0.5781 0.0143
vn -0.5694 -0.8145 -0.1113
vn 0.6883 -0.7254 -0.0077
vn -0.7182 -0.6868 -0.1120
vn 0.5346 -0.8446 -0.0293
vn -0.8395 -0.5324 -0.1085
vn 0.3608 -0.9313 -0.0498
vn -0.9286 -0.3572 -0.1007
vn 0.1733 -0.9825 -0.0684
vn 0.9969 -0.0278 0.0739
vn -0.9818 -0.1680 -0.0890
vn -0.0206 -0.9962 -0.0844
vn 0.9733 -0.2225 0.0559
vn -0.2139 -0.9720 -0.0972
vn 0.9121 -0.4083 0.0358
vn -0.9333 -0.3563 -0.0438
vn 0.1571 -0.9795 0.1260
vn 0.9953 -0.0275 0.0932
vn -0.9834 -0.1677 -0.0698
vn -0.0368 -0.9932 0.1100
vn 0.9686 -0.2216 0.1129
vn -0.2295 -0.9692 0.0898
vn 0.9044 -0.4069 0.1282
vn -0.4135 -0.9081 0.0662
vn 0.8054 -0.5762 0.1386
vn -0.5821 -0.8122 0.0400
vn 0.6757 -0.7231 0.1436
vn -0.7285 -0.6849 0.0123
vn 0.5202 -0.8419 0.1431
vn -0.8472 -0.5310 -0.0160
vn 0.3452 -0.9285 0.1372
vn 0.7936 -0.5501 0.2600
vn -0.5965 -0.7804 0.1878
vn 0.6612 -0.6913 0.2914
vn -0.7404 -0.6588 0.1336
vn 0.5038 -0.8057 0.3116
vn -0.8560 -0.5116 0.0742
vn 0.3273 -0.8891 0.3198
vn -0.9388 -0.3444 0.0119
vn 0.1386 -0.9386 0.3158
vn 0.9934 -0.0235 0.1120
vn -0.9852 -0.1636 -0.0510
vn -0.0554 -0.9524 0.2999
vn 0.9631 -0.2096 0.1685
vn -0.2473 -0.9298 0.2725
vn 0.8956 -0.3875 0.2185
vn -0.4300 -0.8718 0.2346
vn 0.1185 -0.8614 0.4939
vn 0.9914 -0.0159 0.1296
vn -0.9872 -0.1560 -0.0334
vn -0.0755 -0.8752 0.4779
vn 0.9572 -0.1870 0.2207
vn -0.2667 -0.8556 0.4437
vn 0.8860 -0.3508 0.3032
vn -0.4478 -0.8033 0.3926
vn 0.7807 -0.5007 0.3738
vn -0.6121 -0.7203 0.3263
vn 0.6456 -0.6312 0.4299
vn -0.7533 -0.6094 0.2474
vn 0.4859 -0.7372 0.4695
vn -0.8656 -0.4748 0.1589
vn 0.3080 -0.8149 0.4911
vn -0.9447 -0.3217 0.0640
vn -0.6285 -0.6342 0.4504
vn 0.6293 -0.5451 0.5540
vn -0.7667 -0.5387 0.3493
vn 0.4673 -0.6391 0.6109
vn -0.8756 -0.4223 0.2346
vn 0.2878 -0.7085 0.6443
vn -0.9508 -0.2893 0.1107
vn 0.0975 -0.7508 0.6532
vn 0.9894 -0.0049 0.1453
vn -0.9893 -0.1451 -0.0176
vn -0.0965 -0.7646 0.6373
vn 0.9511 -0.1546 0.2674
vn -0.2868 -0.7492 0.5970
vn 0.8761 -0.2982 0.3789
vn -0.4664 -0.7052 0.5339
vn 0.7673 -0.4301 0.4757
vn -0.9913 -0.1312 -0.0043
vn -0.1174 -0.6249 0.7718
vn 0.9450 -0.1137 0.3068
vn -0.3070 -0.6148 0.7265
vn 0.8661 -0.2318 0.4429
vn -0.4850 -0.5813 0.6533
vn 0.7539 -0.3408 0.5617
vn -0.6448 -0.5255 0.5551
vn 0.6129 -0.4364 0.6587
vn -0.7801 -0.4494 0.4353
vn 0.4487 -0.5152 0.7302
vn -0.8855 -0.3559 0.2986
vn 0.2676 -0.5741 0.7738
vn -0.9569 -0.2484 0.1501
vn 0.0765 -0.6111 0.7878
vn 0.9873 0.0089 0.1587
vn -0.7930 -0.3449 0.5022
vn 0.4308 -0.3702 0.8230
vn -0.8951 -0.2781 0.3483
vn 0.2482 -0.4169 0.8744
vn -0.9629 -0.2005 0.1808
vn 0.0563 -0.4477 0.8924
vn 0.9853 0.0251 0.1690
vn -0.9933 -0.1151 0.0060
vn -0.1376 -0.4614 0.8764
vn 0.9390 -0.0658 0.3374
vn -0.3264 -0.4576 0.8271
vn 0.8565 -0.1541 0.4926
vn -0.5029 -0.4363 0.7461
vn 0.7410 -0.2363 0.6286
vn -0.6605 -0.3983 0.6365
vn 0.5972 -0.3092 0.7401
vn 0.9336 -0.0128 0.3581
vn -0.3443 -0.2836 0.8950
vn 0.8476 -0.0681 0.5262
vn -0.5195 -0.2758 0.8087
vn 0.7291 -0.1206 0.6737
vn -0.6750 -0.2575 0.6914
vn 0.5827 -0.1684 0.7950
vn -0.8049 -0.2293 0.5473
vn 0.4143 -0.2097 0.8857
vn -0.9040 -0.1921 0.3819
vn 0.2303 -0.2429 0.9423
vn -0.9683 -0.1475 0.2015
vn 0.0377 -0.2668 0.9630
vn 0.9835 0.0430 0.1760
vn -0.9952 -0.0972 0.0130
vn -0.1563 -0.2805 0.9470
vn 0.3998 -0.0399 0.9157
vn -0.9118 -0.1011 0.3980
vn 0.2146 -0.0587 0.9749
vn -0.9731 -0.0914 0.2114
vn 0.0213 -0.0753 0.9969
vn 0.9818 0.0619 0.1794
vn -0.9968 -0.0782 0.0164
vn -0.1726 -0.0891 0.9810
vn 0.9288 0.0433 0.3681
vn -0.3601 -0.0994 0.9276
vn 0.8399 0.0229 0.5423
vn -0.5340 -0.1060 0.8388
vn 0.7186 0.0018 0.6954
vn -0.6877 -0.1085 0.7178
vn 0.5700 -0.0194 0.8214
vn -0.8153 -0.1069 0.5690
vn -0.3730 0.0877 0.9237
vn 0.8335 0.1155 0.5404
vn -0.5459 0.0666 0.8352
vn 0.7100 0.1262 0.6928
vn -0.6982 0.0429 0.7146
vn 0.5595 0.1320 0.8182
vn -0.8239 0.0175 0.5664
vn 0.3879 0.1328 0.9121
vn -0.9182 -0.0086 0.3961
vn 0.2016 0.1284 0.9710
vn -0.9771 -0.0344 0.2102
vn 0.0079 0.1192 0.9928
vn 0.9805 0.0812 0.1789
vn -0.9981 -0.0589 0.0160
vn -0.1861 0.1055 0.9769
vn 0.9249 0.1003 0.3669
vn -0.9229 0.0819 0.3761
vn 0.1920 0.3115 0.9307
vn -0.9800 0.0213 0.1979
vn -0.0021 0.3095 0.9509
vn 0.9795 0.1000 0.1748
vn -0.9991 -0.0401 0.0118
vn -0.1961 0.2958 0.9349
vn 0.9219 0.1560 0.3546
vn -0.3826 0.2708 0.8833
vn 0.8287 0.2059 0.5204
vn -0.5548 0.2354 0.7980
vn 0.7036 0.2478 0.6659
vn -0.7060 0.1910 0.6820
vn 0.5517 0.2801 0.7856
vn -0.8303 0.1392 0.5396
vn 0.3790 0.3015 0.8749
vn 0.8257 0.2909 0.4833
vn -0.5603 0.3939 0.7286
vn 0.6997 0.3620 0.6160
vn -0.7108 0.3300 0.6211
vn 0.5469 0.4191 0.7247
vn -0.8343 0.2534 0.4896
vn 0.3735 0.4600 0.8055
vn -0.9259 0.1668 0.3390
vn 0.1860 0.4833 0.8555
vn -0.9818 0.0736 0.1750
vn -0.0083 0.4882 0.8727
vn 0.9789 0.1177 0.1671
vn -0.9997 -0.0224 0.0041
vn -0.2023 0.4744 0.8567
vn 0.9201 0.2084 0.3317
vn -0.3886 0.4426 0.8081
vn 0.1839 0.6374 0.7483
vn -0.9824 0.1206 0.1424
vn -0.0105 0.6483 0.7613
vn 0.9787 0.1335 0.1560
vn -1.0000 -0.0066 -0.0069
vn -0.2045 0.6346 0.7453
vn 0.9195 0.2553 0.2990
vn -0.3907 0.5967 0.7010
vn 0.8247 0.3670 0.4303
vn -0.5622 0.5360 0.6298
vn 0.6983 0.4644 0.5448
vn -0.7125 0.4546 0.5344
vn 0.5452 0.5437 0.6380
vn -0.8357 0.3557 0.4184
vn 0.3715 0.6021 0.7067
vn -0.9269 0.2429 0.2860
vt 0.750000 0.125000
vt 0.750000 0.187500
vt 0.718750 0.187500
vt 0.718750 0.125000
vt 0.750000 0.562500
vt 0.750000 0.625000
vt 0.718750 0.625000
vt 0.718750 0.562500
vt 0.750000 0.062500
vt 0.718750 0.062500
vt 0.750000 0.500000
vt 0.718750 0.500000
vt 0.750000 0.937500
vt 0.734375 1.000000
vt 0.718750 0.937500
vt 0.734375 0.000000
vt 0.750000 0.437500
vt 0.718750 0.437500
vt 0.750000 0.875000
vt 0.718750 0.875000
vt 0.750000 0.375000
vt 0.718750 0.375000
vt 0.750000 0.812500
vt 0.718750 0.812500
vt 0.750000 0.312500
vt 0.718750 0.312500
vt 0.750000 0.750000
vt 0.718750 0.750000
vt 0.750000 0.250000
vt 0.718750 0.250000
vt 0.750000 0.687500
vt 0.718750 0.687500
vt 0.687500 0.250000
vt 0.687500 0.187500
vt 0.687500 0.687500
vt 0.687500 0.625000
vt 0.687500 0.125000
vt 0.687500 0.562500
vt 0.687500 0.062500
vt 0.687500 0.500000
vt 0.703125 1.000000
vt 0.687500 0.937500
vt 0.703125 0.000000
vt 0.687500 0.437500
vt 0.687500 0.875000
vt 0.687500 0.375000
vt 0.687500 0.812500
vt 0.687500 0.312500
vt 0.687500 0.750000
vt 0.656250 0.937500
vt 0.656250 0.875000
vt 0.656250 0.437500
vt 0.656250 0.375000
vt 0.656250 0.812500
vt 0.656250 0.312500
vt 0.656250 0.750000
vt 0.656250 0.250000
vt 0.656250 0.687500
vt 0.656250 0.187500
vt 0.656250 0.625000
vt 0.656250 0.125000
vt 0.656250 0.562500
vt 0.656250 0.062500
vt 0.656250 0.500000
vt 0.671875 1.000000
vt 0.671875 0.000000
vt 0.625000 0.687500
vt 0.625000 0.625000
vt 0.625000 0.187500
vt 0.625000 0.125000
vt 0.625000 0.562500
vt 0.625000 0.062500
vt 0.625000 0.500000
vt 0.640625 1.000000
vt 0.625000 0.937500
vt 0.640625 0.000000
vt 0.625000 0.437500
vt 0.625000 0.875000
vt 0.625000 0.375000
vt 0.625000 0.812500
vt 0.625000 0.312500
vt 0.625000 0.750000
vt 0.625000 0.250000
vt 0.593750 0.437500
vt 0.593750 0.375000
vt 0.593750 0.875000
vt 0.593750 0.812500
vt 0.593750 0.312500
vt 0.593750 0.750000
vt 0.593750 0.250000
vt 0.593750 0.687500
vt 0.593750 0.187500
vt 0.593750 0.625000
vt 0.593750 0.125000
vt 0.593750 0.562500
vt 0.593750 0.062500
vt 0.593750 0.500000
vt 0.609375 1.000000
vt 0.593750 0.937500
vt 0.609375 0.000000
vt 0.562500 0.187500
vt 0.562500 0.125000
vt 0.562500 0.625000
vt 0.562500 0.562500
vt 0.562500 0.062500
vt 0.562500 0.500000
vt 0.578125 1.000000
vt 0.562500 0.937500
vt 0.578125 0.000000
vt 0.562500 0.437500
vt 0.562500 0.875000
vt 0.562500 0.375000
vt 0.562500 0.812500
vt 0.562500 0.312500
vt 0.562500 0.750000
vt 0.562500 0.250000
vt 0.562500 0.687500
vt 0.531250 0.375000
vt 0.531250 0.312500
vt 0.531250 0.812500
vt 0.531250 0.750000
vt 0.531250 0.250000
vt 0.531250 0.687500
vt 0.531250 0.187500
vt 0.531250 0.625000
vt 0.531250 0.125000
vt 0.531250 0.562500
vt 0.531250 0.062500
vt 0.531250 0.500000
vt 0.546875 1.000000
vt 0.531250 0.937500
vt 0.546875 0.000000
vt 0.531250 0.437500
vt 0.531250 0.875000
vt 0.500000 0.125000
vt 0.500000 0.062500
vt 0.500000 0.562500
vt 0.500000 0.500000
vt 0.515625 1.000000
vt 0.500000 0.937500
vt 0.515625 0.000000
vt 0.500000 0.437500
vt 0.500000 0.875000
vt 0.500000 0.375000
vt 0.500000 0.812500
vt 0.500000 0.312500
vt 0.500000 0.750000
vt 0.500000 0.250000
vt 0.500000 0.687500
vt 0.500000 0.187500
vt 0.500000 0.625000
vt 0.468750 0.812500
vt 0.468750 0.750000
vt 0.468750 0.312500
vt 0.468750 0.250000
vt 0.468750 0.687500
vt 0.468750 0.187500
vt 0.468750 0.625000
vt 0.468750 0.125000
vt 0.468750 0.562500
vt 0.468750 0.062500
vt 0.468750 0.500000
vt 0.484375 1.000000
vt 0.468750 0.937500
vt 0.484375 0.000000
vt 0.468750 0.437500
vt 0.468750 0.875000
vt 0.468750 0.375000
vt 0.437500 0.562500
vt 0.437500 0.500000
vt 0.453125 1.000000
vt 0.437500 0.937500
vt 0.453125 0.000000
vt 0.437500 0.062500
vt 0.437500 0.437500
vt 0.437500 0.875000
vt 0.437500 0.375000
vt 0.437500 0.812500
vt 0.437500 0.312500
vt 0.437500 0.750000
vt 0.437500 0.250000
vt 0.437500 0.687500
vt 0.437500 0.187500
vt 0.437500 0.625000
vt 0.437500 0.125000
vt 0.406250 0.312500
vt 0.406250 0.250000
vt 0.406250 0.750000
vt 0.406250 0.687500
vt 0.406250 0.187500
vt 0.406250 0.625000
vt 0.406250 0.125000
vt 0.406250 0.562500
vt 0.406250 0.062500
vt 0.406250 0.500000
vt 0.421875 1.000000
vt 0.406250 0.937500
vt 0.421875 0.000000
vt 0.406250 0.437500
vt 0.406250 0.875000
vt 0.406250 0.375000
vt 0.406250 0.812500
vt 0.390625 1.000000
vt 0.375000 0.937500
vt 0.390625 0.000000
vt 0.375000 0.062500
vt 0.375000 0.500000
vt 0.375000 0.437500
vt 0.375000 0.875000
vt 0.375000 0.375000
vt 0.375000 0.812500
vt 0.375000 0.312500
vt 0.375000 0.750000
vt 0.375000 0.250000
vt 0.375000 0.687500
vt 0.375000 0.187500
vt 0.375000 0.625000
vt 0.375000 0.125000
vt 0.375000 0.562500
vt 0.343750 0.750000
vt 0.343750 0.687500
vt 0.343750 0.250000
vt 0.343750 0.187500
vt 0.343750 0.625000
vt 0.343750 0.125000
vt 0.343750 0.562500
vt 0.343750 0.062500
vt 0.343750 0.500000
vt 0.359375 1.000000
vt 0.343750 0.937500
vt 0.359375 0.000000
vt 0.343750 0.437500
vt 0.343750 0.875000
vt 0.343750 0.375000
vt 0.343750 0.812500
vt 0.343750 0.312500
vt 0.312500 0.500000
vt 0.312500 0.437500
vt 0.312500 0.937500
vt 0.312500 0.875000
vt 0.312500 0.375000
vt 0.312500 0.812500
vt 0.312500 0.312500
vt 0.312500 0.750000
vt 0.312500 0.250000
vt 0.312500 0.687500
vt 0.312500 0.187500
vt 0.312500 0.625000
vt 0.312500 0.125000
vt 0.312500 0.562500
vt 0.312500 0.062500
vt 0.328125 1.000000
vt 0.328125 0.000000
vt 0.281250 0.250000
vt 0.281250 0.187500
vt 0.281250 0.687500
vt 0.281250 0.625000
vt 0.281250 0.125000
vt 0.281250 0.562500
vt 0.281250 0.062500
vt 0.281250 0.500000
vt 0.296875 1.000000
vt 0.281250 0.937500
vt 0.296875 0.000000
vt 0.281250 0.437500
vt 0.281250 0.875000
vt 0.281250 0.375000
vt 0.281250 0.812500
vt 0.281250 0.312500
vt 0.281250 0.750000
vt 0.250000 0.437500
vt 0.250000 0.375000
vt 0.250000 0.875000
vt 0.250000 0.812500
vt 0.250000 0.312500
vt 0.250000 0.750000
vt 0.250000 0.250000
vt 0.250000 0.687500
vt 0.250000 0.187500
vt 0.250000 0.625000
vt 0.250000 0.125000
vt 0.250000 0.562500
vt 0.250000 0.062500
vt 0.250000 0.500000
vt 0.265625 1.000000
vt 0.250000 0.937500
vt 0.265625 0.000000
vt 0.218750 0.187500
vt 0.218750 0.125000
vt 0.218750 0.625000
vt 0.218750 0.562500
vt 0.218750 0.062500
vt 0.218750 0.500000
vt 0.234375 1.000000
vt 0.218750 0.937500
vt 0.234375 0.000000
vt 0.218750 0.437500
vt 0.218750 0.875000
vt 0.218750 0.375000
vt 0.218750 0.812500
vt 0.218750 0.312500
vt 0.218750 0.750000
vt 0.218750 0.250000
vt 0.218750 0.687500
vt 0.187500 0.875000
vt 0.187500 0.812500
vt 0.187500 0.375000
vt 0.187500 0.312500
vt 0.187500 0.750000
vt 0.187500 0.250000
vt 0.187500 0.687500
vt 0.187500 0.187500
vt 0.187500 0.625000
vt 0.187500 0.125000
vt 0.187500 0.562500
vt 0.187500 0.062500
vt 0.187500 0.500000
vt 0.203125 1.000000
vt 0.187500 0.937500
vt 0.203125 0.000000
vt 0.187500 0.437500
vt 0.156250 0.625000
vt 0.156250 0.562500
vt 0.156250 0.125000
vt 0.156250 0.062500
vt 0.156250 0.500000
vt 0.171875 1.000000
vt 0.156250 0.937500
vt 0.171875 0.000000
vt 0.156250 0.437500
vt 0.156250 0.875000
vt 0.156250 0.375000
vt 0.156250 0.812500
vt 0.156250 0.312500
vt 0.156250 0.750000
vt 0.156250 0.250000
vt 0.156250 0.687500
vt 0.156250 0.187500
vt 0.125000 0.375000
vt 0.125000 0.312500
vt 0.125000 0.812500
vt 0.125000 0.750000
vt 0.125000 0.250000
vt 0.125000 0.687500
vt 0.125000 0.187500
vt 0.125000 0.625000
vt 0.125000 0.125000
vt 0.125000 0.562500
vt 0.125000 0.062500
vt 0.125000 0.500000
vt 0.140625 1.000000
vt 0.125000 0.937500
vt 0.140625 0.000000
vt 0.125000 0.437500
vt 0.125000 0.875000
vt 0.093750 0.125000
vt 0.093750 0.062500
vt 0.093750 0.562500
vt 0.093750 0.500000
vt 0.109375 1.000000
vt 0.093750 0.937500
vt 0.109375 0.000000
vt 0.093750 0.437500
vt 0.093750 0.875000
vt 0.093750 0.375000
vt 0.093750 0.812500
vt 0.093750 0.312500
vt 0.093750 0.750000
vt 0.093750 0.250000
vt 0.093750 0.687500
vt 0.093750 0.187500
vt 0.093750 0.625000
vt 0.062500 0.812500
vt 0.062500 0.750000
vt 0.062500 0.312500
vt 0.062500 0.250000
vt 0.062500 0.687500
vt 0.062500 0.187500
vt 0.062500 0.625000
vt 0.062500 0.125000
vt 0.062500 0.562500
vt 0.062500 0.062500
vt 0.062500 0.500000
vt 0.078125 1.000000
vt 0.062500 0.937500
vt 0.078125 0.000000
vt 0.062500 0.437500
vt 0.062500 0.875000
vt 0.062500 0.375000
vt 0.031250 0.562500
vt 0.031250 0.500000
vt 0.046875 1.000000
vt 0.031250 0.937500
vt 0.046875 0.000000
vt 0.031250 0.062500
vt 0.031250 0.437500
vt 0.031250 0.875000
vt 0.031250 0.375000
vt 0.031250 0.812500
vt 0.031250 0.312500
vt 0.031250 0.750000
vt 0.031250 0.250000
vt 0.031250 0.687500
vt 0.031250 0.187500
vt 0.031250 0.625000
vt 0.031250 0.125000
vt 0.000000 0.312500
vt 0.000000 0.250000
vt 0.000000 0.750000
vt 0.000000 0.687500
vt 0.000000 0.187500
vt 0.000000 0.625000
vt 0.000000 0.125000
vt 0.000000 0.562500
vt 0.000000 0.062500
vt 0.000000 0.500000
vt 0.015625 1.000000
vt 0.000000 0.937500
vt 0.015625 0.000000
vt 0.000000 0.437500
vt 0.000000 0.875000
vt 0.000000 0.375000
vt 0.000000 0.812500
vt 0.984375 0.000000
vt 1.000000 0.062500
vt 0.968750 0.062500
vt 1.000000 0.437500
vt 1.000000 0.500000
vt 0.968750 0.500000
vt 0.968750 0.437500
vt 1.000000 0.875000
vt 1.000000 0.937500
vt 0.968750 0.937500
vt 0.968750 0.875000
vt 1.000000 0.375000
vt 0.968750 0.375000
vt 1.000000 0.812500
vt 0.968750 0.812500
vt 1.000000 0.312500
vt 0.968750 0.312500
vt 1.000000 0.750000
vt 0.968750 0.750000
vt 1.000000 0.250000
vt 0.968750 0.250000
vt 1.000000 0.687500
vt 0.968750 0.687500
vt 1.000000 0.187500
vt 0.968750 0.187500
vt 1.000000 0.625000
vt 0.968750 0.625000
vt 1.000000 0.125000
vt 0.968750 0.125000
vt 1.000000 0.562500
vt 0.968750 0.562500
vt 0.984375 1.000000
vt 0.937500 0.250000
vt 0.937500 0.187500
vt 0.937500 0.687500
vt 0.937500 0.625000
vt 0.937500 0.125000
vt 0.937500 0.562500
vt 0.937500 0.062500
vt 0.937500 0.500000
vt 0.953125 1.000000
vt 0.937500 0.937500
vt 0.953125 0.000000
vt 0.937500 0.437500
vt 0.937500 0.875000
vt 0.937500 0.375000
vt 0.937500 0.812500
vt 0.937500 0.312500
vt 0.937500 0.750000
vt 0.906250 0.937500
vt 0.906250 0.875000
vt 0.906250 0.437500
vt 0.906250 0.375000
vt 0.906250 0.812500
vt 0.906250 0.312500
vt 0.906250 0.750000
vt 0.906250 0.250000
vt 0.906250 0.687500
vt 0.906250 0.187500
vt 0.906250 0.625000
vt 0.906250 0.125000
vt 0.906250 0.562500
vt 0.906250 0.062500
vt 0.906250 0.500000
vt 0.921875 1.000000
vt 0.921875 0.000000
vt 0.875000 0.687500
vt 0.875000 0.625000
vt 0.875000 0.187500
vt 0.875000 0.125000
vt 0.875000 0.562500
vt 0.875000 0.062500
vt 0.875000 0.500000
vt 0.890625 1.000000
vt 0.875000 0.937500
vt 0.890625 0.000000
vt 0.875000 0.437500
vt 0.875000 0.875000
vt 0.875000 0.375000
vt 0.875000 0.812500
vt 0.875000 0.312500
vt 0.875000 0.750000
vt 0.875000 0.250000
vt 0.843750 0.437500
vt 0.843750 0.375000
vt 0.843750 0.875000
vt 0.843750 0.812500
vt 0.843750 0.312500
vt 0.843750 0.750000
vt 0.843750 0.250000
vt 0.843750 0.687500
vt 0.843750 0.187500
vt 0.843750 0.625000
vt 0.843750 0.125000
vt 0.843750 0.562500
vt 0.843750 0.062500
vt 0.843750 0.500000
vt 0.859375 1.000000
vt 0.843750 0.937500
vt 0.859375 0.000000
vt 0.812500 0.187500
vt 0.812500 0.125000
vt 0.812500 0.625000
vt 0.812500 0.562500
vt 0.812500 0.062500
vt 0.812500 0.500000
vt 0.828125 1.000000
vt 0.812500 0.937500
vt 0.828125 0.000000
vt 0.812500 0.437500
vt 0.812500 0.875000
vt 0.812500 0.375000
vt 0.812500 0.812500
vt 0.812500 0.312500
vt 0.812500 0.750000
vt 0.812500 0.250000
vt 0.812500 0.687500
vt 0.781250 0.875000
vt 0.781250 0.812500
vt 0.781250 0.375000
vt 0.781250 0.312500
vt 0.781250 0.750000
vt 0.781250 0.250000
vt 0.781250 0.687500
vt 0.781250 0.187500
vt 0.781250 0.625000
vt 0.781250 0.125000
vt 0.781250 0.562500
vt 0.781250 0.062500
vt 0.781250 0.500000
vt 0.796875 1.000000
vt 0.781250 0.937500
vt 0.796875 0.000000
vt 0.781250 0.437500
vt 0.765625 1.000000
vt 0.765625 0.000000
s 0
usemtl Material.013
f 2456/1786/1767 2455/1787/1767 1996/1788/1767 1997/1789/1767
f 1979/1790/1768 2452/1791/1768 1989/1792/1768 1990/1793/1768
f 2457/1794/1769 2456/1786/1769 1997/1789/1769 1998/1795/1769
f 1980/1796/1770 1979/1790/1770 1990/1793/1770 1991/1797/1770
f 2449/1798/1771 1976/1799/1771 1984/1800/1771
f 1983/1801/1772 2457/1794/1772 1998/1795/1772
f 1981/1802/1773 1980/1796/1773 1991/1797/1773 1992/1803/1773
f 2450/1804/1774 2449/1798/1774 1984/1800/1774 1985/1805/1774
f 2453/1806/1775 1981/1802/1775 1992/1803/1775 1993/1807/1775
f 1977/1808/1776 2450/1804/1776 1985/1805/1776 1986/1809/1776
f 1982/1810/1777 2453/1806/1777 1993/1807/1777 1994/1811/1777
f 2451/1812/1778 1977/1808/1778 1986/1809/1778 1987/1813/1778
f 2454/1814/1779 1982/1810/1779 1994/1811/1779 1995/1815/1779
f 1978/1816/1780 2451/1812/1780 1987/1813/1780 1988/1817/1780
f 2455/1787/1781 2454/1814/1781 1995/1815/1781 1996/1788/1781
f 2452/1791/1782 1978/1816/1782 1988/1817/1782 1989/1792/1782
f 1996/1788/1783 1995/1815/1783 2010/1818/1783 2011/1819/1783
f 1989/1792/1784 1988/1817/1784 2003/1820/1784 2004/1821/1784
f 1997/1789/1785 1996/1788/1785 2011/1819/1785 2012/1822/1785
f 1990/1793/1786 1989/1792/1786 2004/1821/1786 2005/1823/1786
f 1998/1795/1787 1997/1789/1787 2012/1822/1787 2013/1824/1787
f 1991/1797/1788 1990/1793/1788 2005/1823/1788 2006/1825/1788
f 1984/1800/1789 1976/1826/1789 1999/1827/1789
f 1983/1828/1790 1998/1795/1790 2013/1824/1790
f 1992/1803/1791 1991/1797/1791 2006/1825/1791 2007/1829/1791
f 1985/1805/1792 1984/1800/1792 1999/1827/1792 2000/1830/1792
f 1993/1807/1793 1992/1803/1793 2007/1829/1793 2008/1831/1793
f 1986/1809/1794 1985/1805/1794 2000/1830/1794 2001/1832/1794
f 1994/1811/1795 1993/1807/1795 2008/1831/1795 2009/1833/1795
f 1987/1813/1796 1986/1809/1796 2001/1832/1796 2002/1834/1796
f 1995/1815/1797 1994/1811/1797 2009/1833/1797 2010/1818/1797
f 1988/1817/1798 1987/1813/1798 2002/1834/1798 2003/1820/1798
f 2000/1830/1799 1999/1827/1799 2014/1835/1799 2015/1836/1799
f 2008/1831/1800 2007/1829/1800 2022/1837/1800 2023/1838/1800
f 2001/1832/1801 2000/1830/1801 2015/1836/1801 2016/1839/1801
f 2009/1833/1802 2008/1831/1802 2023/1838/1802 2024/1840/1802
f 2002/1834/1803 2001/1832/1803 2016/1839/1803 2017/1841/1803
f 2010/1818/1804 2009/1833/1804 2024/1840/1804 2025/1842/1804
f 2003/1820/1805 2002/1834/1805 2017/1841/1805 2018/1843/1805
f 2011/1819/1806 2010/1818/1806 2025/1842/1806 2026/1844/1806
f 2004/1821/1807 2003/1820/1807 2018/1843/1807 2019/1845/1807
f 2012/1822/1808 2011/1819/1808 2026/1844/1808 2027/1846/1808
f 2005/1823/1809 2004/1821/1809 2019/1845/1809 2020/1847/1809
f 2013/1824/1810 2012/1822/1810 2027/1846/1810 2028/1848/1810
f 2006/1825/1811 2005/1823/1811 2020/1847/1811 2021/1849/1811
f 1999/1827/1812 1976/1850/1812 2014/1835/1812
f 1983/1851/1813 2013/1824/1813 2028/1848/1813
f 2007/1829/1814 2006/1825/1814 2021/1849/1814 2022/1837/1814
f 2019/1845/1815 2018/1843/1815 2033/1852/1815 2034/1853/1815
f 2027/1846/1816 2026/1844/1816 2041/1854/1816 2042/1855/1816
f 2020/1847/1817 2019/1845/1817 2034/1853/1817 2035/1856/1817
f 2028/1848/1818 2027/1846/1818 2042/1855/1818 2043/1857/1818
f 2021/1849/1819 2020/1847/1819 2035/1856/1819 2036/1858/1819
f 2014/1835/1820 1976/1859/1820 2029/1860/1820
f 1983/1861/1821 2028/1848/1821 2043/1857/1821
f 2022/1837/1822 2021/1849/1822 2036/1858/1822 2037/1862/1822
f 2015/1836/1823 2014/1835/1823 2029/1860/1823 2030/1863/1823
f 2023/1838/1824 2022/1837/1824 2037/1862/1824 2038/1864/1824
f 2016/1839/1825 2015/1836/1825 2030/1863/1825 2031/1865/1825
f 2024/1840/1826 2023/1838/1826 2038/1864/1826 2039/1866/1826
f 2017/1841/1827 2016/1839/1827 2031/1865/1827 2032/1867/1827
f 2025/1842/1828 2024/1840/1828 2039/1866/1828 2040/1868/1828
f 2018/1843/1829 2017/1841/1829 2032/1867/1829 2033/1852/1829
f 2026/1844/1830 2025/1842/1830 2040/1868/1830 2041/1854/1830
f 2038/1864/1831 2037/1862/1831 2052/1869/1831 2053/1870/1831
f 2031/1865/1832 2030/1863/1832 2045/1871/1832 2046/1872/1832
f 2039/1866/1833 2038/1864/1833 2053/1870/1833 2054/1873/1833
f 2032/1867/1834 2031/1865/1834 2046/1872/1834 2047/1874/1834
f 2040/1868/1835 2039/1866/1835 2054/1873/1835 2055/1875/1835
f 2033/1852/1836 2032/1867/1836 2047/1874/1836 2048/1876/1836
f 2041/1854/1837 2040/1868/1837 2055/1875/1837 2056/1877/1837
f 2034/1853/1838 2033/1852/1838 2048/1876/1838 2049/1878/1838
f 2042/1855/1839 2041/1854/1839 2056/1877/1839 2057/1879/1839
f 2035/1856/1840 2034/1853/1840 2049/1878/1840 2050/1880/1840
f 2043/1857/1841 2042/1855/1841 2057/1879/1841 2058/1881/1841
f 2036/1858/1842 2035/1856/1842 2050/1880/1842 2051/1882/1842
f 2029/1860/1843 1976/1883/1843 2044/1884/1843
f 1983/1885/1844 2043/1857/1844 2058/1881/1844
f 2037/1862/1845 2036/1858/1845 2051/1882/1845 2052/1869/1845
f 2030/1863/1846 2029/1860/1846 2044/1884/1846 2045/1871/1846
f 2057/1879/1847 2056/1877/1847 2071/1886/1847 2072/1887/1847
f 2050/1880/1848 2049/1878/1848 2064/1888/1848 2065/1889/1848
f 2058/1881/1849 2057/1879/1849 2072/1887/1849 2073/1890/1849
f 2051/1882/1850 2050/1880/1850 2065/1889/1850 2066/1891/1850
f 2044/1884/1851 1976/1892/1851 2059/1893/1851
f 1983/1894/1852 2058/1881/1852 2073/1890/1852
f 2052/1869/1853 2051/1882/1853 2066/1891/1853 2067/1895/1853
f 2045/1871/1854 2044/1884/1854 2059/1893/1854 2060/1896/1854
f 2053/1870/1855 2052/1869/1855 2067/1895/1855 2068/1897/1855
f 2046/1872/1856 2045/1871/1856 2060/1896/1856 2061/1898/1856
f 2054/1873/1857 2053/1870/1857 2068/1897/1857 2069/1899/1857
f 2047/1874/1858 2046/1872/1858 2061/1898/1858 2062/1900/1858
f 2055/1875/1859 2054/1873/1859 2069/1899/1859 2070/1901/1859
f 2048/1876/1860 2047/1874/1860 2062/1900/1860 2063/1902/1860
f 2056/1877/1861 2055/1875/1861 2070/1901/1861 2071/1886/1861
f 2049/1878/1862 2048/1876/1862 2063/1902/1862 2064/1888/1862
f 2069/1899/1863 2068/1897/1863 2083/1903/1863 2084/1904/1863
f 2062/1900/1864 2061/1898/1864 2076/1905/1864 2077/1906/1864
f 2070/1901/1865 2069/1899/1865 2084/1904/1865 2085/1907/1865
f 2063/1902/1866 2062/1900/1866 2077/1906/1866 2078/1908/1866
f 2071/1886/1867 2070/1901/1867 2085/1907/1867 2086/1909/1867
f 2064/1888/1868 2063/1902/1868 2078/1908/1868 2079/1910/1868
f 2072/1887/1869 2071/1886/1869 2086/1909/1869 2087/1911/1869
f 2065/1889/1870 2064/1888/1870 2079/1910/1870 2080/1912/1870
f 2073/1890/1871 2072/1887/1871 2087/1911/1871 2088/1913/1871
f 2066/1891/1872 2065/1889/1872 2080/1912/1872 2081/1914/1872
f 2059/1893/1873 1976/1915/1873 2074/1916/1873
f 1983/1917/1874 2073/1890/1874 2088/1913/1874
f 2067/1895/1875 2066/1891/1875 2081/1914/1875 2082/1918/1875
f 2060/1896/1876 2059/1893/1876 2074/1916/1876 2075/1919/1876
f 2068/1897/1877 2067/1895/1877 2082/1918/1877 2083/1903/1877
f 2061/1898/1878 2060/1896/1878 2075/1919/1878 2076/1905/1878
f 2088/1913/1879 2087/1911/1879 2102/1920/1879 2103/1921/1879
f 2081/1914/1880 2080/1912/1880 2095/1922/1880 2096/1923/1880
f 2074/1916/1881 1976/1924/1881 2089/1925/1881
f 1983/1926/1882 2088/1913/1882 2103/1921/1882
f 2082/1918/1883 2081/1914/1883 2096/1923/1883 2097/1927/1883
f 2075/1919/1884 2074/1916/1884 2089/1925/1884 2090/1928/1884
f 2083/1903/1885 2082/1918/1885 2097/1927/1885 2098/1929/1885
f 2076/1905/1886 2075/1919/1886 2090/1928/1886 2091/1930/1886
f 2084/1904/1887 2083/1903/1887 2098/1929/1887 2099/1931/1887
f 2077/1906/1888 2076/1905/1888 2091/1930/1888 2092/1932/1888
f 2085/1907/1889 2084/1904/1889 2099/1931/1889 2100/1933/1889
f 2078/1908/1890 2077/1906/1890 2092/1932/1890 2093/1934/1890
f 2086/1909/1891 2085/1907/1891 2100/1933/1891 2101/1935/1891
f 2079/1910/1892 2078/1908/1892 2093/1934/1892 2094/1936/1892
f 2087/1911/1893 2086/1909/1893 2101/1935/1893 2102/1920/1893
f 2080/1912/1894 2079/1910/1894 2094/1936/1894 2095/1922/1894
f 2092/1932/1895 2091/1930/1895 2106/1937/1895 2107/1938/1895
f 2100/1933/1896 2099/1931/1896 2114/1939/1896 2115/1940/1896
f 2093/1934/1897 2092/1932/1897 2107/1938/1897 2108/1941/1897
f 2101/1935/1898 2100/1933/1898 2115/1940/1898 2116/1942/1898
f 2094/1936/1899 2093/1934/1899 2108/1941/1899 2109/1943/1899
f 2102/1920/1900 2101/1935/1900 2116/1942/1900 2117/1944/1900
f 2095/1922/1901 2094/1936/1901 2109/1943/1901 2110/1945/1901
f 2103/1921/1902 2102/1920/1902 2117/1944/1902 2118/1946/1902
f 2096/1923/1903 2095/1922/1903 2110/1945/1903 2111/1947/1903
f 2089/1925/1904 1976/1948/1904 2104/1949/1904
f 1983/1950/1905 2103/1921/1905 2118/1946/1905
f 2097/1927/1906 2096/1923/1906 2111/1947/1906 2112/1951/1906
f 2090/1928/1907 2089/1925/1907 2104/1949/1907 2105/1952/1907
f 2098/1929/1908 2097/1927/1908 2112/1951/1908 2113/1953/1908
f 2091/1930/1909 2090/1928/1909 2105/1952/1909 2106/1937/1909
f 2099/1931/1910 2098/1929/1910 2113/1953/1910 2114/1939/1910
f 2111/1947/1911 2110/1945/1911 2125/1954/1911 2126/1955/1911
f 2104/1949/1912 1976/1956/1912 2119/1957/1912
f 1983/1958/1913 2118/1946/1913 2133/1959/1913
f 2112/1951/1914 2111/1947/1914 2126/1955/1914 2127/1960/1914
f 2105/1952/1915 2104/1949/1915 2119/1957/1915 2120/1961/1915
f 2113/1953/1916 2112/1951/1916 2127/1960/1916 2128/1962/1916
f 2106/1937/1917 2105/1952/1917 2120/1961/1917 2121/1963/1917
f 2114/1939/1918 2113/1953/1918 2128/1962/1918 2129/1964/1918
f 2107/1938/1919 2106/1937/1919 2121/1963/1919 2122/1965/1919
f 2115/1940/1920 2114/1939/1920 2129/1964/1920 2130/1966/1920
f 2108/1941/1921 2107/1938/1921 2122/1965/1921 2123/1967/1921
f 2116/1942/1922 2115/1940/1922 2130/1966/1922 2131/1968/1922
f 2109/1943/1923 2108/1941/1923 2123/1967/1923 2124/1969/1923
f 2117/1944/1924 2116/1942/1924 2131/1968/1924 2132/1970/1924
f 2110/1945/1925 2109/1943/1925 2124/1969/1925 2125/1954/1925
f 2118/1946/1926 2117/1944/1926 2132/1970/1926 2133/1959/1926
f 2130/1966/1927 2129/1964/1927 2144/1971/1927 2145/1972/1927
f 2123/1967/1928 2122/1965/1928 2137/1973/1928 2138/1974/1928
f 2131/1968/1929 2130/1966/1929 2145/1972/1929 2146/1975/1929
f 2124/1969/1930 2123/1967/1930 2138/1974/1930 2139/1976/1930
f 2132/1970/1931 2131/1968/1931 2146/1975/1931 2147/1977/1931
f 2125/1954/1932 2124/1969/1932 2139/1976/1932 2140/1978/1932
f 2133/1959/1933 2132/1970/1933 2147/1977/1933 2148/1979/1933
f 2126/1955/1934 2125/1954/1934 2140/1978/1934 2141/1980/1934
f 2119/1957/1935 1976/1981/1935 2134/1982/1935
f 1983/1983/1936 2133/1959/1936 2148/1979/1936
f 2127/1960/1937 2126/1955/1937 2141/1980/1937 2142/1984/1937
f 2120/1961/1938 2119/1957/1938 2134/1982/1938 2135/1985/1938
f 2128/1962/1939 2127/1960/1939 2142/1984/1939 2143/1986/1939
f 2121/1963/1940 2120/1961/1940 2135/1985/1940 2136/1987/1940
f 2129/1964/1941 2128/1962/1941 2143/1986/1941 2144/1971/1941
f 2122/1965/1942 2121/1963/1942 2136/1987/1942 2137/1973/1942
f 2134/1982/1943 1976/1988/1943 2149/1989/1943
f 1983/1990/1944 2148/1979/1944 2163/1991/1944
f 2142/1984/1945 2141/1980/1945 2156/1992/1945 2157/1993/1945
f 2135/1985/1946 2134/1982/1946 2149/1989/1946 2150/1994/1946
f 2143/1986/1947 2142/1984/1947 2157/1993/1947 2158/1995/1947
f 2136/1987/1948 2135/1985/1948 2150/1994/1948 2151/1996/1948
f 2144/1971/1949 2143/1986/1949 2158/1995/1949 2159/1997/1949
f 2137/1973/1950 2136/1987/1950 2151/1996/1950 2152/1998/1950
f 2145/1972/1951 2144/1971/1951 2159/1997/1951 2160/1999/1951
f 2138/1974/1952 2137/1973/1952 2152/1998/1952 2153/2000/1952
f 2146/1975/1953 2145/1972/1953 2160/1999/1953 2161/2001/1953
f 2139/1976/1954 2138/1974/1954 2153/2000/1954 2154/2002/1954
f 2147/1977/1955 2146/1975/1955 2161/2001/1955 2162/2003/1955
f 2140/1978/1956 2139/1976/1956 2154/2002/1956 2155/2004/1956
f 2148/1979/1957 2147/1977/1957 2162/2003/1957 2163/1991/1957
f 2141/1980/1958 2140/1978/1958 2155/2004/1958 2156/1992/1958
f 2153/2000/1959 2152/1998/1959 2167/2005/1959 2168/2006/1959
f 2161/2001/1960 2160/1999/1960 2175/2007/1960 2176/2008/1960
f 2154/2002/1961 2153/2000/1961 2168/2006/1961 2169/2009/1961
f 2162/2003/1962 2161/2001/1962 2176/2008/1962 2177/2010/1962
f 2155/2004/1963 2154/2002/1963 2169/2009/1963 2170/2011/1963
f 2163/1991/1964 2162/2003/1964 2177/2010/1964 2178/2012/1964
f 2156/1992/1965 2155/2004/1965 2170/2011/1965 2171/2013/1965
f 2149/1989/1966 1976/2014/1966 2164/2015/1966
f 1983/2016/1967 2163/1991/1967 2178/2012/1967
f 2157/1993/1968 2156/1992/1968 2171/2013/1968 2172/2017/1968
f 2150/1994/1969 2149/1989/1969 2164/2015/1969 2165/2018/1969
f 2158/1995/1970 2157/1993/1970 2172/2017/1970 2173/2019/1970
f 2151/1996/1971 2150/1994/1971 2165/2018/1971 2166/2020/1971
f 2159/1997/1972 2158/1995/1972 2173/2019/1972 2174/2021/1972
f 2152/1998/1973 2151/1996/1973 2166/2020/1973 2167/2005/1973
f 2160/1999/1974 2159/1997/1974 2174/2021/1974 2175/2007/1974
f 2172/2017/1975 2171/2013/1975 2186/2022/1975 2187/2023/1975
f 2165/2018/1976 2164/2015/1976 2179/2024/1976 2180/2025/1976
f 2173/2019/1977 2172/2017/1977 2187/2023/1977 2188/2026/1977
f 2166/2020/1978 2165/2018/1978 2180/2025/1978 2181/2027/1978
f 2174/2021/1979 2173/2019/1979 2188/2026/1979 2189/2028/1979
f 2167/2005/1980 2166/2020/1980 2181/2027/1980 2182/2029/1980
f 2175/2007/1981 2174/2021/1981 2189/2028/1981 2190/2030/1981
f 2168/2006/1982 2167/2005/1982 2182/2029/1982 2183/2031/1982
f 2176/2008/1983 2175/2007/1983 2190/2030/1983 2191/2032/1983
f 2169/2009/1984 2168/2006/1984 2183/2031/1984 2184/2033/1984
f 2177/2010/1985 2176/2008/1985 2191/2032/1985 2192/2034/1985
f 2170/2011/1986 2169/2009/1986 2184/2033/1986 2185/2035/1986
f 2178/2012/1987 2177/2010/1987 2192/2034/1987 2193/2036/1987
f 2171/2013/1988 2170/2011/1988 2185/2035/1988 2186/2022/1988
f 2164/2015/1989 1976/2037/1989 2179/2024/1989
f 1983/2038/1990 2178/2012/1990 2193/2036/1990
f 2191/2032/1991 2190/2030/1991 2205/2039/1991 2206/2040/1991
f 2184/2033/1992 2183/2031/1992 2198/2041/1992 2199/2042/1992
f 2192/2034/1993 2191/2032/1993 2206/2040/1993 2207/2043/1993
f 2185/2035/1994 2184/2033/1994 2199/2042/1994 2200/2044/1994
f 2193/2036/1995 2192/2034/1995 2207/2043/1995 2208/2045/1995
f 2186/2022/1996 2185/2035/1996 2200/2044/1996 2201/2046/1996
f 2179/2024/1997 1976/2047/1997 2194/2048/1997
f 1983/2049/1998 2193/2036/1998 2208/2045/1998
f 2187/2023/1999 2186/2022/1999 2201/2046/1999 2202/2050/1999
f 2180/2025/2000 2179/2024/2000 2194/2048/2000 2195/2051/2000
f 2188/2026/2001 2187/2023/2001 2202/2050/2001 2203/2052/2001
f 2181/2027/2002 2180/2025/2002 2195/2051/2002 2196/2053/2002
f 2189/2028/2003 2188/2026/2003 2203/2052/2003 2204/2054/2003
f 2182/2029/2004 2181/2027/2004 2196/2053/2004 2197/2055/2004
f 2190/2030/2005 2189/2028/2005 2204/2054/2005 2205/2039/2005
f 2183/2031/2006 2182/2029/2006 2197/2055/2006 2198/2041/2006
f 2203/2052/2007 2202/2050/2007 2217/2056/2007 2218/2057/2007
f 2196/2053/2008 2195/2051/2008 2210/2058/2008 2211/2059/2008
f 2204/2054/2009 2203/2052/2009 2218/2057/2009 2219/2060/2009
f 2197/2055/2010 2196/2053/2010 2211/2059/2010 2212/2061/2010
f 2205/2039/2011 2204/2054/2011 2219/2060/2011 2220/2062/2011
f 2198/2041/2012 2197/2055/2012 2212/2061/2012 2213/2063/2012
f 2206/2040/2013 2205/2039/2013 2220/2062/2013 2221/2064/2013
f 2199/2042/2014 2198/2041/2014 2213/2063/2014 2214/2065/2014
f 2207/2043/2015 2206/2040/2015 2221/2064/2015 2222/2066/2015
f 2200/2044/2016 2199/2042/2016 2214/2065/2016 2215/2067/2016
f 2208/2045/2017 2207/2043/2017 2222/2066/2017 2223/2068/2017
f 2201/2046/2018 2200/2044/2018 2215/2067/2018 2216/2069/2018
f 2194/2048/2019 1976/2070/2019 2209/2071/2019
f 1983/2072/2020 2208/2045/2020 2223/2068/2020
f 2202/2050/2021 2201/2046/2021 2216/2069/2021 2217/2056/2021
f 2195/2051/2022 2194/2048/2022 2209/2071/2022 2210/2058/2022
f 2222/2066/2023 2221/2064/2023 2236/2073/2023 2237/2074/2023
f 2215/2067/2024 2214/2065/2024 2229/2075/2024 2230/2076/2024
f 2223/2068/2025 2222/2066/2025 2237/2074/2025 2238/2077/2025
f 2216/2069/2026 2215/2067/2026 2230/2076/2026 2231/2078/2026
f 2209/2071/2027 1976/2079/2027 2224/2080/2027
f 1983/2081/2028 2223/2068/2028 2238/2077/2028
f 2217/2056/2029 2216/2069/2029 2231/2078/2029 2232/2082/2029
f 2210/2058/2030 2209/2071/2030 2224/2080/2030 2225/2083/2030
f 2218/2057/2031 2217/2056/2031 2232/2082/2031 2233/2084/2031
f 2211/2059/2032 2210/2058/2032 2225/2083/2032 2226/2085/2032
f 2219/2060/2033 2218/2057/2033 2233/2084/2033 2234/2086/2033
f 2212/2061/2034 2211/2059/2034 2226/2085/2034 2227/2087/2034
f 2220/2062/2035 2219/2060/2035 2234/2086/2035 2235/2088/2035
f 2213/2063/2036 2212/2061/2036 2227/2087/2036 2228/2089/2036
f 2221/2064/2037 2220/2062/2037 2235/2088/2037 2236/2073/2037
f 2214/2065/2038 2213/2063/2038 2228/2089/2038 2229/2075/2038
f 2226/2085/2039 2225/2083/2039 2240/2090/2039 2241/2091/2039
f 2234/2086/2040 2233/2084/2040 2248/2092/2040 2249/2093/2040
f 2227/2087/2041 2226/2085/2041 2241/2091/2041 2242/2094/2041
f 2235/2088/2042 2234/2086/2042 2249/2093/2042 2250/2095/2042
f 2228/2089/2043 2227/2087/2043 2242/2094/2043 2243/2096/2043
f 2236/2073/2044 2235/2088/2044 2250/2095/2044 2251/2097/2044
f 2229/2075/2045 2228/2089/2045 2243/2096/2045 2244/2098/2045
f 2237/2074/2046 2236/2073/2046 2251/2097/2046 2252/2099/2046
f 2230/2076/2047 2229/2075/2047 2244/2098/2047 2245/2100/2047
f 2238/2077/2048 2237/2074/2048 2252/2099/2048 2253/2101/2048
f 2231/2078/2049 2230/2076/2049 2245/2100/2049 2246/2102/2049
f 2224/2080/2050 1976/2103/2050 2239/2104/2050
f 1983/2105/2051 2238/2077/2051 2253/2101/2051
f 2232/2082/2052 2231/2078/2052 2246/2102/2052 2247/2106/2052
f 2225/2083/2053 2224/2080/2053 2239/2104/2053 2240/2090/2053
f 2233/2084/2054 2232/2082/2054 2247/2106/2054 2248/2092/2054
f 2245/2100/2055 2244/2098/2055 2259/2107/2055 2260/2108/2055
f 2253/2101/2056 2252/2099/2056 2267/2109/2056 2268/2110/2056
f 2246/2102/2057 2245/2100/2057 2260/2108/2057 2261/2111/2057
f 2239/2104/2058 1976/2112/2058 2254/2113/2058
f 1983/2114/2059 2253/2101/2059 2268/2110/2059
f 2247/2106/2060 2246/2102/2060 2261/2111/2060 2262/2115/2060
f 2240/2090/2061 2239/2104/2061 2254/2113/2061 2255/2116/2061
f 2248/2092/2062 2247/2106/2062 2262/2115/2062 2263/2117/2062
f 2241/2091/2063 2240/2090/2063 2255/2116/2063 2256/2118/2063
f 2249/2093/2064 2248/2092/2064 2263/2117/2064 2264/2119/2064
f 2242/2094/2065 2241/2091/2065 2256/2118/2065 2257/2120/2065
f 2250/2095/2066 2249/2093/2066 2264/2119/2066 2265/2121/2066
f 2243/2096/2067 2242/2094/2067 2257/2120/2067 2258/2122/2067
f 2251/2097/2068 2250/2095/2068 2265/2121/2068 2266/2123/2068
f 2244/2098/2069 2243/2096/2069 2258/2122/2069 2259/2107/2069
f 2252/2099/2070 2251/2097/2070 2266/2123/2070 2267/2109/2070
f 2264/2119/2071 2263/2117/2071 2278/2124/2071 2279/2125/2071
f 2257/2120/2072 2256/2118/2072 2271/2126/2072 2272/2127/2072
f 2265/2121/2073 2264/2119/2073 2279/2125/2073 2280/2128/2073
f 2258/2122/2074 2257/2120/2074 2272/2127/2074 2273/2129/2074
f 2266/2123/2075 2265/2121/2075 2280/2128/2075 2281/2130/2075
f 2259/2107/2076 2258/2122/2076 2273/2129/2076 2274/2131/2076
f 2267/2109/2077 2266/2123/2077 2281/2130/2077 2282/2132/2077
f 2260/2108/2078 2259/2107/2078 2274/2131/2078 2275/2133/2078
f 2268/2110/2079 2267/2109/2079 2282/2132/2079 2283/2134/2079
f 2261/2111/2080 2260/2108/2080 2275/2133/2080 2276/2135/2080
f 2254/2113/2081 1976/2136/2081 2269/2137/2081
f 1983/2138/2082 2268/2110/2082 2283/2134/2082
f 2262/2115/2083 2261/2111/2083 2276/2135/2083 2277/2139/2083
f 2255/2116/2084 2254/2113/2084 2269/2137/2084 2270/2140/2084
f 2263/2117/2085 2262/2115/2085 2277/2139/2085 2278/2124/2085
f 2256/2118/2086 2255/2116/2086 2270/2140/2086 2271/2126/2086
f 2283/2134/2087 2282/2132/2087 2297/2141/2087 2298/2142/2087
f 2276/2135/2088 2275/2133/2088 2290/2143/2088 2291/2144/2088
f 2269/2137/2089 1976/2145/2089 2284/2146/2089
f 1983/2147/2090 2283/2134/2090 2298/2142/2090
f 2277/2139/2091 2276/2135/2091 2291/2144/2091 2292/2148/2091
f 2270/2140/2092 2269/2137/2092 2284/2146/2092 2285/2149/2092
f 2278/2124/2093 2277/2139/2093 2292/2148/2093 2293/2150/2093
f 2271/2126/2094 2270/2140/2094 2285/2149/2094 2286/2151/2094
f 2279/2125/2095 2278/2124/2095 2293/2150/2095 2294/2152/2095
f 2272/2127/2096 2271/2126/2096 2286/2151/2096 2287/2153/2096
f 2280/2128/2097 2279/2125/2097 2294/2152/2097 2295/2154/2097
f 2273/2129/2098 2272/2127/2098 2287/2153/2098 2288/2155/2098
f 2281/2130/2099 2280/2128/2099 2295/2154/2099 2296/2156/2099
f 2274/2131/2100 2273/2129/2100 2288/2155/2100 2289/2157/2100
f 2282/2132/2101 2281/2130/2101 2296/2156/2101 2297/2141/2101
f 2275/2133/2102 2274/2131/2102 2289/2157/2102 2290/2143/2102
f 2287/2153/2103 2286/2151/2103 2301/2158/2103 2302/2159/2103
f 2295/2154/2104 2294/2152/2104 2309/2160/2104 2310/2161/2104
f 2288/2155/2105 2287/2153/2105 2302/2159/2105 2303/2162/2105
f 2296/2156/2106 2295/2154/2106 2310/2161/2106 2311/2163/2106
f 2289/2157/2107 2288/2155/2107 2303/2162/2107 2304/2164/2107
f 2297/2141/2108 2296/2156/2108 2311/2163/2108 2312/2165/2108
f 2290/2143/2109 2289/2157/2109 2304/2164/2109 2305/2166/2109
f 2298/2142/2110 2297/2141/2110 2312/2165/2110 2313/2167/2110
f 2291/2144/2111 2290/2143/2111 2305/2166/2111 2306/2168/2111
f 2284/2146/2112 1976/2169/2112 2299/2170/2112
f 1983/2171/2113 2298/2142/2113 2313/2167/2113
f 2292/2148/2114 2291/2144/2114 2306/2168/2114 2307/2172/2114
f 2285/2149/2115 2284/2146/2115 2299/2170/2115 2300/2173/2115
f 2293/2150/2116 2292/2148/2116 2307/2172/2116 2308/2174/2116
f 2286/2151/2117 2285/2149/2117 2300/2173/2117 2301/2158/2117
f 2294/2152/2118 2293/2150/2118 2308/2174/2118 2309/2160/2118
f 2306/2168/2119 2305/2166/2119 2320/2175/2119 2321/2176/2119
f 2299/2170/2120 1976/2177/2120 2314/2178/2120
f 1983/2179/2121 2313/2167/2121 2328/2180/2121
f 2307/2172/2122 2306/2168/2122 2321/2176/2122 2322/2181/2122
f 2300/2173/2123 2299/2170/2123 2314/2178/2123 2315/2182/2123
f 2308/2174/2124 2307/2172/2124 2322/2181/2124 2323/2183/2124
f 2301/2158/2125 2300/2173/2125 2315/2182/2125 2316/2184/2125
f 2309/2160/2126 2308/2174/2126 2323/2183/2126 2324/2185/2126
f 2302/2159/2127 2301/2158/2127 2316/2184/2127 2317/2186/2127
f 2310/2161/2128 2309/2160/2128 2324/2185/2128 2325/2187/2128
f 2303/2162/2129 2302/2159/2129 2317/2186/2129 2318/2188/2129
f 2311/2163/2130 2310/2161/2130 2325/2187/2130 2326/2189/2130
f 2304/2164/2131 2303/2162/2131 2318/2188/2131 2319/2190/2131
f 2312/2165/2132 2311/2163/2132 2326/2189/2132 2327/2191/2132
f 2305/2166/2133 2304/2164/2133 2319/2190/2133 2320/2175/2133
f 2313/2167/2134 2312/2165/2134 2327/2191/2134 2328/2180/2134
f 2325/2187/2135 2324/2185/2135 2339/2192/2135 2340/2193/2135
f 2318/2188/2136 2317/2186/2136 2332/2194/2136 2333/2195/2136
f 2326/2189/2137 2325/2187/2137 2340/2193/2137 2341/2196/2137
f 2319/2190/2138 2318/2188/2138 2333/2195/2138 2334/2197/2138
f 2327/2191/2139 2326/2189/2139 2341/2196/2139 2342/2198/2139
f 2320/2175/2140 2319/2190/2140 2334/2197/2140 2335/2199/2140
f 2328/2180/2141 2327/2191/2141 2342/2198/2141 2343/2200/2141
f 2321/2176/2142 2320/2175/2142 2335/2199/2142 2336/2201/2142
f 2314/2178/2143 1976/2202/2143 2329/2203/2143
f 1983/2204/2144 2328/2180/2144 2343/2200/2144
f 2322/2181/2145 2321/2176/2145 2336/2201/2145 2337/2205/2145
f 2315/2182/2146 2314/2178/2146 2329/2203/2146 2330/2206/2146
f 2323/2183/2147 2322/2181/2147 2337/2205/2147 2338/2207/2147
f 2316/2184/2148 2315/2182/2148 2330/2206/2148 2331/2208/2148
f 2324/2185/2149 2323/2183/2149 2338/2207/2149 2339/2192/2149
f 2317/2186/2150 2316/2184/2150 2331/2208/2150 2332/2194/2150
f 1983/2209/2151 2343/2210/2151 2358/2211/2151
f 2337/2212/2152 2336/2213/2152 2351/2214/2152 2352/2215/2152
f 2330/2216/2153 2329/2217/2153 2344/2218/2153 2345/2219/2153
f 2338/2220/2154 2337/2212/2154 2352/2215/2154 2353/2221/2154
f 2331/2222/2155 2330/2216/2155 2345/2219/2155 2346/2223/2155
f 2339/2224/2156 2338/2220/2156 2353/2221/2156 2354/2225/2156
f 2332/2226/2157 2331/2222/2157 2346/2223/2157 2347/2227/2157
f 2340/2228/2158 2339/2224/2158 2354/2225/2158 2355/2229/2158
f 2333/2230/2159 2332/2226/2159 2347/2227/2159 2348/2231/2159
f 2341/2232/2160 2340/2228/2160 2355/2229/2160 2356/2233/2160
f 2334/2234/2161 2333/2230/2161 2348/2231/2161 2349/2235/2161
f 2342/2236/2162 2341/2232/2162 2356/2233/2162 2357/2237/2162
f 2335/2238/2163 2334/2234/2163 2349/2235/2163 2350/2239/2163
f 2343/2210/2164 2342/2236/2164 2357/2237/2164 2358/2211/2164
f 2336/2213/2165 2335/2238/2165 2350/2239/2165 2351/2214/2165
f 2329/2217/2166 1976/2240/2166 2344/2218/2166
f 2356/2233/2167 2355/2229/2167 2370/2241/2167 2371/2242/2167
f 2349/2235/2168 2348/2231/2168 2363/2243/2168 2364/2244/2168
f 2357/2237/2169 2356/2233/2169 2371/2242/2169 2372/2245/2169
f 2350/2239/2170 2349/2235/2170 2364/2244/2170 2365/2246/2170
f 2358/2211/2171 2357/2237/2171 2372/2245/2171 2373/2247/2171
f 2351/2214/2172 2350/2239/2172 2365/2246/2172 2366/2248/2172
f 2344/2218/2173 1976/2249/2173 2359/2250/2173
f 1983/2251/2174 2358/2211/2174 2373/2247/2174
f 2352/2215/2175 2351/2214/2175 2366/2248/2175 2367/2252/2175
f 2345/2219/2176 2344/2218/2176 2359/2250/2176 2360/2253/2176
f 2353/2221/2177 2352/2215/2177 2367/2252/2177 2368/2254/2177
f 2346/2223/2178 2345/2219/2178 2360/2253/2178 2361/2255/2178
f 2354/2225/2179 2353/2221/2179 2368/2254/2179 2369/2256/2179
f 2347/2227/2180 2346/2223/2180 2361/2255/2180 2362/2257/2180
f 2355/2229/2181 2354/2225/2181 2369/2256/2181 2370/2241/2181
f 2348/2231/2182 2347/2227/2182 2362/2257/2182 2363/2243/2182
f 2360/2253/2183 2359/2250/2183 2374/2258/2183 2375/2259/2183
f 2368/2254/2184 2367/2252/2184 2382/2260/2184 2383/2261/2184
f 2361/2255/2185 2360/2253/2185 2375/2259/2185 2376/2262/2185
f 2369/2256/2186 2368/2254/2186 2383/2261/2186 2384/2263/2186
f 2362/2257/2187 2361/2255/2187 2376/2262/2187 2377/2264/2187
f 2370/2241/2188 2369/2256/2188 2384/2263/2188 2385/2265/2188
f 2363/2243/2189 2362/2257/2189 2377/2264/2189 2378/2266/2189
f 2371/2242/2190 2370/2241/2190 2385/2265/2190 2386/2267/2190
f 2364/2244/2191 2363/2243/2191 2378/2266/2191 2379/2268/2191
f 2372/2245/2192 2371/2242/2192 2386/2267/2192 2387/2269/2192
f 2365/2246/2193 2364/2244/2193 2379/2268/2193 2380/2270/2193
f 2373/2247/2194 2372/2245/2194 2387/2269/2194 2388/2271/2194
f 2366/2248/2195 2365/2246/2195 2380/2270/2195 2381/2272/2195
f 2359/2250/2196 1976/2273/2196 2374/2258/2196
f 1983/2274/2197 2373/2247/2197 2388/2271/2197
f 2367/2252/2198 2366/2248/2198 2381/2272/2198 2382/2260/2198
f 2379/2268/2199 2378/2266/2199 2393/2275/2199 2394/2276/2199
f 2387/2269/2200 2386/2267/2200 2401/2277/2200 2402/2278/2200
f 2380/2270/2201 2379/2268/2201 2394/2276/2201 2395/2279/2201
f 2388/2271/2202 2387/2269/2202 2402/2278/2202 2403/2280/2202
f 2381/2272/2203 2380/2270/2203 2395/2279/2203 2396/2281/2203
f 2374/2258/2204 1976/2282/2204 2389/2283/2204
f 1983/2284/2205 2388/2271/2205 2403/2280/2205
f 2382/2260/2206 2381/2272/2206 2396/2281/2206 2397/2285/2206
f 2375/2259/2207 2374/2258/2207 2389/2283/2207 2390/2286/2207
f 2383/2261/2208 2382/2260/2208 2397/2285/2208 2398/2287/2208
f 2376/2262/2209 2375/2259/2209 2390/2286/2209 2391/2288/2209
f 2384/2263/2210 2383/2261/2210 2398/2287/2210 2399/2289/2210
f 2377/2264/2211 2376/2262/2211 2391/2288/2211 2392/2290/2211
f 2385/2265/2212 2384/2263/2212 2399/2289/2212 2400/2291/2212
f 2378/2266/2213 2377/2264/2213 2392/2290/2213 2393/2275/2213
f 2386/2267/2214 2385/2265/2214 2400/2291/2214 2401/2277/2214
f 2398/2287/2215 2397/2285/2215 2412/2292/2215 2413/2293/2215
f 2391/2288/2216 2390/2286/2216 2405/2294/2216 2406/2295/2216
f 2399/2289/2217 2398/2287/2217 2413/2293/2217 2414/2296/2217
f 2392/2290/2218 2391/2288/2218 2406/2295/2218 2407/2297/2218
f 2400/2291/2219 2399/2289/2219 2414/2296/2219 2415/2298/2219
f 2393/2275/2220 2392/2290/2220 2407/2297/2220 2408/2299/2220
f 2401/2277/2221 2400/2291/2221 2415/2298/2221 2416/2300/2221
f 2394/2276/2222 2393/2275/2222 2408/2299/2222 2409/2301/2222
f 2402/2278/2223 2401/2277/2223 2416/2300/2223 2417/2302/2223
f 2395/2279/2224 2394/2276/2224 2409/2301/2224 2410/2303/2224
f 2403/2280/2225 2402/2278/2225 2417/2302/2225 2418/2304/2225
f 2396/2281/2226 2395/2279/2226 2410/2303/2226 2411/2305/2226
f 2389/2283/2227 1976/2306/2227 2404/2307/2227
f 1983/2308/2228 2403/2280/2228 2418/2304/2228
f 2397/2285/2229 2396/2281/2229 2411/2305/2229 2412/2292/2229
f 2390/2286/2230 2389/2283/2230 2404/2307/2230 2405/2294/2230
f 2417/2302/2231 2416/2300/2231 2431/2309/2231 2432/2310/2231
f 2410/2303/2232 2409/2301/2232 2424/2311/2232 2425/2312/2232
f 2418/2304/2233 2417/2302/2233 2432/2310/2233 2433/2313/2233
f 2411/2305/2234 2410/2303/2234 2425/2312/2234 2426/2314/2234
f 2404/2307/2235 1976/2315/2235 2419/2316/2235
f 1983/2317/2236 2418/2304/2236 2433/2313/2236
f 2412/2292/2237 2411/2305/2237 2426/2314/2237 2427/2318/2237
f 2405/2294/2238 2404/2307/2238 2419/2316/2238 2420/2319/2238
f 2413/2293/2239 2412/2292/2239 2427/2318/2239 2428/2320/2239
f 2406/2295/2240 2405/2294/2240 2420/2319/2240 2421/2321/2240
f 2414/2296/2241 2413/2293/2241 2428/2320/2241 2429/2322/2241
f 2407/2297/2242 2406/2295/2242 2421/2321/2242 2422/2323/2242
f 2415/2298/2243 2414/2296/2243 2429/2322/2243 2430/2324/2243
f 2408/2299/2244 2407/2297/2244 2422/2323/2244 2423/2325/2244
f 2416/2300/2245 2415/2298/2245 2430/2324/2245 2431/2309/2245
f 2409/2301/2246 2408/2299/2246 2423/2325/2246 2424/2311/2246
f 2421/2321/2247 2420/2319/2247 2435/2326/2247 2436/2327/2247
f 2429/2322/2248 2428/2320/2248 2443/2328/2248 2444/2329/2248
f 2422/2323/2249 2421/2321/2249 2436/2327/2249 2437/2330/2249
f 2430/2324/2250 2429/2322/2250 2444/2329/2250 2445/2331/2250
f 2423/2325/2251 2422/2323/2251 2437/2330/2251 2438/2332/2251
f 2431/2309/2252 2430/2324/2252 2445/2331/2252 2446/2333/2252
f 2424/2311/2253 2423/2325/2253 2438/2332/2253 2439/2334/2253
f 2432/2310/2254 2431/2309/2254 2446/2333/2254 2447/2335/2254
f 2425/2312/2255 2424/2311/2255 2439/2334/2255 2440/2336/2255
f 2433/2313/2256 2432/2310/2256 2447/2335/2256 2448/2337/2256
f 2426/2314/2257 2425/2312/2257 2440/2336/2257 2441/2338/2257
f 2419/2316/2258 1976/2339/2258 2434/2340/2258
f 1983/2341/2259 2433/2313/2259 2448/2337/2259
f 2427/2318/2260 2426/2314/2260 2441/2338/2260 2442/2342/2260
f 2420/2319/2261 2419/2316/2261 2434/2340/2261 2435/2326/2261
f 2428/2320/2262 2427/2318/2262 2442/2342/2262 2443/2328/2262
f 2440/2336/2263 2439/2334/2263 2452/1791/2263 1979/1790/2263
f 2448/2337/2264 2447/2335/2264 2456/1786/2264 2457/1794/2264
f 2441/2338/2265 2440/2336/2265 1979/1790/2265 1980/1796/2265
f 2434/2340/2266 1976/2343/2266 2449/1798/2266
f 1983/2344/2267 2448/2337/2267 2457/1794/2267
f 2442/2342/2268 2441/2338/2268 1980/1796/2268 1981/1802/2268
f 2435/2326/2269 2434/2340/2269 2449/1798/2269 2450/1804/2269
f 2443/2328/2270 2442/2342/2270 1981/1802/2270 2453/1806/2270
f 2436/2327/2271 2435/2326/2271 2450/1804/2271 1977/1808/2271
f 2444/2329/2272 2443/2328/2272 2453/1806/2272 1982/1810/2272
f 2437/2330/2273 2436/2327/2273 1977/1808/2273 2451/1812/2273
f 2445/2331/2274 2444/2329/2274 1982/1810/2274 2454/1814/2274
f 2438/2332/2275 2437/2330/2275 2451/1812/2275 1978/1816/2275
f 2446/2333/2276 2445/2331/2276 2454/1814/2276 2455/1787/2276
f 2439/2334/2277 2438/2332/2277 1978/1816/2277 2452/1791/2277
f 2447/2335/2278 2446/2333/2278 2455/1787/2278 2456/1786/2278
o Circle.003
v -0.304548 0.108828 -0.271014
v -0.303684 0.120827 -0.271820
v -0.301125 0.132366 -0.274208
v -0.296969 0.143000 -0.278086
v -0.291376 0.152321 -0.283304
v -0.284561 0.159970 -0.289663
v -0.276786 0.165654 -0.296917
v -0.268349 0.169154 -0.304789
v -0.259575 0.170336 -0.312975
v -0.250801 0.169154 -0.321161
v -0.242364 0.165654 -0.329032
v -0.234589 0.159970 -0.336287
v -0.227774 0.152321 -0.342645
v -0.222181 0.143000 -0.347864
v -0.218025 0.132366 -0.351741
v -0.215466 0.120827 -0.354129
v -0.214602 0.108828 -0.354935
v -0.215466 0.096828 -0.354129
v -0.218025 0.085289 -0.351741
v -0.222181 0.074655 -0.347864
v -0.227774 0.065334 -0.342645
v -0.234589 0.057685 -0.336287
v -0.242364 0.052001 -0.329032
v -0.250801 0.048501 -0.321161
v -0.259575 0.047319 -0.312975
v -0.268349 0.048501 -0.304789
v -0.276786 0.052001 -0.296917
v -0.284561 0.057685 -0.289663
v -0.291376 0.065334 -0.283304
v -0.296969 0.074655 -0.278086
v -0.301125 0.085289 -0.274208
v -0.303684 0.096828 -0.271820
v -0.232188 0.112103 -0.250421
v -0.230424 0.115981 -0.249169
v -0.228092 0.119709 -0.248559
v -0.225281 0.123146 -0.248614
v -0.222099 0.126158 -0.249332
v -0.218668 0.128629 -0.250686
v -0.215121 0.130466 -0.252624
v -0.211593 0.131597 -0.255070
v -0.208220 0.131979 -0.257932
v -0.205131 0.131597 -0.261099
v -0.202446 0.130466 -0.264449
v -0.200268 0.128629 -0.267854
v -0.198680 0.126158 -0.271183
v -0.197743 0.123146 -0.274307
v -0.197493 0.119709 -0.277108
v -0.197940 0.115981 -0.279477
v -0.199067 0.112103 -0.281322
v -0.200831 0.108226 -0.282575
v -0.203163 0.104497 -0.283185
v -0.205974 0.101061 -0.283130
v -0.209156 0.098049 -0.282411
v -0.212587 0.095577 -0.281057
v -0.216134 0.093740 -0.279120
v -0.219662 0.092609 -0.276673
v -0.223035 0.092228 -0.273812
v -0.226124 0.092609 -0.270645
v -0.228809 0.093740 -0.267294
v -0.230987 0.095577 -0.263889
v -0.232576 0.098049 -0.260561
v -0.233512 0.101061 -0.257436
v -0.233762 0.104497 -0.254636
v -0.233315 0.108226 -0.252267
v -0.194511 0.008747 -0.225189
v -0.196093 0.007423 -0.226531
v -0.192636 0.010019 -0.224227
v -0.190542 0.011192 -0.223683
v -0.188308 0.012220 -0.223577
v -0.186021 0.013063 -0.223915
v -0.183768 0.013690 -0.224682
v -0.181636 0.014076 -0.225849
v -0.179706 0.014206 -0.227371
v -0.178054 0.014076 -0.229190
v -0.176742 0.013690 -0.231237
v -0.175821 0.013063 -0.233431
v -0.175326 0.012220 -0.235690
v -0.175277 0.011192 -0.237926
v -0.175674 0.010019 -0.240053
v -0.176504 0.008747 -0.241989
v -0.177734 0.007423 -0.243661
v -0.179316 0.006100 -0.245003
v -0.181191 0.004828 -0.245965
v -0.183285 0.003655 -0.246509
v -0.185519 0.002627 -0.246614
v -0.187806 0.001784 -0.246277
v -0.190059 0.001157 -0.245510
v -0.192191 0.000771 -0.244343
v -0.194121 0.000641 -0.242821
v -0.195773 0.000771 -0.241001
v -0.197085 0.001157 -0.238955
v -0.198006 0.001784 -0.236760
v -0.198501 0.002627 -0.234502
v -0.198550 0.003655 -0.232266
v -0.198152 0.004828 -0.230139
v -0.197323 0.006100 -0.228203
vn -0.8229 0.5668 -0.0388
vn -0.1142 -0.8502 -0.5140
vn -0.7462 0.6517 -0.1360
vn -0.2427 -0.8872 -0.3924
vn -0.6628 0.7111 -0.2346
vn -0.3747 -0.8872 -0.2693
vn -0.5750 0.7482 -0.3310
vn -0.5049 -0.8502 -0.1495
vn -0.4838 0.7659 -0.4235
vn -0.6281 -0.7772 -0.0382
vn -0.3890 0.7659 -0.5120
vn -0.7393 -0.6707 0.0594
vn -0.2904 0.7482 -0.5966
vn -0.8336 -0.5348 0.1380
vn -0.1881 0.7111 -0.6774
vn -0.9066 -0.3754 0.1928
vn 0.2844 -0.0202 -0.9585
vn -0.0840 0.6517 -0.7538
vn -0.9547 -0.2006 0.2199
vn 0.2854 -0.2006 -0.9372
vn 0.0182 0.5668 -0.8236
vn -0.9759 -0.0202 0.2174
vn 0.2551 -0.3754 -0.8911
vn 0.1131 0.4547 -0.8834
vn -0.9702 0.1553 0.1859
vn 0.1954 -0.5348 -0.8221
vn 0.1936 0.3161 -0.9288
vn -0.9399 0.3161 0.1288
vn 0.1105 -0.6707 -0.7334
vn 0.2526 0.1553 -0.9550
vn -0.8891 0.4547 0.0516
vn 0.0054 -0.7772 -0.6292
vn -0.9336 -0.0650 0.3525
vn 0.4162 -0.0650 -0.9069
vn 0.9449 0.3203 -0.0676
vn -0.8439 0.0198 0.5361
vn 0.2290 -0.1415 -0.9631
vn 0.9254 0.2625 -0.2733
vn -0.7080 0.1072 0.6980
vn 0.0432 -0.2062 -0.9775
vn 0.8588 0.1902 -0.4757
vn -0.5340 0.1902 0.8238
vn -0.1336 -0.2577 -0.9569
vn 0.7454 0.1072 -0.6580
vn -0.3368 0.2625 0.9043
vn -0.2976 -0.2957 -0.9077
vn -0.1328 0.3203 0.9379
vn -0.4471 -0.3207 -0.8350
vn 0.0643 0.3632 0.9295
vn -0.5815 -0.3331 -0.7422
vn 0.2465 0.3924 0.8861
vn -0.7002 -0.3331 -0.6315
vn 0.4101 0.4103 0.8146
vn -0.8020 -0.3207 -0.5039
vn 0.5543 0.4187 0.7193
vn -0.8849 -0.2957 -0.3597
vn 0.6792 0.4187 0.6028
vn -0.9454 -0.2577 -0.1995
vn 0.7842 0.4103 0.4655
vn -0.9782 -0.2062 -0.0246
vn 0.8670 0.3924 0.3072
vn -0.9766 -0.1415 0.1618
vn 0.5933 0.0198 -0.8048
vn 0.9228 0.3632 0.1285
vt 0.000000 0.000000
s 0
usemtl Material.014
f 2477/2345/2279 2478/2345/2279 2510/2345/2279 2509/2345/2279
f 2464/2345/2280 2465/2345/2280 2497/2345/2280 2496/2345/2280
f 2478/2345/2281 2479/2345/2281 2511/2345/2281 2510/2345/2281
f 2465/2345/2282 2466/2345/2282 2498/2345/2282 2497/2345/2282
f 2479/2345/2283 2480/2345/2283 2512/2345/2283 2511/2345/2283
f 2466/2345/2284 2467/2345/2284 2499/2345/2284 2498/2345/2284
f 2480/2345/2285 2481/2345/2285 2513/2345/2285 2512/2345/2285
f 2467/2345/2286 2468/2345/2286 2500/2345/2286 2499/2345/2286
f 2481/2345/2287 2482/2345/2287 2514/2345/2287 2513/2345/2287
f 2468/2345/2288 2469/2345/2288 2501/2345/2288 2500/2345/2288
f 2482/2345/2289 2483/2345/2289 2515/2345/2289 2514/2345/2289
f 2469/2345/2290 2470/2345/2290 2502/2345/2290 2501/2345/2290
f 2483/2345/2291 2484/2345/2291 2516/2345/2291 2515/2345/2291
f 2470/2345/2292 2471/2345/2292 2503/2345/2292 2502/2345/2292
f 2484/2345/2293 2485/2345/2293 2517/2345/2293 2516/2345/2293
f 2471/2345/2294 2472/2345/2294 2504/2345/2294 2503/2345/2294
f 2458/2345/2295 2459/2345/2295 2491/2345/2295 2490/2345/2295
f 2485/2345/2296 2486/2345/2296 2518/2345/2296 2517/2345/2296
f 2472/2345/2297 2473/2345/2297 2505/2345/2297 2504/2345/2297
f 2459/2345/2298 2460/2345/2298 2492/2345/2298 2491/2345/2298
f 2486/2345/2299 2487/2345/2299 2519/2345/2299 2518/2345/2299
f 2473/2345/2300 2474/2345/2300 2506/2345/2300 2505/2345/2300
f 2460/2345/2301 2461/2345/2301 2493/2345/2301 2492/2345/2301
f 2487/2345/2302 2488/2345/2302 2520/2345/2302 2519/2345/2302
f 2474/2345/2303 2475/2345/2303 2507/2345/2303 2506/2345/2303
f 2461/2345/2304 2462/2345/2304 2494/2345/2304 2493/2345/2304
f 2488/2345/2305 2489/2345/2305 2521/2345/2305 2520/2345/2305
f 2475/2345/2306 2476/2345/2306 2508/2345/2306 2507/2345/2306
f 2462/2345/2307 2463/2345/2307 2495/2345/2307 2494/2345/2307
f 2489/2345/2308 2458/2345/2308 2490/2345/2308 2521/2345/2308
f 2476/2345/2309 2477/2345/2309 2509/2345/2309 2508/2345/2309
f 2463/2345/2310 2464/2345/2310 2496/2345/2310 2495/2345/2310
f 2504/2345/2311 2505/2345/2311 2537/2345/2311 2536/2345/2311
f 2491/2345/2312 2492/2345/2312 2524/2345/2312 2522/2345/2312
f 2518/2345/2313 2519/2345/2313 2551/2345/2313 2550/2345/2313
f 2505/2345/2314 2506/2345/2314 2538/2345/2314 2537/2345/2314
f 2492/2345/2315 2493/2345/2315 2525/2345/2315 2524/2345/2315
f 2519/2345/2316 2520/2345/2316 2552/2345/2316 2551/2345/2316
f 2506/2345/2317 2507/2345/2317 2539/2345/2317 2538/2345/2317
f 2493/2345/2318 2494/2345/2318 2526/2345/2318 2525/2345/2318
f 2520/2345/2319 2521/2345/2319 2553/2345/2319 2552/2345/2319
f 2507/2345/2320 2508/2345/2320 2540/2345/2320 2539/2345/2320
f 2494/2345/2321 2495/2345/2321 2527/2345/2321 2526/2345/2321
f 2521/2345/2322 2490/2345/2322 2523/2345/2322 2553/2345/2322
f 2508/2345/2323 2509/2345/2323 2541/2345/2323 2540/2345/2323
f 2495/2345/2324 2496/2345/2324 2528/2345/2324 2527/2345/2324
f 2509/2345/2325 2510/2345/2325 2542/2345/2325 2541/2345/2325
f 2496/2345/2326 2497/2345/2326 2529/2345/2326 2528/2345/2326
f 2510/2345/2327 2511/2345/2327 2543/2345/2327 2542/2345/2327
f 2497/2345/2328 2498/2345/2328 2530/2345/2328 2529/2345/2328
f 2511/2345/2329 2512/2345/2329 2544/2345/2329 2543/2345/2329
f 2498/2345/2330 2499/2345/2330 2531/2345/2330 2530/2345/2330
f 2512/2345/2331 2513/2345/2331 2545/2345/2331 2544/2345/2331
f 2499/2345/2332 2500/2345/2332 2532/2345/2332 2531/2345/2332
f 2513/2345/2333 2514/2345/2333 2546/2345/2333 2545/2345/2333
f 2500/2345/2334 2501/2345/2334 2533/2345/2334 2532/2345/2334
f 2514/2345/2335 2515/2345/2335 2547/2345/2335 2546/2345/2335
f 2501/2345/2336 2502/2345/2336 2534/2345/2336 2533/2345/2336
f 2515/2345/2337 2516/2345/2337 2548/2345/2337 2547/2345/2337
f 2502/2345/2338 2503/2345/2338 2535/2345/2338 2534/2345/2338
f 2516/2345/2339 2517/2345/2339 2549/2345/2339 2548/2345/2339
f 2503/2345/2340 2504/2345/2340 2536/2345/2340 2535/2345/2340
f 2490/2345/2341 2491/2345/2341 2522/2345/2341 2523/2345/2341
f 2517/2345/2342 2518/2345/2342 2550/2345/2342 2549/2345/2342
o Sphere.004
v -0.051879 -0.081962 -0.019291
v -0.040867 -0.007620 -0.095944
v -0.044081 0.060522 -0.119424
v -0.055358 0.131703 -0.116106
v -0.063527 0.165019 -0.104394
v -0.072983 0.195087 -0.086495
v -0.094272 0.241023 -0.035098
v -0.142222 0.242932 0.132491
v -0.053036 -0.063639 -0.050545
v -0.055885 -0.039777 -0.077681
v -0.060316 -0.011294 -0.099656
v -0.066158 0.020716 -0.115627
v -0.073188 0.055023 -0.124980
v -0.081135 0.090309 -0.127354
v -0.089693 0.125217 -0.122659
v -0.098534 0.158406 -0.111075
v -0.107318 0.188601 -0.093048
v -0.115707 0.214640 -0.069269
v -0.123380 0.235525 -0.040654
v -0.130040 0.250451 -0.008301
v -0.135433 0.258845 0.026546
v -0.139351 0.260385 0.062548
v -0.141643 0.255012 0.098321
v -0.059855 -0.065513 -0.050591
v -0.069260 -0.043454 -0.077772
v -0.079733 -0.016632 -0.099788
v -0.090872 0.013923 -0.115795
v -0.102248 0.047035 -0.125177
v -0.113424 0.081433 -0.127573
v -0.123971 0.115794 -0.122892
v -0.133484 0.148799 -0.111313
v -0.141596 0.179178 -0.093281
v -0.147997 0.205764 -0.069489
v -0.152439 0.227536 -0.040851
v -0.154754 0.243657 -0.008469
v -0.154850 0.253508 0.026414
v -0.152726 0.256709 0.062457
v -0.148461 0.253138 0.098275
v -0.066400 -0.067900 -0.049378
v -0.082099 -0.048135 -0.075393
v -0.098372 -0.023428 -0.096335
v -0.114595 0.005273 -0.111401
v -0.130143 0.036864 -0.120009
v -0.144420 0.070131 -0.121831
v -0.156876 0.103797 -0.116796
v -0.167034 0.136566 -0.105098
v -0.174501 0.167180 -0.087185
v -0.178993 0.194463 -0.063747
v -0.180335 0.217365 -0.035684
v -0.178477 0.235008 -0.004074
v -0.173489 0.246712 0.029867
v -0.165565 0.252028 0.064835
v -0.155007 0.250751 0.099488
v -0.072421 -0.070707 -0.046954
v -0.093909 -0.053641 -0.070637
v -0.115518 -0.031421 -0.089430
v -0.136417 -0.004901 -0.102612
v -0.155803 0.024901 -0.109675
v -0.172931 0.056839 -0.110348
v -0.187144 0.089685 -0.104606
v -0.197894 0.122178 -0.092668
v -0.204769 0.153069 -0.074995
v -0.207504 0.181170 -0.052264
v -0.205995 0.205402 -0.025349
v -0.200299 0.224834 0.004714
v -0.190635 0.238718 0.036772
v -0.177374 0.246522 0.069592
v -0.161027 0.247944 0.101912
v -0.077685 -0.073826 -0.043410
v -0.104236 -0.059760 -0.063685
v -0.130510 -0.040305 -0.079338
v -0.155498 -0.016208 -0.089767
v -0.178240 0.011606 -0.094571
v -0.197862 0.042066 -0.093566
v -0.213611 0.074002 -0.086790
v -0.224879 0.106188 -0.074503
v -0.231235 0.137386 -0.057178
v -0.232435 0.166397 -0.035481
v -0.228432 0.192107 -0.010245
v -0.219380 0.213527 0.017559
v -0.205627 0.229834 0.046864
v -0.187701 0.240402 0.076544
v -0.166292 0.244825 0.105456
v -0.081991 -0.077138 -0.038883
v -0.112682 -0.066258 -0.054806
v -0.142773 -0.049737 -0.066447
v -0.171106 -0.028213 -0.073360
v -0.196593 -0.002511 -0.075278
v -0.218255 0.026380 -0.072128
v -0.235259 0.057351 -0.064032
v -0.246952 0.089210 -0.051299
v -0.252884 0.120734 -0.034421
v -0.252828 0.150712 -0.014044
v -0.246785 0.177990 0.009048
v -0.234988 0.201522 0.033967
v -0.217890 0.220402 0.059756
v -0.196148 0.233905 0.085423
v -0.170598 0.241513 0.109983
v -0.085174 -0.080516 -0.033547
v -0.118925 -0.072883 -0.044339
v -0.151835 -0.059356 -0.051252
v -0.182640 -0.040455 -0.054020
v -0.210156 -0.016906 -0.052537
v -0.233325 0.010385 -0.046860
v -0.251258 0.040370 -0.037207
v -0.263264 0.071897 -0.023949
v -0.268883 0.103754 -0.007596
v -0.267898 0.134716 0.011224
v -0.260348 0.163595 0.031789
v -0.246522 0.189280 0.053306
v -0.226952 0.210783 0.074951
v -0.202390 0.227280 0.095890
v -0.173780 0.238135 0.115319
v -0.087110 -0.083829 -0.027608
v -0.122723 -0.079382 -0.032688
v -0.157349 -0.068791 -0.034337
v -0.189658 -0.052464 -0.032492
v -0.218408 -0.031027 -0.027223
v -0.242495 -0.005305 -0.018732
v -0.260992 0.023713 -0.007347
v -0.273188 0.054914 0.006496
v -0.278617 0.087097 0.022265
v -0.277067 0.119026 0.039353
v -0.268600 0.149474 0.057103
v -0.253540 0.177271 0.074835
v -0.232466 0.201348 0.091865
v -0.206188 0.220781 0.107541
v -0.175717 0.234822 0.121258
v -0.087726 -0.086951 -0.021292
v -0.123930 -0.085505 -0.020300
v -0.159102 -0.077681 -0.016353
v -0.191889 -0.063778 -0.009602
v -0.221032 -0.044331 -0.000307
v -0.245410 -0.020088 0.011175
v -0.264087 0.008020 0.024403
v -0.276344 0.038913 0.038867
v -0.281712 0.071404 0.054014
v -0.279983 0.104244 0.069260
v -0.271224 0.136170 0.084019
v -0.255771 0.165957 0.097724
v -0.234219 0.192459 0.109850
v -0.207396 0.214658 0.119929
v -0.176332 0.231700 0.127574
v -0.086997 -0.089761 -0.014844
v -0.122501 -0.091017 -0.007652
v -0.157027 -0.085683 0.002010
v -0.189249 -0.073962 0.013770
v -0.217927 -0.056307 0.027175
v -0.241960 -0.033395 0.041711
v -0.260424 -0.006106 0.056820
v -0.272610 0.024510 0.071920
v -0.278049 0.057278 0.086431
v -0.276532 0.090937 0.099796
v -0.268118 0.124195 0.111501
v -0.253130 0.155772 0.121096
v -0.232144 0.184457 0.128213
v -0.205967 0.209146 0.132577
v -0.175604 0.228890 0.134022
v -0.084952 -0.092151 -0.008511
v -0.118490 -0.095706 0.004772
v -0.151204 -0.092489 0.020046
v -0.181837 -0.082626 0.036725
v -0.209212 -0.066494 0.054168
v -0.232277 -0.044714 0.071704
v -0.250144 -0.018122 0.088660
v -0.262129 0.012259 0.104384
v -0.267769 0.045261 0.118271
v -0.266849 0.079618 0.129789
v -0.259404 0.114007 0.138494
v -0.245719 0.147109 0.144051
v -0.226321 0.177650 0.146249
v -0.201956 0.204457 0.145001
v -0.173559 0.226500 0.140355
v -0.081670 -0.094030 -0.002536
v -0.112052 -0.099391 0.016492
v -0.141857 -0.097839 0.037062
v -0.169940 -0.089435 0.058382
v -0.195223 -0.074501 0.079634
v -0.216732 -0.053611 0.100000
v -0.233643 -0.027567 0.118699
v -0.245304 0.002629 0.135011
v -0.251267 0.035816 0.148310
v -0.251305 0.070721 0.158085
v -0.245414 0.106000 0.163960
v -0.233822 0.140300 0.165708
v -0.216974 0.172300 0.163264
v -0.195517 0.200772 0.156721
v -0.170276 0.224621 0.146330
v -0.077276 -0.095325 0.002852
v -0.103433 -0.101931 0.027060
v -0.129344 -0.101527 0.052403
v -0.154015 -0.094129 0.077908
v -0.176496 -0.080020 0.102594
v -0.195924 -0.059743 0.125513
v -0.211553 -0.034078 0.145783
v -0.222781 -0.004009 0.162626
v -0.229178 0.029306 0.175394
v -0.230497 0.064588 0.183597
v -0.226688 0.100481 0.186920
v -0.217897 0.135606 0.185235
v -0.204461 0.168612 0.178606
v -0.186898 0.198232 0.167289
v -0.165883 0.223326 0.151718
v -0.071939 -0.095986 0.007444
v -0.092965 -0.103229 0.036068
v -0.114147 -0.103411 0.065481
v -0.134673 -0.096527 0.094553
v -0.153752 -0.082840 0.122167
v -0.170653 -0.062876 0.147260
v -0.184725 -0.037403 0.168870
v -0.195427 -0.007400 0.186165
v -0.202350 0.025980 0.198481
v -0.205225 0.061455 0.205345
v -0.203944 0.097662 0.206492
v -0.198554 0.133208 0.201880
v -0.189264 0.166728 0.191684
v -0.176430 0.196934 0.176297
v -0.160546 0.222665 0.156310
v -0.065865 -0.095989 0.011065
v -0.081050 -0.103234 0.043171
v -0.096850 -0.103419 0.075793
v -0.112657 -0.096536 0.107678
v -0.127865 -0.082851 0.137599
v -0.141888 -0.062889 0.164408
v -0.154188 -0.037417 0.187074
v -0.164293 -0.007414 0.204726
v -0.171813 0.025967 0.216685
v -0.176461 0.061443 0.222493
v -0.178056 0.097651 0.221925
v -0.176539 0.133198 0.215004
v -0.171967 0.166721 0.201996
v -0.164516 0.196929 0.183400
v -0.154472 0.222662 0.159931
v -0.059287 -0.095333 0.013576
v -0.068147 -0.101946 0.048096
v -0.078117 -0.101550 0.082942
v -0.088814 -0.094157 0.116777
v -0.099828 -0.080053 0.148299
v -0.110736 -0.059780 0.176297
v -0.121117 -0.034117 0.199695
v -0.130574 -0.004049 0.217594
v -0.138742 0.029267 0.229306
v -0.145308 0.064551 0.234381
v -0.150020 0.100448 0.232625
v -0.152696 0.135577 0.224103
v -0.153234 0.168590 0.209145
v -0.151612 0.198216 0.188324
v -0.147894 0.223319 0.162442
v -0.052458 -0.094042 0.014879
v -0.054750 -0.099416 0.050652
v -0.058668 -0.097876 0.086654
v -0.064061 -0.089481 0.121501
v -0.070721 -0.074555 0.153854
v -0.078394 -0.053671 0.182470
v -0.086783 -0.027631 0.206248
v -0.095567 0.002564 0.224275
v -0.104408 0.035753 0.235859
v -0.112966 0.070661 0.240554
v -0.120913 0.105946 0.238180
v -0.127942 0.140253 0.228828
v -0.133785 0.172264 0.212857
v -0.138216 0.200747 0.190881
v -0.141064 0.224609 0.163745
v -0.045639 -0.092168 0.014925
v -0.041375 -0.095739 0.050743
v -0.039251 -0.092538 0.086786
v -0.039347 -0.082688 0.121669
v -0.041661 -0.066567 0.154052
v -0.046104 -0.044795 0.182689
v -0.052505 -0.018208 0.206481
v -0.060617 0.012171 0.224513
v -0.070130 0.045175 0.236092
v -0.080677 0.079537 0.240774
v -0.091853 0.113935 0.238378
v -0.103229 0.147047 0.228996
v -0.114368 0.177601 0.212989
v -0.124841 0.204424 0.190972
v -0.134246 0.226483 0.163791
v -0.039094 -0.089782 0.013713
v -0.028536 -0.091058 0.048365
v -0.020611 -0.085742 0.083333
v -0.015624 -0.074038 0.117275
v -0.013766 -0.056396 0.148884
v -0.015108 -0.033493 0.176947
v -0.019599 -0.006211 0.200385
v -0.027067 0.024404 0.218298
v -0.037224 0.057173 0.229997
v -0.049681 0.090838 0.235032
v -0.063957 0.124106 0.233210
v -0.079506 0.155697 0.224601
v -0.095728 0.184398 0.209536
v -0.112002 0.209105 0.188594
v -0.127701 0.228869 0.162579
v -0.033073 -0.086975 0.011288
v -0.016726 -0.085552 0.043609
v -0.003466 -0.077748 0.076428
v 0.006198 -0.063864 0.108486
v 0.011894 -0.044433 0.138550
v 0.013403 -0.020201 0.165464
v 0.010668 0.007901 0.188195
v 0.003793 0.038792 0.205869
v -0.006957 0.071285 0.217806
v -0.021169 0.104131 0.223549
v -0.038298 0.136069 0.222875
v -0.057684 0.165871 0.215812
v -0.078583 0.192391 0.202631
v -0.100192 0.214611 0.183837
v -0.121680 0.231676 0.160154
v -0.027809 -0.083855 0.007744
v -0.006400 -0.079433 0.036657
v 0.011526 -0.068865 0.066336
v 0.025279 -0.052557 0.095641
v 0.034331 -0.031137 0.123446
v 0.038334 -0.005428 0.148682
v 0.037135 0.023584 0.170379
v 0.030778 0.054782 0.187703
v 0.019510 0.086967 0.199990
v 0.003762 0.118904 0.206766
v -0.015860 0.149364 0.207771
v -0.038603 0.177177 0.202967
v -0.063591 0.201275 0.192538
v -0.089865 0.220730 0.176886
v -0.116416 0.234796 0.156610
v -0.023503 -0.080543 0.003217
v 0.002047 -0.072936 0.027777
v 0.023789 -0.059432 0.053445
v 0.040887 -0.040552 0.079234
v 0.052684 -0.017021 0.104153
v 0.058727 0.010258 0.127244
v 0.058783 0.040235 0.147621
v 0.052851 0.071760 0.164500
v 0.041158 0.103619 0.177232
v 0.024154 0.134589 0.185329
v 0.002492 0.163481 0.188478
v -0.022995 0.189182 0.186560
v -0.051328 0.210707 0.179647
v -0.081418 0.227227 0.168006
v -0.112109 0.238108 0.152083
v -0.020320 -0.077165 -0.002118
v 0.008290 -0.066310 0.017311
v 0.032851 -0.049814 0.038250
v 0.052421 -0.028310 0.059894
v 0.066247 -0.002625 0.081412
v 0.073797 0.026253 0.101976
v 0.074782 0.057216 0.120796
v 0.069163 0.089073 0.137150
v 0.057157 0.120600 0.150408
v 0.039225 0.150585 0.160061
v 0.016055 0.177876 0.165738
v -0.011461 0.201425 0.167221
v -0.042266 0.220326 0.164452
v -0.075176 0.233853 0.157540
v -0.108927 0.241486 0.146748
v -0.018384 -0.073852 -0.008058
v 0.012088 -0.059811 0.005660
v 0.038365 -0.040378 0.021335
v 0.059439 -0.016301 0.038366
v 0.074499 0.011496 0.056097
v 0.082966 0.041944 0.073848
v 0.084516 0.073873 0.090936
v 0.079088 0.106056 0.106704
v 0.066891 0.137256 0.120547
v 0.048394 0.166275 0.131932
v 0.024307 0.191997 0.140423
v -0.004443 0.213434 0.145692
v -0.036752 0.229761 0.147538
v -0.071378 0.240352 0.145888
v -0.106991 0.244799 0.140808
v -0.017769 -0.070731 -0.014373
v 0.013295 -0.053688 -0.006728
v 0.040118 -0.031489 0.003351
v 0.061670 -0.004987 0.015476
v 0.077123 0.024800 0.029182
v 0.085882 0.056726 0.043941
v 0.087611 0.089566 0.059187
v 0.082243 0.122056 0.074333
v 0.069986 0.152949 0.088798
v 0.051309 0.181058 0.102025
v 0.026931 0.205301 0.113507
v -0.002211 0.224748 0.122802
v -0.034999 0.238650 0.129553
v -0.070170 0.246475 0.133501
v -0.106375 0.247921 0.134493
v -0.018497 -0.067921 -0.020822
v 0.011866 -0.048176 -0.019377
v 0.038044 -0.023487 -0.015012
v 0.059030 0.005197 -0.007896
v 0.074018 0.036775 0.001699
v 0.082432 0.070033 0.013404
v 0.083948 0.103692 0.026769
v 0.078509 0.136459 0.041280
v 0.066323 0.167076 0.056380
v 0.047859 0.194364 0.071489
v 0.023826 0.217277 0.086025
v -0.004852 0.234932 0.099431
v -0.037073 0.246652 0.111190
v -0.071600 0.251987 0.120852
v -0.107104 0.250730 0.128044
v -0.020542 -0.065530 -0.027155
v 0.007855 -0.043488 -0.031800
v 0.032221 -0.016680 -0.033048
v 0.051618 0.013861 -0.030851
v 0.065303 0.046962 -0.025293
v 0.072748 0.081352 -0.016588
v 0.073668 0.115708 -0.005071
v 0.068028 0.148711 0.008817
v 0.056043 0.179092 0.024540
v 0.038176 0.205683 0.041496
v 0.015111 0.227464 0.059033
v -0.012263 0.243595 0.076475
v -0.042896 0.253459 0.093154
v -0.075610 0.256675 0.108429
v -0.109149 0.253121 0.121711
v -0.023824 -0.063652 -0.033130
v 0.001416 -0.039802 -0.043521
v 0.022873 -0.011330 -0.050064
v 0.039721 0.020670 -0.052508
v 0.051313 0.054969 -0.050759
v 0.057204 0.090249 -0.044884
v 0.057167 0.125153 -0.035110
v 0.051203 0.158341 -0.021811
v 0.039542 0.188537 -0.005499
v 0.022631 0.214580 0.013200
v 0.001122 0.235471 0.033567
v -0.024160 0.250405 0.054818
v -0.052244 0.258809 0.076139
v -0.082049 0.260360 0.096708
v -0.112431 0.254999 0.115736
v -0.028218 -0.062357 -0.038517
v -0.007202 -0.037262 -0.054088
v 0.010360 -0.007642 -0.065406
v 0.023796 0.025364 -0.072034
v 0.032587 0.060488 -0.073719
v 0.036396 0.096381 -0.070397
v 0.035077 0.131664 -0.062193
v 0.028680 0.164979 -0.049425
v 0.017452 0.195047 -0.032582
v 0.001824 0.220713 -0.012312
v -0.017605 0.240990 0.010606
v -0.040086 0.255099 0.035292
v -0.064757 0.262497 0.060797
v -0.090668 0.262901 0.086140
v -0.116825 0.256294 0.110349
v -0.033555 -0.061695 -0.043110
v -0.017670 -0.035964 -0.063097
v -0.004837 -0.005759 -0.078483
v 0.004454 0.027762 -0.088679
v 0.009843 0.063308 -0.093292
v 0.011124 0.099514 -0.092145
v 0.008249 0.134989 -0.085281
v 0.001326 0.168370 -0.072965
v -0.009376 0.198373 -0.055670
v -0.023448 0.223846 -0.034060
v -0.040349 0.243809 -0.008966
v -0.059428 0.257496 0.018647
v -0.079954 0.264381 0.047719
v -0.101136 0.264198 0.077132
v -0.122161 0.256956 0.105756
v -0.039629 -0.061693 -0.046731
v -0.029585 -0.035959 -0.070199
v -0.022134 -0.005751 -0.088795
v -0.017562 0.027771 -0.101804
v -0.016045 0.063319 -0.108725
v -0.017640 0.099527 -0.109292
v -0.022288 0.135003 -0.103485
v -0.029808 0.168383 -0.091525
v -0.039913 0.198386 -0.073874
v -0.052213 0.223858 -0.051208
v -0.066236 0.243820 -0.024399
v -0.081444 0.257506 0.005523
v -0.097251 0.264388 0.037407
v -0.113051 0.264204 0.070029
v -0.128235 0.256959 0.102135
v -0.046207 -0.062349 -0.049241
v -0.042489 -0.037247 -0.075124
v -0.041405 0.025392 -0.110903
v -0.048792 0.096419 -0.121181
v -0.083365 0.220750 -0.063096
v -0.105286 0.255127 -0.003576
v -0.115984 0.262519 0.030258
v -0.125954 0.262916 0.065105
v -0.134814 0.256302 0.099625
vn -0.1740 0.9829 -0.0610
vn 0.1539 0.1687 -0.9736
vn -0.2083 0.9691 0.1322
vn 0.1105 0.3536 -0.9288
vn 0.2517 -0.8308 -0.4964
vn -0.2345 0.9178 0.3205
vn 0.0628 0.5250 -0.8488
vn 0.2591 -0.7117 -0.6530
vn 0.0127 0.6765 -0.7363
vn 0.2564 -0.5651 -0.7842
vn -0.0379 0.8023 -0.5957
vn 0.2439 -0.3970 -0.8848
vn -0.0871 0.8976 -0.4321
vn 0.2220 -0.2139 -0.9513
vn -0.1331 0.9587 -0.2515
vn 0.1916 -0.0229 -0.9812
vn -0.2540 0.9306 -0.2635
vn 0.0238 -0.0618 -0.9978
vn -0.2640 0.9620 -0.0699
vn -0.0280 0.1265 -0.9916
vn -0.2637 0.9562 0.1267
vn -0.0787 0.3098 -0.9476
vn 0.2330 -0.8351 -0.4983
vn -0.2533 0.9134 0.3186
vn -0.1264 0.4812 -0.8675
vn 0.2036 -0.7245 -0.6585
vn -0.1692 0.6343 -0.7543
vn 0.1665 -0.5860 -0.7931
vn -0.2057 0.7634 -0.6123
vn 0.1229 -0.4250 -0.8968
vn -0.2343 0.8635 -0.4466
vn 0.0747 -0.2480 -0.9659
vn 0.1494 -0.7418 -0.6537
vn -0.3474 0.5775 -0.7388
vn 0.0784 -0.6140 -0.7854
vn -0.3700 0.7110 -0.5980
vn 0.0045 -0.4628 -0.8865
vn -0.3785 0.8175 -0.4340
vn -0.0694 -0.2940 -0.9533
vn -0.3724 0.8929 -0.2532
vn -0.1406 -0.1142 -0.9835
vn -0.3520 0.9339 -0.0622
vn -0.2062 0.0697 -0.9760
vn -0.3180 0.9389 0.1315
vn -0.2639 0.2507 -0.9314
vn 0.2146 -0.8410 -0.4967
vn -0.2716 0.9076 0.3202
vn -0.3116 0.4221 -0.8513
vn -0.2951 -0.1780 -0.9387
vn -0.4349 0.8997 -0.0382
vn -0.3738 0.0004 -0.9275
vn -0.3690 0.9178 0.1462
vn -0.4381 0.1787 -0.8810
vn 0.1974 -0.8481 -0.4917
vn -0.2888 0.9004 0.3252
vn -0.4858 0.3501 -0.8009
vn 0.0983 -0.7629 -0.6390
vn -0.5150 0.5082 -0.6903
vn -0.0044 -0.6483 -0.7614
vn -0.5245 0.6471 -0.5532
vn -0.1068 -0.5088 -0.8542
vn -0.5140 0.7615 -0.3948
vn -0.2050 -0.3500 -0.9141
vn -0.4838 0.8468 -0.2209
vn -0.6654 0.4292 -0.6107
vn -0.0788 -0.6873 -0.7221
vn -0.6633 0.5743 -0.4798
vn -0.2068 -0.5613 -0.8013
vn -0.6358 0.6976 -0.3304
vn -0.3267 -0.4139 -0.8497
vn -0.5838 0.7943 -0.1680
vn -0.4338 -0.2509 -0.8653
vn -0.5092 0.8606 0.0011
vn -0.5242 -0.0786 -0.8479
vn -0.4149 0.8938 0.1705
vn -0.5946 0.0966 -0.7982
vn 0.1819 -0.8562 -0.4835
vn -0.3043 0.8923 0.3334
vn -0.6422 0.2680 -0.7182
vn 0.0525 -0.7870 -0.6147
vn -0.5723 0.8182 0.0543
vn -0.6518 -0.1643 -0.7403
vn -0.4537 0.8677 0.2033
vn -0.7272 0.0074 -0.6864
vn 0.1688 -0.8651 -0.4724
vn -0.3174 0.8835 0.3445
vn -0.7749 0.1788 -0.6063
vn 0.0136 -0.8131 -0.5820
vn -0.7931 0.3435 -0.5031
vn -0.1419 -0.7297 -0.6689
vn -0.7810 0.4952 -0.3806
vn -0.2916 -0.6183 -0.7298
vn -0.7390 0.6282 -0.2434
vn -0.4300 -0.4833 -0.7626
vn -0.6686 0.7373 -0.0965
vn -0.5515 -0.3300 -0.7661
vn -0.8731 0.4129 -0.2593
vn -0.3580 -0.6776 -0.6424
vn -0.8198 0.5560 -0.1370
vn -0.5107 -0.5555 -0.6562
vn -0.7350 0.6780 -0.0091
vn -0.6436 -0.4123 -0.6448
vn -0.6216 0.7742 0.1193
vn -0.7517 -0.2535 -0.6088
vn -0.4841 0.8405 0.2433
vn -0.8310 -0.0853 -0.5497
vn 0.1585 -0.8742 -0.4589
vn -0.3277 0.8743 0.3580
vn -0.8787 0.0861 -0.4696
vn -0.0168 -0.8403 -0.5419
vn -0.8929 0.2543 -0.3716
vn -0.1912 -0.7738 -0.6039
vn -0.5049 0.8133 0.2891
vn -0.9020 -0.1781 -0.3934
vn 0.1515 -0.8834 -0.4434
vn -0.3347 0.8651 0.3735
vn -0.9496 -0.0067 -0.3133
vn -0.0375 -0.8674 -0.4961
vn -0.9612 0.1650 -0.2212
vn -0.2249 -0.8179 -0.5296
vn -0.9360 0.3306 -0.1207
vn -0.4034 -0.7369 -0.5425
vn -0.8750 0.4839 -0.0153
vn -0.5659 -0.6276 -0.5346
vn -0.7803 0.6188 0.0908
vn -0.7065 -0.4945 -0.5062
vn -0.6554 0.7301 0.1936
vn -0.8199 -0.3428 -0.4585
vn -0.4260 -0.7939 -0.4339
vn -0.9025 0.4144 0.1169
vn -0.5935 -0.6970 -0.4024
vn -0.8029 0.5617 0.1994
vn -0.7379 -0.5737 -0.3555
vn -0.6722 0.6877 0.2744
vn -0.8540 -0.4286 -0.2951
vn -0.5153 0.7872 0.3389
vn -0.9373 -0.2673 -0.2235
vn 0.1480 -0.8923 -0.4266
vn -0.3382 0.8563 0.3903
vn -0.9850 -0.0959 -0.1434
vn -0.0479 -0.8936 -0.4463
vn -0.9952 0.0793 -0.0578
vn -0.2418 -0.8603 -0.4488
vn -0.9674 0.2515 0.0300
vn -0.9358 -0.3495 -0.0466
vn 0.1481 -0.9004 -0.4091
vn -0.3381 0.8482 0.4078
vn -0.9834 -0.1781 0.0335
vn -0.0475 -0.9177 -0.3945
vn -0.9937 0.0002 0.1123
vn -0.2410 -0.8994 -0.3647
vn -0.9660 0.1786 0.1870
vn -0.4250 -0.8464 -0.3208
vn -0.9013 0.3505 0.2546
vn -0.5923 -0.7610 -0.2647
vn -0.8019 0.5092 0.3125
vn -0.7365 -0.6466 -0.1985
vn -0.6715 0.6486 0.3585
vn -0.8525 -0.5076 -0.1249
vn -0.5148 0.7631 0.3907
vn -0.8714 0.2944 0.3924
vn -0.5623 -0.8171 -0.1268
vn -0.7774 0.4631 0.4257
vn -0.7024 -0.7105 -0.0414
vn -0.6532 0.6143 0.4427
vn -0.8155 -0.5770 0.0455
vn -0.5036 0.7420 0.4426
vn -0.8973 -0.4216 0.1306
vn 0.1520 -0.9075 -0.3916
vn -0.3343 0.8410 0.4253
vn -0.9450 -0.2502 0.2107
vn -0.0362 -0.9388 -0.3426
vn -0.9567 -0.0692 0.2828
vn -0.2227 -0.9337 -0.2805
vn -0.9319 0.1146 0.3441
vn -0.4004 -0.8925 -0.2076
vn 0.1593 -0.9134 -0.3747
vn -0.3270 0.8352 0.4422
vn -0.8712 -0.3093 0.3813
vn -0.0146 -0.9561 -0.2926
vn -0.8857 -0.1261 0.4469
vn -0.1876 -0.9618 -0.1993
vn -0.8664 0.0622 0.4955
vn -0.3532 -0.9304 -0.0985
vn -0.8139 0.2483 0.5252
vn -0.5049 -0.8632 0.0059
vn -0.7301 0.4253 0.5348
vn -0.6369 -0.7630 0.1100
vn -0.6181 0.5862 0.5238
vn -0.7445 -0.6339 0.2096
vn -0.4819 0.7246 0.4926
vn -0.8235 -0.4807 0.3012
vn -0.4221 -0.8974 0.1285
vn -0.6621 0.3971 0.6355
vn -0.5425 -0.8021 0.2497
vn -0.5675 0.5652 0.5987
vn -0.6421 -0.6762 0.3611
vn -0.4507 0.7118 0.5387
vn -0.7171 -0.5247 0.4587
vn 0.1698 -0.9177 -0.3591
vn -0.3164 0.8308 0.4578
vn -0.7648 -0.3533 0.5388
vn 0.0166 -0.9690 -0.2465
vn -0.7833 -0.1684 0.5984
vn -0.1370 -0.9827 -0.1245
vn -0.7720 0.0231 0.6352
vn -0.2852 -0.9585 0.0022
vn -0.7311 0.2141 0.6478
vn -0.6299 -0.3805 0.6771
vn 0.0561 -0.9769 -0.2060
vn -0.6536 -0.1945 0.7315
vn -0.0729 -0.9956 -0.0587
vn -0.6523 -0.0009 0.7579
vn -0.1989 -0.9758 0.0906
vn -0.6262 0.1930 0.7554
vn -0.3171 -0.9185 0.2362
vn -0.5759 0.3798 0.7239
vn -0.4229 -0.8261 0.3724
vn -0.5034 0.5524 0.6645
vn -0.5124 -0.7023 0.4942
vn -0.4112 0.7038 0.5793
vn -0.5822 -0.5519 0.5971
vn 0.1831 -0.9204 -0.3454
vn -0.3031 0.8282 0.4715
vn -0.4748 0.3739 0.7967
vn -0.2826 -0.8343 0.4734
vn -0.4282 0.5480 0.7186
vn -0.3602 -0.7112 0.6037
vn -0.3649 0.7011 0.6126
vn -0.4240 -0.5611 0.7109
vn 0.1988 -0.9213 -0.3341
vn -0.2874 0.8272 0.4828
vn -0.4717 -0.3897 0.7910
vn 0.1025 -0.9796 -0.1726
vn -0.5014 -0.2034 0.8410
vn 0.0023 -1.0000 -0.0046
vn -0.5120 -0.0091 0.8589
vn -0.0978 -0.9817 0.1634
vn -0.5031 0.1858 0.8440
vn -0.1940 -0.9257 0.3248
vn -0.3327 -0.1946 0.9227
vn 0.0857 -0.9957 0.0358
vn -0.3565 -0.0011 0.9343
vn 0.0143 -0.9759 0.2177
vn -0.3666 0.1929 0.9102
vn -0.0575 -0.9186 0.3909
vn -0.3627 0.3797 0.8510
vn -0.1270 -0.8262 0.5488
vn -0.3448 0.5523 0.7590
vn -0.1915 -0.7024 0.6855
vn -0.3135 0.7038 0.6375
vn -0.2487 -0.5520 0.7959
vn 0.2161 -0.9204 -0.3257
vn -0.2701 0.8281 0.4912
vn -0.2963 -0.3806 0.8760
vn 0.1538 -0.9770 -0.1477
vn -0.2564 0.5651 0.7842
vn -0.0127 -0.6765 0.7363
vn -0.2591 0.7117 0.6530
vn -0.0628 -0.5250 0.8488
vn 0.2345 -0.9178 -0.3205
vn -0.2517 0.8308 0.4964
vn -0.1105 -0.3536 0.9288
vn 0.2083 -0.9691 -0.1322
vn -0.1539 -0.1687 0.9736
vn 0.1740 -0.9829 0.0610
vn -0.1916 0.0229 0.9812
vn 0.1331 -0.9587 0.2515
vn -0.2220 0.2139 0.9513
vn 0.0871 -0.8976 0.4321
vn -0.2439 0.3970 0.8848
vn 0.0379 -0.8023 0.5957
vn 0.2640 -0.9620 0.0699
vn -0.0238 0.0618 0.9978
vn 0.2540 -0.9306 0.2635
vn -0.0747 0.2480 0.9659
vn 0.2343 -0.8635 0.4466
vn -0.1229 0.4250 0.8968
vn 0.2057 -0.7634 0.6123
vn -0.1665 0.5860 0.7931
vn 0.1692 -0.6343 0.7543
vn -0.2036 0.7245 0.6585
vn 0.1264 -0.4812 0.8675
vn 0.2533 -0.9134 -0.3186
vn -0.2330 0.8351 0.4983
vn 0.0787 -0.3098 0.9476
vn 0.2637 -0.9562 -0.1267
vn 0.0280 -0.1265 0.9916
vn 0.3474 -0.5775 0.7388
vn -0.1494 0.7418 0.6537
vn 0.3116 -0.4221 0.8513
vn 0.2716 -0.9076 -0.3202
vn -0.2146 0.8410 0.4967
vn 0.2639 -0.2507 0.9314
vn 0.3180 -0.9389 -0.1315
vn 0.2062 -0.0697 0.9760
vn 0.3520 -0.9339 0.0622
vn 0.1406 0.1142 0.9835
vn 0.3724 -0.8929 0.2532
vn 0.0694 0.2939 0.9533
vn 0.3785 -0.8175 0.4340
vn -0.0045 0.4628 0.8865
vn 0.3700 -0.7110 0.5980
vn -0.0784 0.6140 0.7854
vn 0.2951 0.1780 0.9387
vn 0.4838 -0.8468 0.2209
vn 0.2050 0.3500 0.9141
vn 0.5140 -0.7615 0.3948
vn 0.1068 0.5088 0.8542
vn 0.5245 -0.6471 0.5532
vn 0.0044 0.6483 0.7614
vn 0.5150 -0.5082 0.6903
vn -0.0983 0.7629 0.6390
vn 0.4858 -0.3501 0.8009
vn 0.2888 -0.9004 -0.3252
vn -0.1974 0.8481 0.4917
vn 0.4381 -0.1787 0.8810
vn 0.3690 -0.9178 -0.1462
vn 0.3738 -0.0004 0.9275
vn 0.4349 -0.8997 0.0382
vn -0.0525 0.7870 0.6147
vn 0.6422 -0.2680 0.7182
vn 0.3043 -0.8923 -0.3334
vn -0.1819 0.8562 0.4835
vn 0.5946 -0.0966 0.7982
vn 0.4149 -0.8938 -0.1705
vn 0.5242 0.0786 0.8479
vn 0.5092 -0.8606 -0.0011
vn 0.4338 0.2509 0.8653
vn 0.5838 -0.7943 0.1680
vn 0.3267 0.4139 0.8497
vn 0.6358 -0.6976 0.3304
vn 0.2068 0.5613 0.8013
vn 0.6633 -0.5743 0.4798
vn 0.0788 0.6873 0.7221
vn 0.6654 -0.4292 0.6107
vn 0.6686 -0.7373 0.0965
vn 0.4300 0.4833 0.7626
vn 0.7390 -0.6282 0.2434
vn 0.2916 0.6183 0.7298
vn 0.7810 -0.4952 0.3806
vn 0.1419 0.7297 0.6689
vn 0.7931 -0.3435 0.5031
vn -0.0137 0.8131 0.5820
vn 0.7749 -0.1788 0.6063
vn 0.3174 -0.8835 -0.3445
vn -0.1688 0.8651 0.4724
vn 0.7272 -0.0074 0.6864
vn 0.4537 -0.8677 -0.2033
vn 0.6518 0.1643 0.7403
vn 0.5723 -0.8182 -0.0543
vn 0.5515 0.3300 0.7661
vn 0.8787 -0.0861 0.4696
vn 0.3277 -0.8743 -0.3580
vn -0.1585 0.8742 0.4589
vn 0.8310 0.0853 0.5497
vn 0.4841 -0.8405 -0.2433
vn 0.7517 0.2535 0.6088
vn 0.6216 -0.7742 -0.1193
vn 0.6436 0.4123 0.6448
vn 0.7350 -0.6780 0.0091
vn 0.5107 0.5555 0.6562
vn 0.8198 -0.5560 0.1370
vn 0.3580 0.6776 0.6424
vn 0.8731 -0.4129 0.2593
vn 0.1912 0.7738 0.6039
vn 0.8929 -0.2543 0.3716
vn 0.0168 0.8403 0.5419
vn 0.5659 0.6276 0.5346
vn 0.8750 -0.4839 0.0153
vn 0.4034 0.7369 0.5425
vn 0.9360 -0.3306 0.1207
vn 0.2249 0.8179 0.5296
vn 0.9611 -0.1650 0.2212
vn 0.0375 0.8674 0.4961
vn 0.9496 0.0067 0.3133
vn 0.3347 -0.8651 -0.3735
vn -0.1515 0.8834 0.4434
vn 0.9020 0.1781 0.3934
vn 0.5049 -0.8133 -0.2891
vn 0.8199 0.3428 0.4585
vn 0.6554 -0.7301 -0.1936
vn 0.7065 0.4945 0.5062
vn 0.7803 -0.6188 -0.0908
vn -0.1480 0.8923 0.4266
vn 0.9373 0.2673 0.2235
vn 0.5153 -0.7872 -0.3389
vn 0.8540 0.4286 0.2951
vn 0.6722 -0.6877 -0.2744
vn 0.7379 0.5737 0.3555
vn 0.8029 -0.5617 -0.1994
vn 0.5935 0.6970 0.4024
vn 0.9025 -0.4144 -0.1169
vn 0.4260 0.7939 0.4339
vn 0.9674 -0.2515 -0.0300
vn 0.2418 0.8603 0.4488
vn 0.9952 -0.0793 0.0578
vn 0.0479 0.8936 0.4463
vn 0.9850 0.0959 0.1434
vn 0.3382 -0.8563 -0.3903
vn 0.4250 0.8464 0.3208
vn 0.9660 -0.1786 -0.1870
vn 0.2410 0.8994 0.3647
vn 0.9937 -0.0002 -0.1123
vn 0.0475 0.9177 0.3945
vn 0.9834 0.1781 -0.0335
vn 0.3381 -0.8482 -0.4078
vn -0.1481 0.9004 0.4091
vn 0.9358 0.3495 0.0466
vn 0.5148 -0.7631 -0.3907
vn 0.8525 0.5076 0.1249
vn 0.6715 -0.6486 -0.3585
vn 0.7365 0.6466 0.1985
vn 0.8019 -0.5092 -0.3125
vn 0.5923 0.7610 0.2647
vn 0.9013 -0.3505 -0.2546
vn 0.5036 -0.7420 -0.4426
vn 0.8155 0.5770 -0.0455
vn 0.6532 -0.6143 -0.4427
vn 0.7024 0.7105 0.0414
vn 0.7774 -0.4631 -0.4257
vn 0.5623 0.8171 0.1268
vn 0.8714 -0.2944 -0.3924
vn 0.4004 0.8925 0.2076
vn 0.9319 -0.1146 -0.3441
vn 0.2227 0.9337 0.2805
vn 0.9567 0.0692 -0.2828
vn 0.0362 0.9388 0.3426
vn 0.9450 0.2502 -0.2107
vn 0.3343 -0.8410 -0.4253
vn -0.1520 0.9075 0.3916
vn 0.8973 0.4216 -0.1306
vn 0.8664 -0.0622 -0.4955
vn 0.1876 0.9618 0.1993
vn 0.8857 0.1261 -0.4469
vn 0.0146 0.9561 0.2926
vn 0.8712 0.3093 -0.3813
vn 0.3270 -0.8352 -0.4422
vn -0.1593 0.9134 0.3747
vn 0.8235 0.4807 -0.3012
vn 0.4819 -0.7246 -0.4926
vn 0.7445 0.6339 -0.2096
vn 0.6181 -0.5862 -0.5238
vn 0.6369 0.7630 -0.1100
vn 0.7301 -0.4253 -0.5348
vn 0.5049 0.8632 -0.0060
vn 0.8139 -0.2483 -0.5252
vn 0.3532 0.9304 0.0985
vn 0.6421 0.6762 -0.3611
vn 0.5675 -0.5652 -0.5987
vn 0.5425 0.8021 -0.2497
vn 0.6621 -0.3971 -0.6355
vn 0.4221 0.8974 -0.1285
vn 0.7311 -0.2141 -0.6478
vn 0.2852 0.9585 -0.0022
vn 0.7720 -0.0231 -0.6352
vn 0.1370 0.9827 0.1245
vn 0.7833 0.1684 -0.5984
vn -0.0166 0.9690 0.2465
vn 0.7648 0.3533 -0.5388
vn 0.3164 -0.8308 -0.4578
vn -0.1698 0.9177 0.3591
vn 0.7171 0.5247 -0.4587
vn 0.4507 -0.7118 -0.5387
vn 0.0729 0.9956 0.0587
vn 0.6536 0.1945 -0.7315
vn -0.0561 0.9769 0.2060
vn 0.6299 0.3805 -0.6771
vn 0.3031 -0.8282 -0.4715
vn -0.1831 0.9204 0.3454
vn 0.5822 0.5519 -0.5971
vn 0.4112 -0.7038 -0.5793
vn 0.5124 0.7023 -0.4942
vn 0.5034 -0.5524 -0.6645
vn 0.4229 0.8261 -0.3724
vn 0.5759 -0.3798 -0.7239
vn 0.3171 0.9185 -0.2362
vn 0.6262 -0.1930 -0.7554
vn 0.1989 0.9758 -0.0906
vn 0.6523 0.0009 -0.7579
vn 0.4282 -0.5480 -0.7186
vn 0.2826 0.8343 -0.4734
vn 0.4748 -0.3739 -0.7967
vn 0.1940 0.9257 -0.3248
vn 0.5031 -0.1858 -0.8440
vn 0.0978 0.9817 -0.1634
vn 0.5120 0.0091 -0.8589
vn -0.0023 1.0000 0.0046
vn 0.5014 0.2034 -0.8410
vn -0.1025 0.9796 0.1726
vn 0.4717 0.3897 -0.7910
vn 0.2874 -0.8272 -0.4828
vn -0.1988 0.9213 0.3341
vn 0.4240 0.5611 -0.7109
vn 0.3649 -0.7011 -0.6126
vn 0.3602 0.7112 -0.6037
vn 0.3327 0.1946 -0.9227
vn -0.1539 0.9770 0.1477
vn 0.2963 0.3806 -0.8760
vn 0.2701 -0.8281 -0.4912
vn -0.2161 0.9204 0.3257
vn 0.2487 0.5520 -0.7959
vn 0.3135 -0.7038 -0.6375
vn 0.1915 0.7024 -0.6855
vn 0.3448 -0.5523 -0.7590
vn 0.1270 0.8262 -0.5488
vn 0.3627 -0.3797 -0.8510
vn 0.0575 0.9186 -0.3909
vn 0.3666 -0.1929 -0.9102
vn -0.0143 0.9759 -0.2177
vn 0.3565 0.0011 -0.9343
vn -0.0857 0.9957 -0.0358
vt 0.750000 0.125000
vt 0.750000 0.187500
vt 0.718750 0.187500
vt 0.718750 0.125000
vt 0.750000 0.562500
vt 0.750000 0.625000
vt 0.718750 0.625000
vt 0.718750 0.562500
vt 0.750000 0.062500
vt 0.718750 0.062500
vt 0.750000 0.500000
vt 0.718750 0.500000
vt 0.750000 0.937500
vt 0.734375 1.000000
vt 0.718750 0.937500
vt 0.734375 0.000000
vt 0.750000 0.437500
vt 0.718750 0.437500
vt 0.750000 0.875000
vt 0.718750 0.875000
vt 0.750000 0.375000
vt 0.718750 0.375000
vt 0.750000 0.812500
vt 0.718750 0.812500
vt 0.750000 0.312500
vt 0.718750 0.312500
vt 0.750000 0.750000
vt 0.718750 0.750000
vt 0.750000 0.250000
vt 0.718750 0.250000
vt 0.750000 0.687500
vt 0.718750 0.687500
vt 0.687500 0.250000
vt 0.687500 0.187500
vt 0.687500 0.687500
vt 0.687500 0.625000
vt 0.687500 0.125000
vt 0.687500 0.562500
vt 0.687500 0.062500
vt 0.687500 0.500000
vt 0.703125 1.000000
vt 0.687500 0.937500
vt 0.703125 0.000000
vt 0.687500 0.437500
vt 0.687500 0.875000
vt 0.687500 0.375000
vt 0.687500 0.812500
vt 0.687500 0.312500
vt 0.687500 0.750000
vt 0.656250 0.937500
vt 0.656250 0.875000
vt 0.656250 0.437500
vt 0.656250 0.375000
vt 0.656250 0.812500
vt 0.656250 0.312500
vt 0.656250 0.750000
vt 0.656250 0.250000
vt 0.656250 0.687500
vt 0.656250 0.187500
vt 0.656250 0.625000
vt 0.656250 0.125000
vt 0.656250 0.562500
vt 0.656250 0.062500
vt 0.656250 0.500000
vt 0.671875 1.000000
vt 0.671875 0.000000
vt 0.625000 0.687500
vt 0.625000 0.625000
vt 0.625000 0.187500
vt 0.625000 0.125000
vt 0.625000 0.562500
vt 0.625000 0.062500
vt 0.625000 0.500000
vt 0.640625 1.000000
vt 0.625000 0.937500
vt 0.640625 0.000000
vt 0.625000 0.437500
vt 0.625000 0.875000
vt 0.625000 0.375000
vt 0.625000 0.812500
vt 0.625000 0.312500
vt 0.625000 0.750000
vt 0.625000 0.250000
vt 0.593750 0.437500
vt 0.593750 0.375000
vt 0.593750 0.875000
vt 0.593750 0.812500
vt 0.593750 0.312500
vt 0.593750 0.750000
vt 0.593750 0.250000
vt 0.593750 0.687500
vt 0.593750 0.187500
vt 0.593750 0.625000
vt 0.593750 0.125000
vt 0.593750 0.562500
vt 0.593750 0.062500
vt 0.593750 0.500000
vt 0.609375 1.000000
vt 0.593750 0.937500
vt 0.609375 0.000000
vt 0.562500 0.187500
vt 0.562500 0.125000
vt 0.562500 0.625000
vt 0.562500 0.562500
vt 0.562500 0.062500
vt 0.562500 0.500000
vt 0.578125 1.000000
vt 0.562500 0.937500
vt 0.578125 0.000000
vt 0.562500 0.437500
vt 0.562500 0.875000
vt 0.562500 0.375000
vt 0.562500 0.812500
vt 0.562500 0.312500
vt 0.562500 0.750000
vt 0.562500 0.250000
vt 0.562500 0.687500
vt 0.531250 0.375000
vt 0.531250 0.312500
vt 0.531250 0.812500
vt 0.531250 0.750000
vt 0.531250 0.250000
vt 0.531250 0.687500
vt 0.531250 0.187500
vt 0.531250 0.625000
vt 0.531250 0.125000
vt 0.531250 0.562500
vt 0.531250 0.062500
vt 0.531250 0.500000
vt 0.546875 1.000000
vt 0.531250 0.937500
vt 0.546875 0.000000
vt 0.531250 0.437500
vt 0.531250 0.875000
vt 0.500000 0.125000
vt 0.500000 0.062500
vt 0.500000 0.562500
vt 0.500000 0.500000
vt 0.515625 1.000000
vt 0.500000 0.937500
vt 0.515625 0.000000
vt 0.500000 0.437500
vt 0.500000 0.875000
vt 0.500000 0.375000
vt 0.500000 0.812500
vt 0.500000 0.312500
vt 0.500000 0.750000
vt 0.500000 0.250000
vt 0.500000 0.687500
vt 0.500000 0.187500
vt 0.500000 0.625000
vt 0.468750 0.812500
vt 0.468750 0.750000
vt 0.468750 0.312500
vt 0.468750 0.250000
vt 0.468750 0.687500
vt 0.468750 0.187500
vt 0.468750 0.625000
vt 0.468750 0.125000
vt 0.468750 0.562500
vt 0.468750 0.062500
vt 0.468750 0.500000
vt 0.484375 1.000000
vt 0.468750 0.937500
vt 0.484375 0.000000
vt 0.468750 0.437500
vt 0.468750 0.875000
vt 0.468750 0.375000
vt 0.437500 0.562500
vt 0.437500 0.500000
vt 0.453125 1.000000
vt 0.437500 0.937500
vt 0.453125 0.000000
vt 0.437500 0.062500
vt 0.437500 0.437500
vt 0.437500 0.875000
vt 0.437500 0.375000
vt 0.437500 0.812500
vt 0.437500 0.312500
vt 0.437500 0.750000
vt 0.437500 0.250000
vt 0.437500 0.687500
vt 0.437500 0.187500
vt 0.437500 0.625000
vt 0.437500 0.125000
vt 0.406250 0.312500
vt 0.406250 0.250000
vt 0.406250 0.750000
vt 0.406250 0.687500
vt 0.406250 0.187500
vt 0.406250 0.625000
vt 0.406250 0.125000
vt 0.406250 0.562500
vt 0.406250 0.062500
vt 0.406250 0.500000
vt 0.421875 1.000000
vt 0.406250 0.937500
vt 0.421875 0.000000
vt 0.406250 0.437500
vt 0.406250 0.875000
vt 0.406250 0.375000
vt 0.406250 0.812500
vt 0.390625 1.000000
vt 0.375000 0.937500
vt 0.390625 0.000000
vt 0.375000 0.062500
vt 0.375000 0.500000
vt 0.375000 0.437500
vt 0.375000 0.875000
vt 0.375000 0.375000
vt 0.375000 0.812500
vt 0.375000 0.312500
vt 0.375000 0.750000
vt 0.375000 0.250000
vt 0.375000 0.687500
vt 0.375000 0.187500
vt 0.375000 0.625000
vt 0.375000 0.125000
vt 0.375000 0.562500
vt 0.343750 0.750000
vt 0.343750 0.687500
vt 0.343750 0.250000
vt 0.343750 0.187500
vt 0.343750 0.625000
vt 0.343750 0.125000
vt 0.343750 0.562500
vt 0.343750 0.062500
vt 0.343750 0.500000
vt 0.359375 1.000000
vt 0.343750 0.937500
vt 0.359375 0.000000
vt 0.343750 0.437500
vt 0.343750 0.875000
vt 0.343750 0.375000
vt 0.343750 0.812500
vt 0.343750 0.312500
vt 0.312500 0.500000
vt 0.312500 0.437500
vt 0.312500 0.937500
vt 0.312500 0.875000
vt 0.312500 0.375000
vt 0.312500 0.812500
vt 0.312500 0.312500
vt 0.312500 0.750000
vt 0.312500 0.250000
vt 0.312500 0.687500
vt 0.312500 0.187500
vt 0.312500 0.625000
vt 0.312500 0.125000
vt 0.312500 0.562500
vt 0.312500 0.062500
vt 0.328125 1.000000
vt 0.328125 0.000000
vt 0.281250 0.250000
vt 0.281250 0.187500
vt 0.281250 0.687500
vt 0.281250 0.625000
vt 0.281250 0.125000
vt 0.281250 0.562500
vt 0.281250 0.062500
vt 0.281250 0.500000
vt 0.296875 1.000000
vt 0.281250 0.937500
vt 0.296875 0.000000
vt 0.281250 0.437500
vt 0.281250 0.875000
vt 0.281250 0.375000
vt 0.281250 0.812500
vt 0.281250 0.312500
vt 0.281250 0.750000
vt 0.250000 0.437500
vt 0.250000 0.375000
vt 0.250000 0.875000
vt 0.250000 0.812500
vt 0.250000 0.312500
vt 0.250000 0.750000
vt 0.250000 0.250000
vt 0.250000 0.687500
vt 0.250000 0.187500
vt 0.250000 0.625000
vt 0.250000 0.125000
vt 0.250000 0.562500
vt 0.250000 0.062500
vt 0.250000 0.500000
vt 0.265625 1.000000
vt 0.250000 0.937500
vt 0.265625 0.000000
vt 0.218750 0.187500
vt 0.218750 0.125000
vt 0.218750 0.625000
vt 0.218750 0.562500
vt 0.218750 0.062500
vt 0.218750 0.500000
vt 0.234375 1.000000
vt 0.218750 0.937500
vt 0.234375 0.000000
vt 0.218750 0.437500
vt 0.218750 0.875000
vt 0.218750 0.375000
vt 0.218750 0.812500
vt 0.218750 0.312500
vt 0.218750 0.750000
vt 0.218750 0.250000
vt 0.218750 0.687500
vt 0.187500 0.875000
vt 0.187500 0.812500
vt 0.187500 0.375000
vt 0.187500 0.312500
vt 0.187500 0.750000
vt 0.187500 0.250000
vt 0.187500 0.687500
vt 0.187500 0.187500
vt 0.187500 0.625000
vt 0.187500 0.125000
vt 0.187500 0.562500
vt 0.187500 0.062500
vt 0.187500 0.500000
vt 0.203125 1.000000
vt 0.187500 0.937500
vt 0.203125 0.000000
vt 0.187500 0.437500
vt 0.156250 0.625000
vt 0.156250 0.562500
vt 0.156250 0.125000
vt 0.156250 0.062500
vt 0.156250 0.500000
vt 0.171875 1.000000
vt 0.156250 0.937500
vt 0.171875 0.000000
vt 0.156250 0.437500
vt 0.156250 0.875000
vt 0.156250 0.375000
vt 0.156250 0.812500
vt 0.156250 0.312500
vt 0.156250 0.750000
vt 0.156250 0.250000
vt 0.156250 0.687500
vt 0.156250 0.187500
vt 0.125000 0.375000
vt 0.125000 0.312500
vt 0.125000 0.812500
vt 0.125000 0.750000
vt 0.125000 0.250000
vt 0.125000 0.687500
vt 0.125000 0.187500
vt 0.125000 0.625000
vt 0.125000 0.125000
vt 0.125000 0.562500
vt 0.125000 0.062500
vt 0.125000 0.500000
vt 0.140625 1.000000
vt 0.125000 0.937500
vt 0.140625 0.000000
vt 0.125000 0.437500
vt 0.125000 0.875000
vt 0.093750 0.125000
vt 0.093750 0.062500
vt 0.093750 0.562500
vt 0.093750 0.500000
vt 0.109375 1.000000
vt 0.093750 0.937500
vt 0.109375 0.000000
vt 0.093750 0.437500
vt 0.093750 0.875000
vt 0.093750 0.375000
vt 0.093750 0.812500
vt 0.093750 0.312500
vt 0.093750 0.750000
vt 0.093750 0.250000
vt 0.093750 0.687500
vt 0.093750 0.187500
vt 0.093750 0.625000
vt 0.062500 0.812500
vt 0.062500 0.750000
vt 0.062500 0.312500
vt 0.062500 0.250000
vt 0.062500 0.687500
vt 0.062500 0.187500
vt 0.062500 0.625000
vt 0.062500 0.125000
vt 0.062500 0.562500
vt 0.062500 0.062500
vt 0.062500 0.500000
vt 0.078125 1.000000
vt 0.062500 0.937500
vt 0.078125 0.000000
vt 0.062500 0.437500
vt 0.062500 0.875000
vt 0.062500 0.375000
vt 0.031250 0.562500
vt 0.031250 0.500000
vt 0.046875 1.000000
vt 0.031250 0.937500
vt 0.046875 0.000000
vt 0.031250 0.062500
vt 0.031250 0.437500
vt 0.031250 0.875000
vt 0.031250 0.375000
vt 0.031250 0.812500
vt 0.031250 0.312500
vt 0.031250 0.750000
vt 0.031250 0.250000
vt 0.031250 0.687500
vt 0.031250 0.187500
vt 0.031250 0.625000
vt 0.031250 0.125000
vt 0.000000 0.312500
vt 0.000000 0.250000
vt 0.000000 0.750000
vt 0.000000 0.687500
vt 0.000000 0.187500
vt 0.000000 0.625000
vt 0.000000 0.125000
vt 0.000000 0.562500
vt 0.000000 0.062500
vt 0.000000 0.500000
vt 0.015625 1.000000
vt 0.000000 0.937500
vt 0.015625 0.000000
vt 0.000000 0.437500
vt 0.000000 0.875000
vt 0.000000 0.375000
vt 0.000000 0.812500
vt 0.984375 0.000000
vt 1.000000 0.062500
vt 0.968750 0.062500
vt 1.000000 0.437500
vt 1.000000 0.500000
vt 0.968750 0.500000
vt 0.968750 0.437500
vt 1.000000 0.875000
vt 1.000000 0.937500
vt 0.968750 0.937500
vt 0.968750 0.875000
vt 1.000000 0.375000
vt 0.968750 0.375000
vt 1.000000 0.812500
vt 0.968750 0.812500
vt 1.000000 0.312500
vt 0.968750 0.312500
vt 1.000000 0.750000
vt 0.968750 0.750000
vt 1.000000 0.250000
vt 0.968750 0.250000
vt 1.000000 0.687500
vt 0.968750 0.687500
vt 1.000000 0.187500
vt 0.968750 0.187500
vt 1.000000 0.625000
vt 0.968750 0.625000
vt 1.000000 0.125000
vt 0.968750 0.125000
vt 1.000000 0.562500
vt 0.968750 0.562500
vt 0.984375 1.000000
vt 0.937500 0.250000
vt 0.937500 0.187500
vt 0.937500 0.687500
vt 0.937500 0.625000
vt 0.937500 0.125000
vt 0.937500 0.562500
vt 0.937500 0.062500
vt 0.937500 0.500000
vt 0.953125 1.000000
vt 0.937500 0.937500
vt 0.953125 0.000000
vt 0.937500 0.437500
vt 0.937500 0.875000
vt 0.937500 0.375000
vt 0.937500 0.812500
vt 0.937500 0.312500
vt 0.937500 0.750000
vt 0.906250 0.937500
vt 0.906250 0.875000
vt 0.906250 0.437500
vt 0.906250 0.375000
vt 0.906250 0.812500
vt 0.906250 0.312500
vt 0.906250 0.750000
vt 0.906250 0.250000
vt 0.906250 0.687500
vt 0.906250 0.187500
vt 0.906250 0.625000
vt 0.906250 0.125000
vt 0.906250 0.562500
vt 0.906250 0.062500
vt 0.906250 0.500000
vt 0.921875 1.000000
vt 0.921875 0.000000
vt 0.875000 0.687500
vt 0.875000 0.625000
vt 0.875000 0.187500
vt 0.875000 0.125000
vt 0.875000 0.562500
vt 0.875000 0.062500
vt 0.875000 0.500000
vt 0.890625 1.000000
vt 0.875000 0.937500
vt 0.890625 0.000000
vt 0.875000 0.437500
vt 0.875000 0.875000
vt 0.875000 0.375000
vt 0.875000 0.812500
vt 0.875000 0.312500
vt 0.875000 0.750000
vt 0.875000 0.250000
vt 0.843750 0.437500
vt 0.843750 0.375000
vt 0.843750 0.875000
vt 0.843750 0.812500
vt 0.843750 0.312500
vt 0.843750 0.750000
vt 0.843750 0.250000
vt 0.843750 0.687500
vt 0.843750 0.187500
vt 0.843750 0.625000
vt 0.843750 0.125000
vt 0.843750 0.562500
vt 0.843750 0.062500
vt 0.843750 0.500000
vt 0.859375 1.000000
vt 0.843750 0.937500
vt 0.859375 0.000000
vt 0.812500 0.187500
vt 0.812500 0.125000
vt 0.812500 0.625000
vt 0.812500 0.562500
vt 0.812500 0.062500
vt 0.812500 0.500000
vt 0.828125 1.000000
vt 0.812500 0.937500
vt 0.828125 0.000000
vt 0.812500 0.437500
vt 0.812500 0.875000
vt 0.812500 0.375000
vt 0.812500 0.812500
vt 0.812500 0.312500
vt 0.812500 0.750000
vt 0.812500 0.250000
vt 0.812500 0.687500
vt 0.781250 0.875000
vt 0.781250 0.812500
vt 0.781250 0.375000
vt 0.781250 0.312500
vt 0.781250 0.750000
vt 0.781250 0.250000
vt 0.781250 0.687500
vt 0.781250 0.187500
vt 0.781250 0.625000
vt 0.781250 0.125000
vt 0.781250 0.562500
vt 0.781250 0.062500
vt 0.781250 0.500000
vt 0.796875 1.000000
vt 0.781250 0.937500
vt 0.796875 0.000000
vt 0.781250 0.437500
vt 0.765625 1.000000
vt 0.765625 0.000000
s 0
usemtl Material.015
f 3034/2346/2343 3033/2347/2343 2574/2348/2343 2575/2349/2343
f 2557/2350/2344 3030/2351/2344 2567/2352/2344 2568/2353/2344
f 3035/2354/2345 3034/2346/2345 2575/2349/2345 2576/2355/2345
f 2558/2356/2346 2557/2350/2346 2568/2353/2346 2569/2357/2346
f 3027/2358/2347 2554/2359/2347 2562/2360/2347
f 2561/2361/2348 3035/2354/2348 2576/2355/2348
f 2559/2362/2349 2558/2356/2349 2569/2357/2349 2570/2363/2349
f 3028/2364/2350 3027/2358/2350 2562/2360/2350 2563/2365/2350
f 3031/2366/2351 2559/2362/2351 2570/2363/2351 2571/2367/2351
f 2555/2368/2352 3028/2364/2352 2563/2365/2352 2564/2369/2352
f 2560/2370/2353 3031/2366/2353 2571/2367/2353 2572/2371/2353
f 3029/2372/2354 2555/2368/2354 2564/2369/2354 2565/2373/2354
f 3032/2374/2355 2560/2370/2355 2572/2371/2355 2573/2375/2355
f 2556/2376/2356 3029/2372/2356 2565/2373/2356 2566/2377/2356
f 3033/2347/2357 3032/2374/2357 2573/2375/2357 2574/2348/2357
f 3030/2351/2358 2556/2376/2358 2566/2377/2358 2567/2352/2358
f 2574/2348/2359 2573/2375/2359 2588/2378/2359 2589/2379/2359
f 2567/2352/2360 2566/2377/2360 2581/2380/2360 2582/2381/2360
f 2575/2349/2361 2574/2348/2361 2589/2379/2361 2590/2382/2361
f 2568/2353/2362 2567/2352/2362 2582/2381/2362 2583/2383/2362
f 2576/2355/2363 2575/2349/2363 2590/2382/2363 2591/2384/2363
f 2569/2357/2364 2568/2353/2364 2583/2383/2364 2584/2385/2364
f 2562/2360/2365 2554/2386/2365 2577/2387/2365
f 2561/2388/2366 2576/2355/2366 2591/2384/2366
f 2570/2363/2367 2569/2357/2367 2584/2385/2367 2585/2389/2367
f 2563/2365/2368 2562/2360/2368 2577/2387/2368 2578/2390/2368
f 2571/2367/2369 2570/2363/2369 2585/2389/2369 2586/2391/2369
f 2564/2369/2370 2563/2365/2370 2578/2390/2370 2579/2392/2370
f 2572/2371/2371 2571/2367/2371 2586/2391/2371 2587/2393/2371
f 2565/2373/2372 2564/2369/2372 2579/2392/2372 2580/2394/2372
f 2573/2375/2373 2572/2371/2373 2587/2393/2373 2588/2378/2373
f 2566/2377/2374 2565/2373/2374 2580/2394/2374 2581/2380/2374
f 2578/2390/2375 2577/2387/2375 2592/2395/2375 2593/2396/2375
f 2586/2391/2376 2585/2389/2376 2600/2397/2376 2601/2398/2376
f 2579/2392/2377 2578/2390/2377 2593/2396/2377 2594/2399/2377
f 2587/2393/2378 2586/2391/2378 2601/2398/2378 2602/2400/2378
f 2580/2394/2379 2579/2392/2379 2594/2399/2379 2595/2401/2379
f 2588/2378/2380 2587/2393/2380 2602/2400/2380 2603/2402/2380
f 2581/2380/2381 2580/2394/2381 2595/2401/2381 2596/2403/2381
f 2589/2379/2382 2588/2378/2382 2603/2402/2382 2604/2404/2382
f 2582/2381/2383 2581/2380/2383 2596/2403/2383 2597/2405/2383
f 2590/2382/2384 2589/2379/2384 2604/2404/2384 2605/2406/2384
f 2583/2383/2385 2582/2381/2385 2597/2405/2385 2598/2407/2385
f 2591/2384/2386 2590/2382/2386 2605/2406/2386 2606/2408/2386
f 2584/2385/2387 2583/2383/2387 2598/2407/2387 2599/2409/2387
f 2577/2387/2388 2554/2410/2388 2592/2395/2388
f 2561/2411/2389 2591/2384/2389 2606/2408/2389
f 2585/2389/2390 2584/2385/2390 2599/2409/2390 2600/2397/2390
f 2597/2405/2391 2596/2403/2391 2611/2412/2391 2612/2413/2391
f 2605/2406/2392 2604/2404/2392 2619/2414/2392 2620/2415/2392
f 2598/2407/2393 2597/2405/2393 2612/2413/2393 2613/2416/2393
f 2606/2408/2394 2605/2406/2394 2620/2415/2394 2621/2417/2394
f 2599/2409/2395 2598/2407/2395 2613/2416/2395 2614/2418/2395
f 2592/2395/2396 2554/2419/2396 2607/2420/2396
f 2561/2421/2397 2606/2408/2397 2621/2417/2397
f 2600/2397/2398 2599/2409/2398 2614/2418/2398 2615/2422/2398
f 2593/2396/2399 2592/2395/2399 2607/2420/2399 2608/2423/2399
f 2601/2398/2400 2600/2397/2400 2615/2422/2400 2616/2424/2400
f 2594/2399/2401 2593/2396/2401 2608/2423/2401 2609/2425/2401
f 2602/2400/2402 2601/2398/2402 2616/2424/2402 2617/2426/2402
f 2595/2401/2403 2594/2399/2403 2609/2425/2403 2610/2427/2403
f 2603/2402/2404 2602/2400/2404 2617/2426/2404 2618/2428/2404
f 2596/2403/2405 2595/2401/2405 2610/2427/2405 2611/2412/2405
f 2604/2404/2406 2603/2402/2406 2618/2428/2406 2619/2414/2406
f 2616/2424/2407 2615/2422/2407 2630/2429/2407 2631/2430/2407
f 2609/2425/2408 2608/2423/2408 2623/2431/2408 2624/2432/2408
f 2617/2426/2409 2616/2424/2409 2631/2430/2409 2632/2433/2409
f 2610/2427/2410 2609/2425/2410 2624/2432/2410 2625/2434/2410
f 2618/2428/2411 2617/2426/2411 2632/2433/2411 2633/2435/2411
f 2611/2412/2412 2610/2427/2412 2625/2434/2412 2626/2436/2412
f 2619/2414/2413 2618/2428/2413 2633/2435/2413 2634/2437/2413
f 2612/2413/2414 2611/2412/2414 2626/2436/2414 2627/2438/2414
f 2620/2415/2415 2619/2414/2415 2634/2437/2415 2635/2439/2415
f 2613/2416/2416 2612/2413/2416 2627/2438/2416 2628/2440/2416
f 2621/2417/2417 2620/2415/2417 2635/2439/2417 2636/2441/2417
f 2614/2418/2418 2613/2416/2418 2628/2440/2418 2629/2442/2418
f 2607/2420/2419 2554/2443/2419 2622/2444/2419
f 2561/2445/2420 2621/2417/2420 2636/2441/2420
f 2615/2422/2421 2614/2418/2421 2629/2442/2421 2630/2429/2421
f 2608/2423/2422 2607/2420/2422 2622/2444/2422 2623/2431/2422
f 2635/2439/2423 2634/2437/2423 2649/2446/2423 2650/2447/2423
f 2628/2440/2424 2627/2438/2424 2642/2448/2424 2643/2449/2424
f 2636/2441/2425 2635/2439/2425 2650/2447/2425 2651/2450/2425
f 2629/2442/2426 2628/2440/2426 2643/2449/2426 2644/2451/2426
f 2622/2444/2427 2554/2452/2427 2637/2453/2427
f 2561/2454/2428 2636/2441/2428 2651/2450/2428
f 2630/2429/2429 2629/2442/2429 2644/2451/2429 2645/2455/2429
f 2623/2431/2430 2622/2444/2430 2637/2453/2430 2638/2456/2430
f 2631/2430/2431 2630/2429/2431 2645/2455/2431 2646/2457/2431
f 2624/2432/2432 2623/2431/2432 2638/2456/2432 2639/2458/2432
f 2632/2433/2433 2631/2430/2433 2646/2457/2433 2647/2459/2433
f 2625/2434/2434 2624/2432/2434 2639/2458/2434 2640/2460/2434
f 2633/2435/2435 2632/2433/2435 2647/2459/2435 2648/2461/2435
f 2626/2436/2436 2625/2434/2436 2640/2460/2436 2641/2462/2436
f 2634/2437/2437 2633/2435/2437 2648/2461/2437 2649/2446/2437
f 2627/2438/2438 2626/2436/2438 2641/2462/2438 2642/2448/2438
f 2647/2459/2439 2646/2457/2439 2661/2463/2439 2662/2464/2439
f 2640/2460/2440 2639/2458/2440 2654/2465/2440 2655/2466/2440
f 2648/2461/2441 2647/2459/2441 2662/2464/2441 2663/2467/2441
f 2641/2462/2442 2640/2460/2442 2655/2466/2442 2656/2468/2442
f 2649/2446/2443 2648/2461/2443 2663/2467/2443 2664/2469/2443
f 2642/2448/2444 2641/2462/2444 2656/2468/2444 2657/2470/2444
f 2650/2447/2445 2649/2446/2445 2664/2469/2445 2665/2471/2445
f 2643/2449/2446 2642/2448/2446 2657/2470/2446 2658/2472/2446
f 2651/2450/2447 2650/2447/2447 2665/2471/2447 2666/2473/2447
f 2644/2451/2448 2643/2449/2448 2658/2472/2448 2659/2474/2448
f 2637/2453/2449 2554/2475/2449 2652/2476/2449
f 2561/2477/2450 2651/2450/2450 2666/2473/2450
f 2645/2455/2451 2644/2451/2451 2659/2474/2451 2660/2478/2451
f 2638/2456/2452 2637/2453/2452 2652/2476/2452 2653/2479/2452
f 2646/2457/2453 2645/2455/2453 2660/2478/2453 2661/2463/2453
f 2639/2458/2454 2638/2456/2454 2653/2479/2454 2654/2465/2454
f 2666/2473/2455 2665/2471/2455 2680/2480/2455 2681/2481/2455
f 2659/2474/2456 2658/2472/2456 2673/2482/2456 2674/2483/2456
f 2652/2476/2457 2554/2484/2457 2667/2485/2457
f 2561/2486/2458 2666/2473/2458 2681/2481/2458
f 2660/2478/2459 2659/2474/2459 2674/2483/2459 2675/2487/2459
f 2653/2479/2460 2652/2476/2460 2667/2485/2460 2668/2488/2460
f 2661/2463/2461 2660/2478/2461 2675/2487/2461 2676/2489/2461
f 2654/2465/2462 2653/2479/2462 2668/2488/2462 2669/2490/2462
f 2662/2464/2463 2661/2463/2463 2676/2489/2463 2677/2491/2463
f 2655/2466/2464 2654/2465/2464 2669/2490/2464 2670/2492/2464
f 2663/2467/2465 2662/2464/2465 2677/2491/2465 2678/2493/2465
f 2656/2468/2466 2655/2466/2466 2670/2492/2466 2671/2494/2466
f 2664/2469/2467 2663/2467/2467 2678/2493/2467 2679/2495/2467
f 2657/2470/2468 2656/2468/2468 2671/2494/2468 2672/2496/2468
f 2665/2471/2469 2664/2469/2469 2679/2495/2469 2680/2480/2469
f 2658/2472/2470 2657/2470/2470 2672/2496/2470 2673/2482/2470
f 2670/2492/2471 2669/2490/2471 2684/2497/2471 2685/2498/2471
f 2678/2493/2472 2677/2491/2472 2692/2499/2472 2693/2500/2472
f 2671/2494/2473 2670/2492/2473 2685/2498/2473 2686/2501/2473
f 2679/2495/2474 2678/2493/2474 2693/2500/2474 2694/2502/2474
f 2672/2496/2475 2671/2494/2475 2686/2501/2475 2687/2503/2475
f 2680/2480/2476 2679/2495/2476 2694/2502/2476 2695/2504/2476
f 2673/2482/2477 2672/2496/2477 2687/2503/2477 2688/2505/2477
f 2681/2481/2478 2680/2480/2478 2695/2504/2478 2696/2506/2478
f 2674/2483/2479 2673/2482/2479 2688/2505/2479 2689/2507/2479
f 2667/2485/2480 2554/2508/2480 2682/2509/2480
f 2561/2510/2481 2681/2481/2481 2696/2506/2481
f 2675/2487/2482 2674/2483/2482 2689/2507/2482 2690/2511/2482
f 2668/2488/2483 2667/2485/2483 2682/2509/2483 2683/2512/2483
f 2676/2489/2484 2675/2487/2484 2690/2511/2484 2691/2513/2484
f 2669/2490/2485 2668/2488/2485 2683/2512/2485 2684/2497/2485
f 2677/2491/2486 2676/2489/2486 2691/2513/2486 2692/2499/2486
f 2689/2507/2487 2688/2505/2487 2703/2514/2487 2704/2515/2487
f 2682/2509/2488 2554/2516/2488 2697/2517/2488
f 2561/2518/2489 2696/2506/2489 2711/2519/2489
f 2690/2511/2490 2689/2507/2490 2704/2515/2490 2705/2520/2490
f 2683/2512/2491 2682/2509/2491 2697/2517/2491 2698/2521/2491
f 2691/2513/2492 2690/2511/2492 2705/2520/2492 2706/2522/2492
f 2684/2497/2493 2683/2512/2493 2698/2521/2493 2699/2523/2493
f 2692/2499/2494 2691/2513/2494 2706/2522/2494 2707/2524/2494
f 2685/2498/2495 2684/2497/2495 2699/2523/2495 2700/2525/2495
f 2693/2500/2496 2692/2499/2496 2707/2524/2496 2708/2526/2496
f 2686/2501/2497 2685/2498/2497 2700/2525/2497 2701/2527/2497
f 2694/2502/2498 2693/2500/2498 2708/2526/2498 2709/2528/2498
f 2687/2503/2499 2686/2501/2499 2701/2527/2499 2702/2529/2499
f 2695/2504/2500 2694/2502/2500 2709/2528/2500 2710/2530/2500
f 2688/2505/2501 2687/2503/2501 2702/2529/2501 2703/2514/2501
f 2696/2506/2502 2695/2504/2502 2710/2530/2502 2711/2519/2502
f 2708/2526/2503 2707/2524/2503 2722/2531/2503 2723/2532/2503
f 2701/2527/2504 2700/2525/2504 2715/2533/2504 2716/2534/2504
f 2709/2528/2505 2708/2526/2505 2723/2532/2505 2724/2535/2505
f 2702/2529/2506 2701/2527/2506 2716/2534/2506 2717/2536/2506
f 2710/2530/2507 2709/2528/2507 2724/2535/2507 2725/2537/2507
f 2703/2514/2508 2702/2529/2508 2717/2536/2508 2718/2538/2508
f 2711/2519/2509 2710/2530/2509 2725/2537/2509 2726/2539/2509
f 2704/2515/2510 2703/2514/2510 2718/2538/2510 2719/2540/2510
f 2697/2517/2511 2554/2541/2511 2712/2542/2511
f 2561/2543/2512 2711/2519/2512 2726/2539/2512
f 2705/2520/2513 2704/2515/2513 2719/2540/2513 2720/2544/2513
f 2698/2521/2514 2697/2517/2514 2712/2542/2514 2713/2545/2514
f 2706/2522/2515 2705/2520/2515 2720/2544/2515 2721/2546/2515
f 2699/2523/2516 2698/2521/2516 2713/2545/2516 2714/2547/2516
f 2707/2524/2517 2706/2522/2517 2721/2546/2517 2722/2531/2517
f 2700/2525/2518 2699/2523/2518 2714/2547/2518 2715/2533/2518
f 2712/2542/2519 2554/2548/2519 2727/2549/2519
f 2561/2550/2520 2726/2539/2520 2741/2551/2520
f 2720/2544/2521 2719/2540/2521 2734/2552/2521 2735/2553/2521
f 2713/2545/2522 2712/2542/2522 2727/2549/2522 2728/2554/2522
f 2721/2546/2523 2720/2544/2523 2735/2553/2523 2736/2555/2523
f 2714/2547/2524 2713/2545/2524 2728/2554/2524 2729/2556/2524
f 2722/2531/2525 2721/2546/2525 2736/2555/2525 2737/2557/2525
f 2715/2533/2526 2714/2547/2526 2729/2556/2526 2730/2558/2526
f 2723/2532/2527 2722/2531/2527 2737/2557/2527 2738/2559/2527
f 2716/2534/2528 2715/2533/2528 2730/2558/2528 2731/2560/2528
f 2724/2535/2529 2723/2532/2529 2738/2559/2529 2739/2561/2529
f 2717/2536/2530 2716/2534/2530 2731/2560/2530 2732/2562/2530
f 2725/2537/2531 2724/2535/2531 2739/2561/2531 2740/2563/2531
f 2718/2538/2532 2717/2536/2532 2732/2562/2532 2733/2564/2532
f 2726/2539/2533 2725/2537/2533 2740/2563/2533 2741/2551/2533
f 2719/2540/2534 2718/2538/2534 2733/2564/2534 2734/2552/2534
f 2731/2560/2535 2730/2558/2535 2745/2565/2535 2746/2566/2535
f 2739/2561/2536 2738/2559/2536 2753/2567/2536 2754/2568/2536
f 2732/2562/2537 2731/2560/2537 2746/2566/2537 2747/2569/2537
f 2740/2563/2538 2739/2561/2538 2754/2568/2538 2755/2570/2538
f 2733/2564/2539 2732/2562/2539 2747/2569/2539 2748/2571/2539
f 2741/2551/2540 2740/2563/2540 2755/2570/2540 2756/2572/2540
f 2734/2552/2541 2733/2564/2541 2748/2571/2541 2749/2573/2541
f 2727/2549/2542 2554/2574/2542 2742/2575/2542
f 2561/2576/2543 2741/2551/2543 2756/2572/2543
f 2735/2553/2544 2734/2552/2544 2749/2573/2544 2750/2577/2544
f 2728/2554/2545 2727/2549/2545 2742/2575/2545 2743/2578/2545
f 2736/2555/2546 2735/2553/2546 2750/2577/2546 2751/2579/2546
f 2729/2556/2547 2728/2554/2547 2743/2578/2547 2744/2580/2547
f 2737/2557/2548 2736/2555/2548 2751/2579/2548 2752/2581/2548
f 2730/2558/2549 2729/2556/2549 2744/2580/2549 2745/2565/2549
f 2738/2559/2550 2737/2557/2550 2752/2581/2550 2753/2567/2550
f 2750/2577/2551 2749/2573/2551 2764/2582/2551 2765/2583/2551
f 2743/2578/2552 2742/2575/2552 2757/2584/2552 2758/2585/2552
f 2751/2579/2553 2750/2577/2553 2765/2583/2553 2766/2586/2553
f 2744/2580/2554 2743/2578/2554 2758/2585/2554 2759/2587/2554
f 2752/2581/2555 2751/2579/2555 2766/2586/2555 2767/2588/2555
f 2745/2565/2556 2744/2580/2556 2759/2587/2556 2760/2589/2556
f 2753/2567/2557 2752/2581/2557 2767/2588/2557 2768/2590/2557
f 2746/2566/2558 2745/2565/2558 2760/2589/2558 2761/2591/2558
f 2754/2568/2559 2753/2567/2559 2768/2590/2559 2769/2592/2559
f 2747/2569/2560 2746/2566/2560 2761/2591/2560 2762/2593/2560
f 2755/2570/2561 2754/2568/2561 2769/2592/2561 2770/2594/2561
f 2748/2571/2562 2747/2569/2562 2762/2593/2562 2763/2595/2562
f 2756/2572/2563 2755/2570/2563 2770/2594/2563 2771/2596/2563
f 2749/2573/2564 2748/2571/2564 2763/2595/2564 2764/2582/2564
f 2742/2575/2565 2554/2597/2565 2757/2584/2565
f 2561/2598/2566 2756/2572/2566 2771/2596/2566
f 2769/2592/2567 2768/2590/2567 2783/2599/2567 2784/2600/2567
f 2762/2593/2568 2761/2591/2568 2776/2601/2568 2777/2602/2568
f 2770/2594/2569 2769/2592/2569 2784/2600/2569 2785/2603/2569
f 2763/2595/2570 2762/2593/2570 2777/2602/2570 2778/2604/2570
f 2771/2596/2571 2770/2594/2571 2785/2603/2571 2786/2605/2571
f 2764/2582/2572 2763/2595/2572 2778/2604/2572 2779/2606/2572
f 2757/2584/2573 2554/2607/2573 2772/2608/2573
f 2561/2609/2574 2771/2596/2574 2786/2605/2574
f 2765/2583/2575 2764/2582/2575 2779/2606/2575 2780/2610/2575
f 2758/2585/2576 2757/2584/2576 2772/2608/2576 2773/2611/2576
f 2766/2586/2577 2765/2583/2577 2780/2610/2577 2781/2612/2577
f 2759/2587/2578 2758/2585/2578 2773/2611/2578 2774/2613/2578
f 2767/2588/2579 2766/2586/2579 2781/2612/2579 2782/2614/2579
f 2760/2589/2580 2759/2587/2580 2774/2613/2580 2775/2615/2580
f 2768/2590/2581 2767/2588/2581 2782/2614/2581 2783/2599/2581
f 2761/2591/2582 2760/2589/2582 2775/2615/2582 2776/2601/2582
f 2781/2612/2583 2780/2610/2583 2795/2616/2583 2796/2617/2583
f 2774/2613/2584 2773/2611/2584 2788/2618/2584 2789/2619/2584
f 2782/2614/2585 2781/2612/2585 2796/2617/2585 2797/2620/2585
f 2775/2615/2586 2774/2613/2586 2789/2619/2586 2790/2621/2586
f 2783/2599/2587 2782/2614/2587 2797/2620/2587 2798/2622/2587
f 2776/2601/2588 2775/2615/2588 2790/2621/2588 2791/2623/2588
f 2784/2600/2589 2783/2599/2589 2798/2622/2589 2799/2624/2589
f 2777/2602/2590 2776/2601/2590 2791/2623/2590 2792/2625/2590
f 2785/2603/2591 2784/2600/2591 2799/2624/2591 2800/2626/2591
f 2778/2604/2592 2777/2602/2592 2792/2625/2592 2793/2627/2592
f 2786/2605/2593 2785/2603/2593 2800/2626/2593 2801/2628/2593
f 2779/2606/2594 2778/2604/2594 2793/2627/2594 2794/2629/2594
f 2772/2608/2595 2554/2630/2595 2787/2631/2595
f 2561/2632/2596 2786/2605/2596 2801/2628/2596
f 2780/2610/2597 2779/2606/2597 2794/2629/2597 2795/2616/2597
f 2773/2611/2598 2772/2608/2598 2787/2631/2598 2788/2618/2598
f 2800/2626/2599 2799/2624/2599 2814/2633/2599 2815/2634/2599
f 2793/2627/2600 2792/2625/2600 2807/2635/2600 2808/2636/2600
f 2801/2628/2601 2800/2626/2601 2815/2634/2601 2816/2637/2601
f 2794/2629/2602 2793/2627/2602 2808/2636/2602 2809/2638/2602
f 2787/2631/2603 2554/2639/2603 2802/2640/2603
f 2561/2641/2604 2801/2628/2604 2816/2637/2604
f 2795/2616/2605 2794/2629/2605 2809/2638/2605 2810/2642/2605
f 2788/2618/2606 2787/2631/2606 2802/2640/2606 2803/2643/2606
f 2796/2617/2607 2795/2616/2607 2810/2642/2607 2811/2644/2607
f 2789/2619/2608 2788/2618/2608 2803/2643/2608 2804/2645/2608
f 2797/2620/2609 2796/2617/2609 2811/2644/2609 2812/2646/2609
f 2790/2621/2610 2789/2619/2610 2804/2645/2610 2805/2647/2610
f 2798/2622/2611 2797/2620/2611 2812/2646/2611 2813/2648/2611
f 2791/2623/2612 2790/2621/2612 2805/2647/2612 2806/2649/2612
f 2799/2624/2613 2798/2622/2613 2813/2648/2613 2814/2633/2613
f 2792/2625/2614 2791/2623/2614 2806/2649/2614 2807/2635/2614
f 2804/2645/2615 2803/2643/2615 2818/2650/2615 2819/2651/2615
f 2812/2646/2616 2811/2644/2616 2826/2652/2616 2827/2653/2616
f 2805/2647/2617 2804/2645/2617 2819/2651/2617 2820/2654/2617
f 2813/2648/2618 2812/2646/2618 2827/2653/2618 2828/2655/2618
f 2806/2649/2619 2805/2647/2619 2820/2654/2619 2821/2656/2619
f 2814/2633/2620 2813/2648/2620 2828/2655/2620 2829/2657/2620
f 2807/2635/2621 2806/2649/2621 2821/2656/2621 2822/2658/2621
f 2815/2634/2622 2814/2633/2622 2829/2657/2622 2830/2659/2622
f 2808/2636/2623 2807/2635/2623 2822/2658/2623 2823/2660/2623
f 2816/2637/2624 2815/2634/2624 2830/2659/2624 2831/2661/2624
f 2809/2638/2625 2808/2636/2625 2823/2660/2625 2824/2662/2625
f 2802/2640/2626 2554/2663/2626 2817/2664/2626
f 2561/2665/2627 2816/2637/2627 2831/2661/2627
f 2810/2642/2628 2809/2638/2628 2824/2662/2628 2825/2666/2628
f 2803/2643/2629 2802/2640/2629 2817/2664/2629 2818/2650/2629
f 2811/2644/2630 2810/2642/2630 2825/2666/2630 2826/2652/2630
f 2823/2660/2631 2822/2658/2631 2837/2667/2631 2838/2668/2631
f 2831/2661/2632 2830/2659/2632 2845/2669/2632 2846/2670/2632
f 2824/2662/2633 2823/2660/2633 2838/2668/2633 2839/2671/2633
f 2817/2664/2634 2554/2672/2634 2832/2673/2634
f 2561/2674/2635 2831/2661/2635 2846/2670/2635
f 2825/2666/2636 2824/2662/2636 2839/2671/2636 2840/2675/2636
f 2818/2650/2637 2817/2664/2637 2832/2673/2637 2833/2676/2637
f 2826/2652/2638 2825/2666/2638 2840/2675/2638 2841/2677/2638
f 2819/2651/2639 2818/2650/2639 2833/2676/2639 2834/2678/2639
f 2827/2653/2640 2826/2652/2640 2841/2677/2640 2842/2679/2640
f 2820/2654/2641 2819/2651/2641 2834/2678/2641 2835/2680/2641
f 2828/2655/2642 2827/2653/2642 2842/2679/2642 2843/2681/2642
f 2821/2656/2643 2820/2654/2643 2835/2680/2643 2836/2682/2643
f 2829/2657/2644 2828/2655/2644 2843/2681/2644 2844/2683/2644
f 2822/2658/2645 2821/2656/2645 2836/2682/2645 2837/2667/2645
f 2830/2659/2646 2829/2657/2646 2844/2683/2646 2845/2669/2646
f 2842/2679/2647 2841/2677/2647 2856/2684/2647 2857/2685/2647
f 2835/2680/2648 2834/2678/2648 2849/2686/2648 2850/2687/2648
f 2843/2681/2649 2842/2679/2649 2857/2685/2649 2858/2688/2649
f 2836/2682/2650 2835/2680/2650 2850/2687/2650 2851/2689/2650
f 2844/2683/2651 2843/2681/2651 2858/2688/2651 2859/2690/2651
f 2837/2667/2652 2836/2682/2652 2851/2689/2652 2852/2691/2652
f 2845/2669/2653 2844/2683/2653 2859/2690/2653 2860/2692/2653
f 2838/2668/2654 2837/2667/2654 2852/2691/2654 2853/2693/2654
f 2846/2670/2655 2845/2669/2655 2860/2692/2655 2861/2694/2655
f 2839/2671/2656 2838/2668/2656 2853/2693/2656 2854/2695/2656
f 2832/2673/2657 2554/2696/2657 2847/2697/2657
f 2561/2698/2658 2846/2670/2658 2861/2694/2658
f 2840/2675/2659 2839/2671/2659 2854/2695/2659 2855/2699/2659
f 2833/2676/2660 2832/2673/2660 2847/2697/2660 2848/2700/2660
f 2841/2677/2661 2840/2675/2661 2855/2699/2661 2856/2684/2661
f 2834/2678/2662 2833/2676/2662 2848/2700/2662 2849/2686/2662
f 2861/2694/2663 2860/2692/2663 2875/2701/2663 2876/2702/2663
f 2854/2695/2664 2853/2693/2664 2868/2703/2664 2869/2704/2664
f 2847/2697/2665 2554/2705/2665 2862/2706/2665
f 2561/2707/2666 2861/2694/2666 2876/2702/2666
f 2855/2699/2667 2854/2695/2667 2869/2704/2667 2870/2708/2667
f 2848/2700/2668 2847/2697/2668 2862/2706/2668 2863/2709/2668
f 2856/2684/2669 2855/2699/2669 2870/2708/2669 2871/2710/2669
f 2849/2686/2670 2848/2700/2670 2863/2709/2670 2864/2711/2670
f 2857/2685/2671 2856/2684/2671 2871/2710/2671 2872/2712/2671
f 2850/2687/2672 2849/2686/2672 2864/2711/2672 2865/2713/2672
f 2858/2688/2673 2857/2685/2673 2872/2712/2673 2873/2714/2673
f 2851/2689/2674 2850/2687/2674 2865/2713/2674 2866/2715/2674
f 2859/2690/2675 2858/2688/2675 2873/2714/2675 2874/2716/2675
f 2852/2691/2676 2851/2689/2676 2866/2715/2676 2867/2717/2676
f 2860/2692/2677 2859/2690/2677 2874/2716/2677 2875/2701/2677
f 2853/2693/2678 2852/2691/2678 2867/2717/2678 2868/2703/2678
f 2865/2713/2679 2864/2711/2679 2879/2718/2679 2880/2719/2679
f 2873/2714/2680 2872/2712/2680 2887/2720/2680 2888/2721/2680
f 2866/2715/2681 2865/2713/2681 2880/2719/2681 2881/2722/2681
f 2874/2716/2682 2873/2714/2682 2888/2721/2682 2889/2723/2682
f 2867/2717/2683 2866/2715/2683 2881/2722/2683 2882/2724/2683
f 2875/2701/2684 2874/2716/2684 2889/2723/2684 2890/2725/2684
f 2868/2703/2685 2867/2717/2685 2882/2724/2685 2883/2726/2685
f 2876/2702/2686 2875/2701/2686 2890/2725/2686 2891/2727/2686
f 2869/2704/2687 2868/2703/2687 2883/2726/2687 2884/2728/2687
f 2862/2706/2688 2554/2729/2688 2877/2730/2688
f 2561/2731/2689 2876/2702/2689 2891/2727/2689
f 2870/2708/2690 2869/2704/2690 2884/2728/2690 2885/2732/2690
f 2863/2709/2691 2862/2706/2691 2877/2730/2691 2878/2733/2691
f 2871/2710/2692 2870/2708/2692 2885/2732/2692 2886/2734/2692
f 2864/2711/2693 2863/2709/2693 2878/2733/2693 2879/2718/2693
f 2872/2712/2694 2871/2710/2694 2886/2734/2694 2887/2720/2694
f 2884/2728/2695 2883/2726/2695 2898/2735/2695 2899/2736/2695
f 2877/2730/2696 2554/2737/2696 2892/2738/2696
f 2561/2739/2697 2891/2727/2697 2906/2740/2697
f 2885/2732/2698 2884/2728/2698 2899/2736/2698 2900/2741/2698
f 2878/2733/2699 2877/2730/2699 2892/2738/2699 2893/2742/2699
f 2886/2734/2700 2885/2732/2700 2900/2741/2700 2901/2743/2700
f 2879/2718/2701 2878/2733/2701 2893/2742/2701 2894/2744/2701
f 2887/2720/2702 2886/2734/2702 2901/2743/2702 2902/2745/2702
f 2880/2719/2703 2879/2718/2703 2894/2744/2703 2895/2746/2703
f 2888/2721/2704 2887/2720/2704 2902/2745/2704 2903/2747/2704
f 2881/2722/2705 2880/2719/2705 2895/2746/2705 2896/2748/2705
f 2889/2723/2706 2888/2721/2706 2903/2747/2706 2904/2749/2706
f 2882/2724/2707 2881/2722/2707 2896/2748/2707 2897/2750/2707
f 2890/2725/2708 2889/2723/2708 2904/2749/2708 2905/2751/2708
f 2883/2726/2709 2882/2724/2709 2897/2750/2709 2898/2735/2709
f 2891/2727/2710 2890/2725/2710 2905/2751/2710 2906/2740/2710
f 2903/2747/2711 2902/2745/2711 2917/2752/2711 2918/2753/2711
f 2896/2748/2712 2895/2746/2712 2910/2754/2712 2911/2755/2712
f 2904/2749/2713 2903/2747/2713 2918/2753/2713 2919/2756/2713
f 2897/2750/2714 2896/2748/2714 2911/2755/2714 2912/2757/2714
f 2905/2751/2715 2904/2749/2715 2919/2756/2715 2920/2758/2715
f 2898/2735/2716 2897/2750/2716 2912/2757/2716 2913/2759/2716
f 2906/2740/2717 2905/2751/2717 2920/2758/2717 2921/2760/2717
f 2899/2736/2718 2898/2735/2718 2913/2759/2718 2914/2761/2718
f 2892/2738/2719 2554/2762/2719 2907/2763/2719
f 2561/2764/2720 2906/2740/2720 2921/2760/2720
f 2900/2741/2721 2899/2736/2721 2914/2761/2721 2915/2765/2721
f 2893/2742/2722 2892/2738/2722 2907/2763/2722 2908/2766/2722
f 2901/2743/2723 2900/2741/2723 2915/2765/2723 2916/2767/2723
f 2894/2744/2724 2893/2742/2724 2908/2766/2724 2909/2768/2724
f 2902/2745/2725 2901/2743/2725 2916/2767/2725 2917/2752/2725
f 2895/2746/2726 2894/2744/2726 2909/2768/2726 2910/2754/2726
f 2561/2769/2727 2921/2770/2727 2936/2771/2727
f 2915/2772/2728 2914/2773/2728 2929/2774/2728 2930/2775/2728
f 2908/2776/2729 2907/2777/2729 2922/2778/2729 2923/2779/2729
f 2916/2780/2730 2915/2772/2730 2930/2775/2730 2931/2781/2730
f 2909/2782/2731 2908/2776/2731 2923/2779/2731 2924/2783/2731
f 2917/2784/2732 2916/2780/2732 2931/2781/2732 2932/2785/2732
f 2910/2786/2733 2909/2782/2733 2924/2783/2733 2925/2787/2733
f 2918/2788/2734 2917/2784/2734 2932/2785/2734 2933/2789/2734
f 2911/2790/2735 2910/2786/2735 2925/2787/2735 2926/2791/2735
f 2919/2792/2736 2918/2788/2736 2933/2789/2736 2934/2793/2736
f 2912/2794/2737 2911/2790/2737 2926/2791/2737 2927/2795/2737
f 2920/2796/2738 2919/2792/2738 2934/2793/2738 2935/2797/2738
f 2913/2798/2739 2912/2794/2739 2927/2795/2739 2928/2799/2739
f 2921/2770/2740 2920/2796/2740 2935/2797/2740 2936/2771/2740
f 2914/2773/2741 2913/2798/2741 2928/2799/2741 2929/2774/2741
f 2907/2777/2742 2554/2800/2742 2922/2778/2742
f 2934/2793/2743 2933/2789/2743 2948/2801/2743 2949/2802/2743
f 2927/2795/2744 2926/2791/2744 2941/2803/2744 2942/2804/2744
f 2935/2797/2745 2934/2793/2745 2949/2802/2745 2950/2805/2745
f 2928/2799/2746 2927/2795/2746 2942/2804/2746 2943/2806/2746
f 2936/2771/2747 2935/2797/2747 2950/2805/2747 2951/2807/2747
f 2929/2774/2748 2928/2799/2748 2943/2806/2748 2944/2808/2748
f 2922/2778/2749 2554/2809/2749 2937/2810/2749
f 2561/2811/2750 2936/2771/2750 2951/2807/2750
f 2930/2775/2751 2929/2774/2751 2944/2808/2751 2945/2812/2751
f 2923/2779/2752 2922/2778/2752 2937/2810/2752 2938/2813/2752
f 2931/2781/2753 2930/2775/2753 2945/2812/2753 2946/2814/2753
f 2924/2783/2754 2923/2779/2754 2938/2813/2754 2939/2815/2754
f 2932/2785/2755 2931/2781/2755 2946/2814/2755 2947/2816/2755
f 2925/2787/2756 2924/2783/2756 2939/2815/2756 2940/2817/2756
f 2933/2789/2757 2932/2785/2757 2947/2816/2757 2948/2801/2757
f 2926/2791/2758 2925/2787/2758 2940/2817/2758 2941/2803/2758
f 2938/2813/2759 2937/2810/2759 2952/2818/2759 2953/2819/2759
f 2946/2814/2760 2945/2812/2760 2960/2820/2760 2961/2821/2760
f 2939/2815/2761 2938/2813/2761 2953/2819/2761 2954/2822/2761
f 2947/2816/2762 2946/2814/2762 2961/2821/2762 2962/2823/2762
f 2940/2817/2763 2939/2815/2763 2954/2822/2763 2955/2824/2763
f 2948/2801/2764 2947/2816/2764 2962/2823/2764 2963/2825/2764
f 2941/2803/2765 2940/2817/2765 2955/2824/2765 2956/2826/2765
f 2949/2802/2766 2948/2801/2766 2963/2825/2766 2964/2827/2766
f 2942/2804/2767 2941/2803/2767 2956/2826/2767 2957/2828/2767
f 2950/2805/2768 2949/2802/2768 2964/2827/2768 2965/2829/2768
f 2943/2806/2769 2942/2804/2769 2957/2828/2769 2958/2830/2769
f 2951/2807/2770 2950/2805/2770 2965/2829/2770 2966/2831/2770
f 2944/2808/2771 2943/2806/2771 2958/2830/2771 2959/2832/2771
f 2937/2810/2772 2554/2833/2772 2952/2818/2772
f 2561/2834/2773 2951/2807/2773 2966/2831/2773
f 2945/2812/2774 2944/2808/2774 2959/2832/2774 2960/2820/2774
f 2957/2828/2775 2956/2826/2775 2971/2835/2775 2972/2836/2775
f 2965/2829/2776 2964/2827/2776 2979/2837/2776 2980/2838/2776
f 2958/2830/2777 2957/2828/2777 2972/2836/2777 2973/2839/2777
f 2966/2831/2778 2965/2829/2778 2980/2838/2778 2981/2840/2778
f 2959/2832/2779 2958/2830/2779 2973/2839/2779 2974/2841/2779
f 2952/2818/2780 2554/2842/2780 2967/2843/2780
f 2561/2844/2781 2966/2831/2781 2981/2840/2781
f 2960/2820/2782 2959/2832/2782 2974/2841/2782 2975/2845/2782
f 2953/2819/2783 2952/2818/2783 2967/2843/2783 2968/2846/2783
f 2961/2821/2784 2960/2820/2784 2975/2845/2784 2976/2847/2784
f 2954/2822/2785 2953/2819/2785 2968/2846/2785 2969/2848/2785
f 2962/2823/2786 2961/2821/2786 2976/2847/2786 2977/2849/2786
f 2955/2824/2787 2954/2822/2787 2969/2848/2787 2970/2850/2787
f 2963/2825/2788 2962/2823/2788 2977/2849/2788 2978/2851/2788
f 2956/2826/2789 2955/2824/2789 2970/2850/2789 2971/2835/2789
f 2964/2827/2790 2963/2825/2790 2978/2851/2790 2979/2837/2790
f 2976/2847/2791 2975/2845/2791 2990/2852/2791 2991/2853/2791
f 2969/2848/2792 2968/2846/2792 2983/2854/2792 2984/2855/2792
f 2977/2849/2793 2976/2847/2793 2991/2853/2793 2992/2856/2793
f 2970/2850/2794 2969/2848/2794 2984/2855/2794 2985/2857/2794
f 2978/2851/2795 2977/2849/2795 2992/2856/2795 2993/2858/2795
f 2971/2835/2796 2970/2850/2796 2985/2857/2796 2986/2859/2796
f 2979/2837/2797 2978/2851/2797 2993/2858/2797 2994/2860/2797
f 2972/2836/2798 2971/2835/2798 2986/2859/2798 2987/2861/2798
f 2980/2838/2799 2979/2837/2799 2994/2860/2799 2995/2862/2799
f 2973/2839/2800 2972/2836/2800 2987/2861/2800 2988/2863/2800
f 2981/2840/2801 2980/2838/2801 2995/2862/2801 2996/2864/2801
f 2974/2841/2802 2973/2839/2802 2988/2863/2802 2989/2865/2802
f 2967/2843/2803 2554/2866/2803 2982/2867/2803
f 2561/2868/2804 2981/2840/2804 2996/2864/2804
f 2975/2845/2805 2974/2841/2805 2989/2865/2805 2990/2852/2805
f 2968/2846/2806 2967/2843/2806 2982/2867/2806 2983/2854/2806
f 2995/2862/2807 2994/2860/2807 3009/2869/2807 3010/2870/2807
f 2988/2863/2808 2987/2861/2808 3002/2871/2808 3003/2872/2808
f 2996/2864/2809 2995/2862/2809 3010/2870/2809 3011/2873/2809
f 2989/2865/2810 2988/2863/2810 3003/2872/2810 3004/2874/2810
f 2982/2867/2811 2554/2875/2811 2997/2876/2811
f 2561/2877/2812 2996/2864/2812 3011/2873/2812
f 2990/2852/2813 2989/2865/2813 3004/2874/2813 3005/2878/2813
f 2983/2854/2814 2982/2867/2814 2997/2876/2814 2998/2879/2814
f 2991/2853/2815 2990/2852/2815 3005/2878/2815 3006/2880/2815
f 2984/2855/2816 2983/2854/2816 2998/2879/2816 2999/2881/2816
f 2992/2856/2817 2991/2853/2817 3006/2880/2817 3007/2882/2817
f 2985/2857/2818 2984/2855/2818 2999/2881/2818 3000/2883/2818
f 2993/2858/2819 2992/2856/2819 3007/2882/2819 3008/2884/2819
f 2986/2859/2820 2985/2857/2820 3000/2883/2820 3001/2885/2820
f 2994/2860/2821 2993/2858/2821 3008/2884/2821 3009/2869/2821
f 2987/2861/2822 2986/2859/2822 3001/2885/2822 3002/2871/2822
f 2999/2881/2823 2998/2879/2823 3013/2886/2823 3014/2887/2823
f 3007/2882/2824 3006/2880/2824 3021/2888/2824 3022/2889/2824
f 3000/2883/2825 2999/2881/2825 3014/2887/2825 3015/2890/2825
f 3008/2884/2826 3007/2882/2826 3022/2889/2826 3023/2891/2826
f 3001/2885/2827 3000/2883/2827 3015/2890/2827 3016/2892/2827
f 3009/2869/2828 3008/2884/2828 3023/2891/2828 3024/2893/2828
f 3002/2871/2829 3001/2885/2829 3016/2892/2829 3017/2894/2829
f 3010/2870/2830 3009/2869/2830 3024/2893/2830 3025/2895/2830
f 3003/2872/2831 3002/2871/2831 3017/2894/2831 3018/2896/2831
f 3011/2873/2832 3010/2870/2832 3025/2895/2832 3026/2897/2832
f 3004/2874/2833 3003/2872/2833 3018/2896/2833 3019/2898/2833
f 2997/2876/2834 2554/2899/2834 3012/2900/2834
f 2561/2901/2835 3011/2873/2835 3026/2897/2835
f 3005/2878/2836 3004/2874/2836 3019/2898/2836 3020/2902/2836
f 2998/2879/2837 2997/2876/2837 3012/2900/2837 3013/2886/2837
f 3006/2880/2838 3005/2878/2838 3020/2902/2838 3021/2888/2838
f 3018/2896/2839 3017/2894/2839 3030/2351/2839 2557/2350/2839
f 3026/2897/2840 3025/2895/2840 3034/2346/2840 3035/2354/2840
f 3019/2898/2841 3018/2896/2841 2557/2350/2841 2558/2356/2841
f 3012/2900/2842 2554/2903/2842 3027/2358/2842
f 2561/2904/2843 3026/2897/2843 3035/2354/2843
f 3020/2902/2844 3019/2898/2844 2558/2356/2844 2559/2362/2844
f 3013/2886/2845 3012/2900/2845 3027/2358/2845 3028/2364/2845
f 3021/2888/2846 3020/2902/2846 2559/2362/2846 3031/2366/2846
f 3014/2887/2847 3013/2886/2847 3028/2364/2847 2555/2368/2847
f 3022/2889/2848 3021/2888/2848 3031/2366/2848 2560/2370/2848
f 3015/2890/2849 3014/2887/2849 2555/2368/2849 3029/2372/2849
f 3023/2891/2850 3022/2889/2850 2560/2370/2850 3032/2374/2850
f 3016/2892/2851 3015/2890/2851 3029/2372/2851 2556/2376/2851
f 3024/2893/2852 3023/2891/2852 3032/2374/2852 3033/2347/2852
f 3017/2894/2853 3016/2892/2853 2556/2376/2853 3030/2351/2853
f 3025/2895/2854 3024/2893/2854 3033/2347/2854 3034/2346/2854
o Circle.004
v 0.048218 0.108828 0.118272
v 0.048030 0.120827 0.117105
v 0.047473 0.132366 0.113649
v 0.046569 0.143000 0.108038
v 0.045352 0.152321 0.100486
v 0.043870 0.159970 0.091284
v 0.042178 0.165654 0.080785
v 0.040343 0.169154 0.069393
v 0.038434 0.170336 0.057546
v 0.036525 0.169154 0.045699
v 0.034690 0.165654 0.034308
v 0.032998 0.159970 0.023809
v 0.031516 0.152321 0.014607
v 0.030299 0.143000 0.007055
v 0.029395 0.132366 0.001443
v 0.028838 0.120827 -0.002012
v 0.028650 0.108828 -0.003179
v 0.028838 0.096828 -0.002012
v 0.029395 0.085289 0.001443
v 0.030299 0.074655 0.007055
v 0.031516 0.065334 0.014607
v 0.032998 0.057685 0.023809
v 0.034690 0.052001 0.034308
v 0.036525 0.048501 0.045699
v 0.038434 0.047319 0.057546
v 0.040343 0.048501 0.069393
v 0.042178 0.052001 0.080785
v 0.043870 0.057685 0.091284
v 0.045352 0.065334 0.100486
v 0.046569 0.074655 0.108038
v 0.047473 0.085289 0.113649
v 0.048030 0.096828 0.117105
v 0.105637 0.112103 0.069660
v 0.107660 0.115981 0.068893
v 0.109466 0.119709 0.067297
v 0.110986 0.123146 0.064932
v 0.112163 0.126158 0.061889
v 0.112950 0.128629 0.058286
v 0.113318 0.130466 0.054260
v 0.113252 0.131597 0.049968
v 0.112756 0.131979 0.045572
v 0.111847 0.131597 0.041243
v 0.110561 0.130466 0.037147
v 0.108947 0.128629 0.033440
v 0.107068 0.126158 0.030267
v 0.104995 0.123146 0.027748
v 0.102809 0.119709 0.025980
v 0.100593 0.115981 0.025032
v 0.098432 0.112103 0.024939
v 0.096410 0.108226 0.025706
v 0.094604 0.104497 0.027302
v 0.093083 0.101061 0.029667
v 0.091907 0.098049 0.032710
v 0.091119 0.095577 0.036313
v 0.090751 0.093740 0.040338
v 0.090817 0.092609 0.044631
v 0.091314 0.092228 0.049027
v 0.092223 0.092609 0.053356
v 0.093509 0.093740 0.057452
v 0.095122 0.095577 0.061158
v 0.097001 0.098049 0.064332
v 0.099074 0.101061 0.066851
v 0.101260 0.104497 0.068619
v 0.103477 0.108226 0.069567
v 0.147583 0.008747 0.052433
v 0.145587 0.007423 0.052999
v 0.149426 0.010019 0.051413
v 0.151045 0.011192 0.049977
v 0.152377 0.012220 0.048180
v 0.153372 0.013063 0.046093
v 0.153991 0.013690 0.043795
v 0.154209 0.014076 0.041374
v 0.154020 0.014206 0.038924
v 0.153430 0.014076 0.036538
v 0.152462 0.013690 0.034308
v 0.151153 0.013063 0.032321
v 0.149553 0.012220 0.030651
v 0.147724 0.011192 0.029365
v 0.145736 0.010019 0.028510
v 0.143666 0.008747 0.028120
v 0.141593 0.007423 0.028209
v 0.139596 0.006100 0.028775
v 0.137753 0.004828 0.029796
v 0.136135 0.003655 0.031232
v 0.134802 0.002627 0.033028
v 0.133808 0.001784 0.035115
v 0.133189 0.001157 0.037413
v 0.132970 0.000771 0.039834
v 0.133160 0.000641 0.042285
v 0.133750 0.000771 0.044671
v 0.134718 0.001157 0.046900
v 0.136027 0.001784 0.048888
v 0.137627 0.002627 0.050557
v 0.139456 0.003655 0.051844
v 0.141443 0.004828 0.052699
v 0.143514 0.006100 0.053089
vn -0.4908 0.5668 0.6617
vn -0.4904 -0.8502 -0.1916
vn -0.5287 0.6517 0.5438
vn -0.4611 -0.8872 -0.0171
vn -0.5641 0.7111 0.4196
vn -0.4324 -0.8872 0.1611
vn -0.5952 0.7482 0.2931
vn -0.4055 -0.8502 0.3359
vn -0.6213 0.7659 0.1657
vn -0.3817 -0.7772 0.5003
vn -0.6419 0.7659 0.0378
vn -0.3626 -0.6707 0.6470
vn -0.6572 0.7482 -0.0913
vn -0.3499 -0.5348 0.7692
vn -0.6673 0.7111 -0.2212
vn -0.3451 -0.3754 0.8602
vn -0.6374 -0.0202 -0.7702
vn -0.6728 0.6517 -0.3502
vn -0.3494 -0.2006 0.9153
vn -0.6192 -0.2006 -0.7592
vn -0.6738 0.5668 -0.4741
vn -0.3633 -0.0202 0.9315
vn -0.5978 -0.3754 -0.7083
vn -0.6706 0.4547 -0.5862
vn -0.3862 0.1553 0.9092
vn -0.5738 -0.5348 -0.6203
vn -0.6633 0.3161 -0.6783
vn -0.4168 0.3161 0.8523
vn -0.5475 -0.6707 -0.5004
vn -0.6522 0.1553 -0.7419
vn -0.4525 0.4547 0.7671
vn -0.5195 -0.7772 -0.3551
vn -0.2275 -0.0650 0.9716
vn -0.5212 -0.0650 -0.8510
vn 0.4704 0.3203 -0.8223
vn -0.0250 0.0198 0.9995
vn -0.6721 -0.1415 -0.7268
vn 0.2887 0.2625 -0.9207
vn 0.1851 0.1072 0.9768
vn -0.7877 -0.2062 -0.5806
vn 0.0835 0.1902 -0.9782
vn 0.3865 0.1902 0.9025
vn -0.8691 -0.2577 -0.4223
vn -0.1310 0.1072 -0.9856
vn 0.5632 0.2625 0.7835
vn -0.9196 -0.2957 -0.2587
vn 0.7048 0.3203 0.6329
vn -0.9425 -0.3207 -0.0940
vn 0.8077 0.3632 0.4645
vn -0.9403 -0.3331 0.0693
vn 0.8732 0.3924 0.2891
vn -0.9145 -0.3331 0.2295
vn 0.9049 0.4103 0.1134
vn -0.8653 -0.3207 0.3852
vn 0.9062 0.4187 -0.0595
vn -0.7918 -0.2957 0.5344
vn 0.8790 0.4187 -0.2281
vn -0.6925 -0.2577 0.6739
vn 0.8235 0.4103 -0.3918
vn -0.5655 -0.2062 0.7986
vn 0.7382 0.3924 -0.5487
vn -0.4099 -0.1415 0.9011
vn -0.3377 0.0198 -0.9411
vn 0.6209 0.3632 -0.6947
vt 0.000000 0.000000
s 0
usemtl Material.016
f 3055/2905/2855 3056/2905/2855 3088/2905/2855 3087/2905/2855
f 3042/2905/2856 3043/2905/2856 3075/2905/2856 3074/2905/2856
f 3056/2905/2857 3057/2905/2857 3089/2905/2857 3088/2905/2857
f 3043/2905/2858 3044/2905/2858 3076/2905/2858 3075/2905/2858
f 3057/2905/2859 3058/2905/2859 3090/2905/2859 3089/2905/2859
f 3044/2905/2860 3045/2905/2860 3077/2905/2860 3076/2905/2860
f 3058/2905/2861 3059/2905/2861 3091/2905/2861 3090/2905/2861
f 3045/2905/2862 3046/2905/2862 3078/2905/2862 3077/2905/2862
f 3059/2905/2863 3060/2905/2863 3092/2905/2863 3091/2905/2863
f 3046/2905/2864 3047/2905/2864 3079/2905/2864 3078/2905/2864
f 3060/2905/2865 3061/2905/2865 3093/2905/2865 3092/2905/2865
f 3047/2905/2866 3048/2905/2866 3080/2905/2866 3079/2905/2866
f 3061/2905/2867 3062/2905/2867 3094/2905/2867 3093/2905/2867
f 3048/2905/2868 3049/2905/2868 3081/2905/2868 3080/2905/2868
f 3062/2905/2869 3063/2905/2869 3095/2905/2869 3094/2905/2869
f 3049/2905/2870 3050/2905/2870 3082/2905/2870 3081/2905/2870
f 3036/2905/2871 3037/2905/2871 3069/2905/2871 3068/2905/2871
f 3063/2905/2872 3064/2905/2872 3096/2905/2872 3095/2905/2872
f 3050/2905/2873 3051/2905/2873 3083/2905/2873 3082/2905/2873
f 3037/2905/2874 3038/2905/2874 3070/2905/2874 3069/2905/2874
f 3064/2905/2875 3065/2905/2875 3097/2905/2875 3096/2905/2875
f 3051/2905/2876 3052/2905/2876 3084/2905/2876 3083/2905/2876
f 3038/2905/2877 3039/2905/2877 3071/2905/2877 3070/2905/2877
f 3065/2905/2878 3066/2905/2878 3098/2905/2878 3097/2905/2878
f 3052/2905/2879 3053/2905/2879 3085/2905/2879 3084/2905/2879
f 3039/2905/2880 3040/2905/2880 3072/2905/2880 3071/2905/2880
f 3066/2905/2881 3067/2905/2881 3099/2905/2881 3098/2905/2881
f 3053/2905/2882 3054/2905/2882 3086/2905/2882 3085/2905/2882
f 3040/2905/2883 3041/2905/2883 3073/2905/2883 3072/2905/2883
f 3067/2905/2884 3036/2905/2884 3068/2905/2884 3099/2905/2884
f 3054/2905/2885 3055/2905/2885 3087/2905/2885 3086/2905/2885
f 3041/2905/2886 3042/2905/2886 3074/2905/2886 3073/2905/2886
f 3082/2905/2887 3083/2905/2887 3115/2905/2887 3114/2905/2887
f 3069/2905/2888 3070/2905/2888 3102/2905/2888 3100/2905/2888
f 3096/2905/2889 3097/2905/2889 3129/2905/2889 3128/2905/2889
f 3083/2905/2890 3084/2905/2890 3116/2905/2890 3115/2905/2890
f 3070/2905/2891 3071/2905/2891 3103/2905/2891 3102/2905/2891
f 3097/2905/2892 3098/2905/2892 3130/2905/2892 3129/2905/2892
f 3084/2905/2893 3085/2905/2893 3117/2905/2893 3116/2905/2893
f 3071/2905/2894 3072/2905/2894 3104/2905/2894 3103/2905/2894
f 3098/2905/2895 3099/2905/2895 3131/2905/2895 3130/2905/2895
f 3085/2905/2896 3086/2905/2896 3118/2905/2896 3117/2905/2896
f 3072/2905/2897 3073/2905/2897 3105/2905/2897 3104/2905/2897
f 3099/2905/2898 3068/2905/2898 3101/2905/2898 3131/2905/2898
f 3086/2905/2899 3087/2905/2899 3119/2905/2899 3118/2905/2899
f 3073/2905/2900 3074/2905/2900 3106/2905/2900 3105/2905/2900
f 3087/2905/2901 3088/2905/2901 3120/2905/2901 3119/2905/2901
f 3074/2905/2902 3075/2905/2902 3107/2905/2902 3106/2905/2902
f 3088/2905/2903 3089/2905/2903 3121/2905/2903 3120/2905/2903
f 3075/2905/2904 3076/2905/2904 3108/2905/2904 3107/2905/2904
f 3089/2905/2905 3090/2905/2905 3122/2905/2905 3121/2905/2905
f 3076/2905/2906 3077/2905/2906 3109/2905/2906 3108/2905/2906
f 3090/2905/2907 3091/2905/2907 3123/2905/2907 3122/2905/2907
f 3077/2905/2908 3078/2905/2908 3110/2905/2908 3109/2905/2908
f 3091/2905/2909 3092/2905/2909 3124/2905/2909 3123/2905/2909
f 3078/2905/2910 3079/2905/2910 3111/2905/2910 3110/2905/2910
f 3092/2905/2911 3093/2905/2911 3125/2905/2911 3124/2905/2911
f 3079/2905/2912 3080/2905/2912 3112/2905/2912 3111/2905/2912
f 3093/2905/2913 3094/2905/2913 3126/2905/2913 3125/2905/2913
f 3080/2905/2914 3081/2905/2914 3113/2905/2914 3112/2905/2914
f 3094/2905/2915 3095/2905/2915 3127/2905/2915 3126/2905/2915
f 3081/2905/2916 3082/2905/2916 3114/2905/2916 3113/2905/2916
f 3068/2905/2917 3069/2905/2917 3100/2905/2917 3101/2905/2917
f 3095/2905/2918 3096/2905/2918 3128/2905/2918 3127/2905/2918
