# Blender 5.0.1
# www.blender.org
mtllib Грядка с пшеницей.mtl
o Plane
v -1.000000 -0.009361 1.000000
v 1.000000 -0.009361 1.000000
v -1.000000 -0.009361 -1.000000
v 1.000000 -0.009361 -1.000000
v -0.858801 0.025208 -0.858801
v -0.858801 0.025208 0.858801
v 0.858801 0.025208 0.858801
v 0.858801 0.025208 -0.858801
v -1.000000 -0.009361 -0.750000
v -1.000000 -0.009361 -0.500000
v -1.000000 -0.009361 -0.250000
v -1.000000 -0.009361 0.000000
v -1.000000 -0.009361 0.250000
v -1.000000 -0.009361 0.500000
v -1.000000 -0.009361 0.750000
v 1.000000 -0.009361 0.750000
v 1.000000 -0.009361 0.500000
v 1.000000 -0.009361 0.250000
v 1.000000 -0.009361 0.000000
v 1.000000 -0.009361 -0.250000
v 1.000000 -0.009361 -0.500000
v 1.000000 -0.009361 -0.750000
v -0.858801 0.025208 -0.644101
v -0.858801 0.025208 -0.429401
v -0.858801 0.025208 -0.214700
v -0.858801 0.025208 0.000000
v -0.858801 0.025208 0.214700
v -0.858801 0.025208 0.429401
v -0.858801 0.025208 0.644101
v 0.858801 0.025208 0.644101
v 0.858801 0.025208 0.429401
v 0.858801 0.025208 0.214700
v 0.858801 0.025208 -0.000000
v 0.858801 0.025208 -0.214700
v 0.858801 0.025208 -0.429401
v 0.858801 0.025208 -0.644101
v -0.750000 -0.009361 1.000000
v -0.500000 -0.009361 1.000000
v -0.250000 -0.009361 1.000000
v 0.000000 -0.009361 1.000000
v 0.250000 -0.009361 1.000000
v 0.500000 -0.009361 1.000000
v 0.750000 -0.009361 1.000000
v 0.750000 -0.009361 -1.000000
v 0.500000 -0.009361 -1.000000
v 0.250000 -0.009361 -1.000000
v 0.000000 -0.009361 -1.000000
v -0.250000 -0.009361 -1.000000
v -0.500000 -0.009361 -1.000000
v -0.750000 -0.009361 -1.000000
v -0.644101 0.025208 0.858801
v -0.429401 0.025208 0.858801
v -0.214700 0.025208 0.858801
v 0.000000 0.025208 0.858801
v 0.214700 0.025208 0.858801
v 0.429401 0.025208 0.858801
v 0.644101 0.025208 0.858801
v 0.644101 0.025208 -0.858801
v 0.429401 0.025208 -0.858801
v 0.214700 0.025208 -0.858801
v -0.000000 0.025208 -0.858801
v -0.214700 0.025208 -0.858801
v -0.429401 0.025208 -0.858801
v -0.644101 0.025208 -0.858801
v 0.644101 0.025208 0.644101
v 0.429401 0.025208 0.644101
v 0.214700 0.025208 0.644101
v -0.000000 0.025208 0.644101
v -0.214700 0.025208 0.644101
v -0.429401 0.025208 0.644101
v -0.644101 0.025208 0.644101
v 0.644101 0.025208 0.429401
v 0.429401 0.025208 0.429401
v 0.214700 0.025208 0.429401
v -0.000000 0.025208 0.429401
v -0.214700 0.025208 0.429401
v -0.429401 0.025208 0.429401
v -0.644101 0.025208 0.429401
v 0.644101 0.025208 0.214700
v 0.429401 0.025208 0.214700
v 0.214700 0.025208 0.214700
v -0.000000 0.025208 0.214700
v -0.214700 0.025208 0.214700
v -0.429401 0.025208 0.214700
v -0.644101 0.025208 0.214700
v 0.644101 0.025208 -0.000000
v 0.429401 0.025208 -0.000000
v 0.214700 0.025208 -0.000000
v -0.000000 0.025208 0.000000
v -0.214700 0.025208 0.000000
v -0.429401 0.025208 0.000000
v -0.644101 0.025208 0.000000
v 0.644101 0.025208 -0.214700
v 0.429401 0.025208 -0.214700
v 0.214700 0.025208 -0.214700
v -0.000000 0.025208 -0.214700
v -0.214700 0.025208 -0.214700
v -0.429401 0.025208 -0.214700
v -0.644101 0.025208 -0.214700
v 0.644101 0.025208 -0.429401
v 0.429401 0.025208 -0.429401
v 0.214700 0.025208 -0.429401
v -0.000000 0.025208 -0.429401
v -0.214700 0.025208 -0.429401
v -0.429401 0.025208 -0.429401
v -0.644101 0.025208 -0.429401
v 0.644101 0.025208 -0.644101
v 0.429401 0.025208 -0.644101
v 0.214700 0.025208 -0.644101
v -0.000000 0.025208 -0.644101
v -0.214700 0.025208 -0.644101
v -0.429401 0.025208 -0.644101
v -0.644101 0.025208 -0.644101
v -0.750000 -0.009361 0.750000
v -0.500000 -0.009361 0.750000
v -0.250000 -0.009361 0.750000
v 0.000000 -0.009361 0.750000
v 0.250000 -0.009361 0.750000
v 0.500000 -0.009361 0.750000
v 0.750000 -0.009361 0.750000
v -0.750000 -0.009361 0.500000
v -0.500000 -0.009361 0.500000
v -0.250000 -0.009361 0.500000
v 0.000000 -0.009361 0.500000
v 0.250000 -0.009361 0.500000
v 0.500000 -0.009361 0.500000
v 0.750000 -0.009361 0.500000
v -0.750000 -0.009361 0.250000
v -0.500000 -0.009361 0.250000
v -0.250000 -0.009361 0.250000
v 0.000000 -0.009361 0.250000
v 0.250000 -0.009361 0.250000
v 0.500000 -0.009361 0.250000
v 0.750000 -0.009361 0.250000
v -0.750000 -0.009361 0.000000
v -0.500000 -0.009361 0.000000
v -0.250000 -0.009361 0.000000
v 0.000000 -0.009361 0.000000
v 0.250000 -0.009361 0.000000
v 0.500000 -0.009361 0.000000
v 0.750000 -0.009361 0.000000
v -0.750000 -0.009361 -0.250000
v -0.500000 -0.009361 -0.250000
v -0.250000 -0.009361 -0.250000
v 0.000000 -0.009361 -0.250000
v 0.250000 -0.009361 -0.250000
v 0.500000 -0.009361 -0.250000
v 0.750000 -0.009361 -0.250000
v -0.750000 -0.009361 -0.500000
v -0.500000 -0.009361 -0.500000
v -0.250000 -0.009361 -0.500000
v 0.000000 -0.009361 -0.500000
v 0.250000 -0.009361 -0.500000
v 0.500000 -0.009361 -0.500000
v 0.750000 -0.009361 -0.500000
v -0.750000 -0.009361 -0.750000
v -0.500000 -0.009361 -0.750000
v -0.250000 -0.009361 -0.750000
v 0.000000 -0.009361 -0.750000
v 0.250000 -0.009361 -0.750000
v 0.500000 -0.009361 -0.750000
v 0.750000 -0.009361 -0.750000
v -0.789975 0.012307 0.592481
v -0.789975 0.012307 0.789975
v 0.789975 0.012307 -0.592481
v 0.789975 0.012307 -0.789975
v -0.789975 0.012307 -0.592481
v -0.789975 0.012307 -0.394987
v -0.789975 0.012307 -0.197494
v -0.789975 0.012307 0.000000
v -0.789975 0.012307 0.197494
v -0.789975 0.012307 0.394987
v 0.789975 0.012307 0.592481
v 0.789975 0.012307 0.394987
v 0.789975 0.012307 0.197494
v 0.789975 0.012307 -0.000000
v 0.789975 0.012307 -0.197494
v 0.789975 0.012307 -0.394987
v -0.592481 0.012307 0.592481
v -0.592481 0.012307 0.394987
v -0.592481 0.012307 0.197494
v -0.592481 0.012307 0.000000
v -0.592481 0.012307 -0.197494
v -0.592481 0.012307 -0.394987
v -0.592481 0.012307 -0.592481
v -0.592481 0.012307 0.789975
v -0.394987 0.012307 0.789975
v -0.197494 0.012307 0.789975
v 0.000000 0.012307 0.789975
v 0.197494 0.012307 0.789975
v 0.394987 0.012307 0.789975
v 0.592481 0.012307 0.789975
v 0.592481 0.012307 -0.789975
v 0.394987 0.012307 -0.789975
v 0.197494 0.012307 -0.789975
v -0.000000 0.012307 -0.789975
v -0.197494 0.012307 -0.789975
v -0.394987 0.012307 -0.789975
v -0.592481 0.012307 -0.789975
v 0.592481 0.012307 0.592481
v 0.394987 0.012307 0.592481
v 0.197494 0.012307 0.592481
v -0.000000 0.012307 0.592481
v -0.197494 0.012307 0.592481
v -0.394987 0.012307 0.592481
v 0.592481 0.012307 0.394987
v 0.394987 0.012307 0.394987
v 0.197494 0.012307 0.394987
v -0.000000 0.012307 0.394987
v -0.197494 0.012307 0.394987
v -0.394987 0.012307 0.394987
v 0.592481 0.012307 0.197494
v 0.394987 0.012307 0.197494
v 0.197494 0.012307 0.197494
v -0.000000 0.012307 0.197494
v -0.197494 0.012307 0.197494
v -0.394987 0.012307 0.197494
v 0.592481 0.012307 -0.000000
v 0.394987 0.012307 -0.000000
v 0.197494 0.012307 -0.000000
v -0.000000 0.012307 0.000000
v -0.197494 0.012307 0.000000
v -0.394987 0.012307 0.000000
v 0.592481 0.012307 -0.197494
v 0.394987 0.012307 -0.197494
v 0.197494 0.012307 -0.197494
v -0.000000 0.012307 -0.197494
v -0.197494 0.012307 -0.197494
v -0.394987 0.012307 -0.197494
v 0.592481 0.012307 -0.394987
v 0.394987 0.012307 -0.394987
v 0.197494 0.012307 -0.394987
v -0.000000 0.012307 -0.394987
v -0.197494 0.012307 -0.394987
v -0.394987 0.012307 -0.394987
v 0.592481 0.012307 -0.592481
v 0.394987 0.012307 -0.592481
v 0.197494 0.012307 -0.592481
v -0.000000 0.012307 -0.592481
v -0.197494 0.012307 -0.592481
v -0.394987 0.012307 -0.592481
vn -0.0000 -1.0000 -0.0000
vn -0.0000 0.9702 -0.2425
vn -0.0000 0.9713 -0.2378
vn -0.0000 0.9713 0.2378
vn 0.2378 0.9713 -0.0000
vn -0.2378 0.9713 -0.0000
vn -0.0000 1.0000 -0.0000
vn 0.2425 0.9702 -0.0000
vn -0.0000 0.9829 0.1842
vn -0.2425 0.9702 -0.0000
vn 0.3510 -0.9364 -0.0000
vn -0.5999 0.8001 -0.0000
vn -0.0000 -0.9702 -0.2425
vn 1.0000 -0.0000 -0.0000
vn -0.0000 0.9702 0.2425
vn -0.5999 -0.8001 -0.0000
vn 0.3510 0.9364 -0.0000
vn -0.1842 0.9829 -0.0000
vn -0.2425 -0.9702 -0.0000
vn -0.0000 0.9829 -0.1842
vn -0.0000 0.9364 0.3510
vn -0.0000 -0.9364 -0.3510
vn -0.3510 -0.9364 -0.0000
vn -0.0000 -0.9702 0.2425
vn 0.5999 0.8001 -0.0000
vn -1.0000 -0.0000 -0.0000
vn 0.5999 -0.8001 -0.0000
vn -0.3510 0.9364 -0.0000
vn 0.2425 -0.9702 -0.0000
vn -0.0000 -0.9364 0.3510
vn -0.0000 0.9364 -0.3510
vn 0.1842 0.9829 -0.0000
vn -0.0000 -0.8001 0.5999
vn -0.0000 -0.0000 -1.0000
vn -0.0000 0.8001 0.5999
vn -0.0000 0.8001 -0.5999
vn -0.0000 -0.0000 1.0000
vn -0.0000 -0.8001 -0.5999
vt 0.875000 0.875000
vt 0.875000 1.000000
vt 1.000000 1.000000
vt 1.000000 0.875000
vt 0.875000 0.125000
vt 1.000000 0.125000
vt 0.125000 1.000000
vt 0.000000 1.000000
vt 0.875000 0.000000
vt 1.000000 0.000000
vt 0.000000 0.125000
vt 0.000000 0.000000
vt 0.000000 0.875000
vt 0.000000 0.750000
vt 0.000000 0.625000
vt 0.000000 0.500000
vt 0.000000 0.375000
vt 0.000000 0.250000
vt 1.000000 0.250000
vt 1.000000 0.375000
vt 1.000000 0.500000
vt 1.000000 0.625000
vt 1.000000 0.750000
vt 0.125000 0.750000
vt 0.125000 0.625000
vt 0.875000 0.250000
vt 0.875000 0.375000
vt 0.250000 1.000000
vt 0.875000 0.500000
vt 0.875000 0.625000
vt 0.875000 0.750000
vt 0.875000 0.125000
vt 0.875000 0.250000
vt 0.125000 0.875000
vt 0.125000 0.750000
vt 0.250000 0.875000
vt 0.250000 0.750000
vt 0.375000 0.875000
vt 0.375000 0.750000
vt 0.500000 0.875000
vt 0.500000 0.750000
vt 0.625000 0.875000
vt 0.625000 0.750000
vt 0.750000 0.875000
vt 0.750000 0.750000
vt 0.125000 0.625000
vt 0.250000 0.625000
vt 0.375000 0.625000
vt 0.500000 0.625000
vt 0.625000 0.625000
vt 0.750000 0.625000
vt 0.125000 0.500000
vt 0.250000 0.500000
vt 0.375000 0.500000
vt 0.500000 0.500000
vt 0.625000 0.500000
vt 0.750000 0.500000
vt 0.125000 0.375000
vt 0.250000 0.375000
vt 0.375000 0.375000
vt 0.500000 0.375000
vt 0.625000 0.375000
vt 0.750000 0.375000
vt 0.125000 0.250000
vt 0.250000 0.250000
vt 0.375000 0.250000
vt 0.500000 0.250000
vt 0.625000 0.250000
vt 0.750000 0.250000
vt 0.125000 0.125000
vt 0.250000 0.125000
vt 0.375000 0.125000
vt 0.500000 0.125000
vt 0.625000 0.125000
vt 0.750000 0.125000
vt 0.125000 0.000000
vt 0.250000 0.000000
vt 0.375000 0.000000
vt 0.500000 0.000000
vt 0.625000 0.000000
vt 0.750000 0.000000
vt 0.250000 0.750000
vt 0.250000 0.875000
vt 0.125000 0.875000
vt 0.500000 1.000000
vt 0.375000 1.000000
vt 0.250000 0.625000
vt 0.750000 1.000000
vt 0.625000 1.000000
vt 0.125000 0.500000
vt 0.250000 0.500000
vt 0.125000 0.375000
vt 0.250000 0.375000
vt 0.125000 0.250000
vt 0.250000 0.250000
vt 0.375000 0.250000
vt 0.500000 0.250000
vt 0.625000 0.250000
vt 0.750000 0.250000
vt 0.125000 0.125000
vt 0.250000 0.125000
vt 0.375000 0.125000
vt 0.500000 0.125000
vt 0.625000 0.125000
vt 0.750000 0.125000
s 0
usemtl Material.005
f 162/1/1 44/2/1 4/3/1 22/4/1
f 65/5/2 30/6/2 173/6/2 200/5/2
f 50/7/3 3/8/3 5/8/3 64/7/3
f 43/9/4 2/10/4 7/10/4 57/9/4
f 22/4/5 4/3/5 8/3/5 36/4/5
f 15/11/6 1/12/6 6/12/6 29/11/6
f 3/8/6 9/13/6 23/13/6 5/8/6
f 9/13/6 10/14/6 24/14/6 23/13/6
f 10/14/6 11/15/6 25/15/6 24/14/6
f 11/15/6 12/16/6 26/16/6 25/15/6
f 12/16/6 13/17/6 27/17/6 26/16/6
f 13/17/6 14/18/6 28/18/6 27/17/6
f 14/18/6 15/11/6 29/11/6 28/18/6
f 2/10/5 16/6/5 30/6/5 7/10/5
f 16/6/5 17/19/5 31/19/5 30/6/5
f 17/19/5 18/20/5 32/20/5 31/19/5
f 18/20/5 19/21/5 33/21/5 32/20/5
f 19/21/5 20/22/5 34/22/5 33/21/5
f 20/22/5 21/23/5 35/23/5 34/22/5
f 21/23/5 22/4/5 36/4/5 35/23/5
f 57/9/7 7/10/7 30/6/7 65/5/7
f 106/24/8 99/25/8 183/25/8 184/24/8
f 72/26/7 31/19/7 32/20/7 79/27/7
f 63/28/9 64/7/9 199/7/9 198/28/9
f 86/29/7 33/21/7 34/22/7 93/30/7
f 100/31/10 107/1/10 236/1/10 230/31/10
f 100/31/7 35/23/7 36/4/7 107/1/7
f 43/9/1 120/32/1 16/6/1 2/10/1
f 120/32/1 127/33/1 17/19/1 16/6/1
f 127/33/1 134/27/1 18/20/1 17/19/1
f 134/27/1 141/29/1 19/21/1 18/20/1
f 141/29/1 148/30/1 20/22/1 19/21/1
f 148/30/1 155/31/1 21/23/1 20/22/1
f 155/31/1 162/1/1 22/4/1 21/23/1
f 10/14/1 9/13/1 156/34/1 149/35/1
f 149/35/1 156/34/1 157/36/1 150/37/1
f 150/37/1 157/36/1 158/38/1 151/39/1
f 151/39/1 158/38/1 159/40/1 152/41/1
f 152/41/1 159/40/1 160/42/1 153/43/1
f 153/43/1 160/42/1 161/44/1 154/45/1
f 154/45/1 161/44/1 162/1/1 155/31/1
f 11/15/1 10/14/1 149/35/1 142/46/1
f 142/46/1 149/35/1 150/37/1 143/47/1
f 143/47/1 150/37/1 151/39/1 144/48/1
f 144/48/1 151/39/1 152/41/1 145/49/1
f 145/49/1 152/41/1 153/43/1 146/50/1
f 146/50/1 153/43/1 154/45/1 147/51/1
f 147/51/1 154/45/1 155/31/1 148/30/1
f 12/16/1 11/15/1 142/46/1 135/52/1
f 135/52/1 142/46/1 143/47/1 136/53/1
f 136/53/1 143/47/1 144/48/1 137/54/1
f 137/54/1 144/48/1 145/49/1 138/55/1
f 138/55/1 145/49/1 146/50/1 139/56/1
f 139/56/1 146/50/1 147/51/1 140/57/1
f 140/57/1 147/51/1 148/30/1 141/29/1
f 13/17/1 12/16/1 135/52/1 128/58/1
f 128/58/1 135/52/1 136/53/1 129/59/1
f 129/59/1 136/53/1 137/54/1 130/60/1
f 130/60/1 137/54/1 138/55/1 131/61/1
f 131/61/1 138/55/1 139/56/1 132/62/1
f 132/62/1 139/56/1 140/57/1 133/63/1
f 133/63/1 140/57/1 141/29/1 134/27/1
f 14/18/1 13/17/1 128/58/1 121/64/1
f 121/64/1 128/58/1 129/59/1 122/65/1
f 122/65/1 129/59/1 130/60/1 123/66/1
f 123/66/1 130/60/1 131/61/1 124/67/1
f 124/67/1 131/61/1 132/62/1 125/68/1
f 125/68/1 132/62/1 133/63/1 126/69/1
f 126/69/1 133/63/1 134/27/1 127/33/1
f 15/11/1 14/18/1 121/64/1 114/70/1
f 114/70/1 121/64/1 122/65/1 115/71/1
f 115/71/1 122/65/1 123/66/1 116/72/1
f 116/72/1 123/66/1 124/67/1 117/73/1
f 117/73/1 124/67/1 125/68/1 118/74/1
f 118/74/1 125/68/1 126/69/1 119/75/1
f 119/75/1 126/69/1 127/33/1 120/32/1
f 1/12/1 15/11/1 114/70/1 37/76/1
f 37/76/1 114/70/1 115/71/1 38/77/1
f 38/77/1 115/71/1 116/72/1 39/78/1
f 39/78/1 116/72/1 117/73/1 40/79/1
f 40/79/1 117/73/1 118/74/1 41/80/1
f 41/80/1 118/74/1 119/75/1 42/81/1
f 42/81/1 119/75/1 120/32/1 43/9/1
f 108/44/11 101/45/11 231/45/11 237/44/11
f 106/24/7 105/82/7 112/83/7 113/84/7
f 61/85/9 62/86/9 197/86/9 196/85/9
f 104/39/7 103/41/7 110/40/7 111/38/7
f 102/43/12 109/42/12 238/42/12 232/43/12
f 102/43/7 101/45/7 108/44/7 109/42/7
f 113/84/13 112/83/13 241/83/13 185/84/13
f 25/15/7 99/25/7 106/24/7 24/14/7
f 110/40/14 103/41/14 233/41/14 239/40/14
f 98/87/7 97/48/7 104/39/7 105/82/7
f 111/38/15 112/83/15 241/83/15 240/38/15
f 96/49/7 95/50/7 102/43/7 103/41/7
f 59/88/9 60/89/9 195/89/9 194/88/9
f 94/51/7 93/30/7 100/31/7 101/45/7
f 104/39/16 111/38/16 240/38/16 234/39/16
f 92/90/7 91/91/7 98/87/7 99/25/7
f 111/38/13 110/40/13 239/40/13 240/38/13
f 90/54/7 89/55/7 96/49/7 97/48/7
f 112/83/17 105/82/17 235/82/17 241/83/17
f 88/56/7 87/57/7 94/51/7 95/50/7
f 109/42/15 110/40/15 239/40/15 238/42/15
f 27/17/7 85/92/7 92/90/7 26/16/7
f 34/22/18 35/23/18 178/23/18 177/22/18
f 84/93/7 83/60/7 90/54/7 91/91/7
f 8/3/9 58/2/9 193/2/9 166/3/9
f 82/61/7 81/62/7 88/56/7 89/55/7
f 106/24/19 113/84/19 185/84/19 184/24/19
f 80/63/7 79/27/7 86/29/7 87/57/7
f 109/42/13 108/44/13 237/44/13 238/42/13
f 78/94/7 77/95/7 84/93/7 85/92/7
f 56/81/20 57/9/20 192/9/20 191/81/20
f 76/96/7 75/97/7 82/61/7 83/60/7
f 107/1/15 108/44/15 237/44/15 236/1/15
f 74/98/7 73/99/7 80/63/7 81/62/7
f 32/20/18 33/21/18 176/21/18 175/20/18
f 29/11/7 71/100/7 78/94/7 28/18/7
f 107/1/13 36/4/13 165/4/13 236/1/13
f 70/101/7 69/102/7 76/96/7 77/95/7
f 54/79/20 55/80/20 190/80/20 189/79/20
f 68/103/7 67/104/7 74/98/7 75/97/7
f 105/82/21 106/24/21 184/24/21 235/82/21
f 66/105/7 65/5/7 72/26/7 73/99/7
f 30/6/18 31/19/18 174/19/18 173/6/18
f 51/76/7 52/77/7 70/101/7 71/100/7
f 57/9/10 65/5/10 200/5/10 192/9/10
f 53/78/7 54/79/7 68/103/7 69/102/7
f 105/82/22 104/39/22 234/39/22 235/82/22
f 55/80/7 56/81/7 66/105/7 67/104/7
f 66/105/11 56/81/11 191/81/11 201/105/11
f 1/12/4 37/76/4 51/76/4 6/12/4
f 37/76/4 38/77/4 52/77/4 51/76/4
f 38/77/4 39/78/4 53/78/4 52/77/4
f 39/78/4 40/79/4 54/79/4 53/78/4
f 40/79/4 41/80/4 55/80/4 54/79/4
f 41/80/4 42/81/4 56/81/4 55/80/4
f 42/81/4 43/9/4 57/9/4 56/81/4
f 4/3/3 44/2/3 58/2/3 8/3/3
f 44/2/3 45/88/3 59/88/3 58/2/3
f 45/88/3 46/89/3 60/89/3 59/88/3
f 46/89/3 47/85/3 61/85/3 60/89/3
f 47/85/3 48/86/3 62/86/3 61/85/3
f 48/86/3 49/28/3 63/28/3 62/86/3
f 49/28/3 50/7/3 64/7/3 63/28/3
f 23/13/7 113/84/7 64/7/7 5/8/7
f 52/77/20 53/78/20 188/78/20 187/77/20
f 112/83/7 111/38/7 62/86/7 63/28/7
f 103/41/21 104/39/21 234/39/21 233/41/21
f 110/40/7 109/42/7 60/89/7 61/85/7
f 55/80/12 67/104/12 202/104/12 190/80/12
f 108/44/7 107/1/7 58/2/7 59/88/7
f 9/13/1 3/8/1 50/7/1 156/34/1
f 156/34/1 50/7/1 49/28/1 157/36/1
f 157/36/1 49/28/1 48/86/1 158/38/1
f 158/38/1 48/86/1 47/85/1 159/40/1
f 159/40/1 47/85/1 46/89/1 160/42/1
f 160/42/1 46/89/1 45/88/1 161/44/1
f 161/44/1 45/88/1 44/2/1 162/1/1
f 236/1/7 165/4/7 166/3/7 193/2/7
f 200/5/7 173/6/7 174/19/7 206/26/7
f 212/27/7 175/20/7 176/21/7 218/29/7
f 224/30/7 177/22/7 178/23/7 230/31/7
f 168/14/7 184/24/7 185/84/7 167/13/7
f 235/82/7 234/39/7 240/38/7 241/83/7
f 233/41/7 232/43/7 238/42/7 239/40/7
f 231/45/7 230/31/7 236/1/7 237/44/7
f 183/25/7 229/87/7 235/82/7 184/24/7
f 228/48/7 227/49/7 233/41/7 234/39/7
f 226/50/7 225/51/7 231/45/7 232/43/7
f 170/16/7 182/90/7 183/25/7 169/15/7
f 223/91/7 222/54/7 228/48/7 229/87/7
f 221/55/7 220/56/7 226/50/7 227/49/7
f 219/57/7 218/29/7 224/30/7 225/51/7
f 181/92/7 217/93/7 223/91/7 182/90/7
f 216/60/7 215/61/7 221/55/7 222/54/7
f 214/62/7 213/63/7 219/57/7 220/56/7
f 172/18/7 180/94/7 181/92/7 171/17/7
f 211/95/7 210/96/7 216/60/7 217/93/7
f 209/97/7 208/98/7 214/62/7 215/61/7
f 207/99/7 206/26/7 212/27/7 213/63/7
f 179/100/7 205/101/7 211/95/7 180/94/7
f 204/102/7 203/103/7 209/97/7 210/96/7
f 202/104/7 201/105/7 207/99/7 208/98/7
f 164/12/7 186/76/7 179/100/7 163/11/7
f 187/77/7 188/78/7 204/102/7 205/101/7
f 189/79/7 190/80/7 202/104/7 203/103/7
f 191/81/7 192/9/7 200/5/7 201/105/7
f 185/84/7 241/83/7 198/28/7 199/7/7
f 240/38/7 239/40/7 196/85/7 197/86/7
f 238/42/7 237/44/7 194/88/7 195/89/7
f 98/87/23 105/82/23 235/82/23 229/87/23
f 65/5/24 66/105/24 201/105/24 200/5/24
f 104/39/25 97/48/25 228/48/25 234/39/25
f 67/104/2 66/105/2 201/105/2 202/104/2
f 96/49/26 103/41/26 233/41/26 227/49/26
f 67/104/24 68/103/24 203/103/24 202/104/24
f 102/43/27 95/50/27 226/50/27 232/43/27
f 69/102/2 68/103/2 203/103/2 204/102/2
f 64/7/8 113/84/8 185/84/8 199/7/8
f 94/51/28 101/45/28 231/45/28 225/51/28
f 69/102/24 70/101/24 205/101/24 204/102/24
f 112/83/23 63/28/23 198/28/23 241/83/23
f 100/31/29 93/30/29 224/30/29 230/31/29
f 71/100/2 70/101/2 205/101/2 179/100/2
f 62/86/25 111/38/25 240/38/25 197/86/25
f 92/90/19 99/25/19 183/25/19 182/90/19
f 31/19/30 72/26/30 206/26/30 174/19/30
f 110/40/26 61/85/26 196/85/26 239/40/26
f 98/87/17 91/91/17 223/91/17 229/87/17
f 73/99/31 72/26/31 206/26/31 207/99/31
f 60/89/27 109/42/27 238/42/27 195/89/27
f 90/54/16 97/48/16 228/48/16 222/54/16
f 73/99/30 74/98/30 208/98/30 207/99/30
f 108/44/28 59/88/28 194/88/28 237/44/28
f 71/100/24 29/11/24 163/11/24 179/100/24
f 96/49/14 89/55/14 221/55/14 227/49/14
f 75/97/31 74/98/31 208/98/31 209/97/31
f 58/2/29 107/1/29 236/1/29 193/2/29
f 28/18/31 78/94/31 180/94/31 172/18/31
f 29/11/32 6/12/32 164/12/32 163/11/32
f 88/56/12 95/50/12 226/50/12 220/56/12
f 75/97/30 76/96/30 210/96/30 209/97/30
f 85/92/33 27/17/33 171/17/33 181/92/33
f 94/51/11 87/57/11 219/57/11 225/51/11
f 77/95/31 76/96/31 210/96/31 211/95/31
f 26/16/34 92/90/34 182/90/34 170/16/34
f 36/4/18 8/3/18 166/3/18 165/4/18
f 86/29/10 93/30/10 224/30/10 218/29/10
f 77/95/30 78/94/30 180/94/30 211/95/30
f 99/25/35 25/15/35 169/15/35 183/25/35
f 92/90/8 85/92/8 181/92/8 182/90/8
f 79/27/36 32/20/36 175/20/36 212/27/36
f 24/14/22 106/24/22 184/24/22 168/14/22
f 84/93/23 91/91/23 223/91/23 217/93/23
f 79/27/33 80/63/33 213/63/33 212/27/33
f 113/84/15 23/13/15 167/13/15 185/84/15
f 90/54/25 83/60/25 216/60/25 222/54/25
f 81/62/36 80/63/36 213/63/36 214/62/36
f 82/61/26 89/55/26 221/55/26 215/61/26
f 81/62/33 82/61/33 215/61/33 214/62/33
f 88/56/27 81/62/27 214/62/27 220/56/27
f 83/60/36 82/61/36 215/61/36 216/60/36
f 80/63/28 87/57/28 219/57/28 213/63/28
f 83/60/33 84/93/33 217/93/33 216/60/33
f 86/29/29 79/27/29 212/27/29 218/29/29
f 85/92/36 84/93/36 217/93/36 181/92/36
f 78/94/19 85/92/19 181/92/19 180/94/19
f 33/21/37 86/29/37 218/29/37 176/21/37
f 84/93/17 77/95/17 211/95/17 217/93/17
f 87/57/34 86/29/34 218/29/34 219/57/34
f 76/96/16 83/60/16 216/60/16 210/96/16
f 87/57/37 88/56/37 220/56/37 219/57/37
f 82/61/14 75/97/14 209/97/14 215/61/14
f 89/55/34 88/56/34 220/56/34 221/55/34
f 74/98/12 81/62/12 214/62/12 208/98/12
f 89/55/37 90/54/37 222/54/37 221/55/37
f 80/63/11 73/99/11 207/99/11 213/63/11
f 91/91/34 90/54/34 222/54/34 223/91/34
f 72/26/10 79/27/10 212/27/10 206/26/10
f 91/91/37 92/90/37 182/90/37 223/91/37
f 78/94/8 71/100/8 179/100/8 180/94/8
f 93/30/38 34/22/38 177/22/38 224/30/38
f 70/101/23 77/95/23 211/95/23 205/101/23
f 93/30/35 94/51/35 225/51/35 224/30/35
f 76/96/25 69/102/25 204/102/25 210/96/25
f 95/50/38 94/51/38 225/51/38 226/50/38
f 68/103/26 75/97/26 209/97/26 203/103/26
f 95/50/35 96/49/35 227/49/35 226/50/35
f 74/98/27 67/104/27 202/104/27 208/98/27
f 97/48/38 96/49/38 227/49/38 228/48/38
f 66/105/28 73/99/28 207/99/28 201/105/28
f 97/48/35 98/87/35 229/87/35 228/48/35
f 72/26/29 65/5/29 200/5/29 206/26/29
f 23/13/32 24/14/32 168/14/32 167/13/32
f 99/25/38 98/87/38 229/87/38 183/25/38
f 51/76/19 71/100/19 179/100/19 186/76/19
f 35/23/21 100/31/21 230/31/21 178/23/21
f 70/101/17 52/77/17 187/77/17 205/101/17
f 25/15/32 26/16/32 170/16/32 169/15/32
f 101/45/22 100/31/22 230/31/22 231/45/22
f 53/78/16 69/102/16 204/102/16 188/78/16
f 101/45/21 102/43/21 232/43/21 231/45/21
f 6/12/20 51/76/20 186/76/20 164/12/20
f 68/103/14 54/79/14 189/79/14 203/103/14
f 27/17/32 28/18/32 172/18/32 171/17/32
f 103/41/22 102/43/22 232/43/22 233/41/22
o Cube
v -0.750565 -0.036548 0.752492
v -0.763354 1.063452 0.765281
v -0.750565 -0.036548 0.743221
v -0.763354 1.063452 0.730433
v -0.741295 -0.036548 0.752492
v -0.728506 1.063452 0.765281
v -0.741295 -0.036548 0.743221
v -0.728506 1.063452 0.730433
v -0.763354 0.879445 0.765281
v -0.763354 0.879445 0.730433
v -0.728506 0.879445 0.730433
v -0.728506 0.879445 0.765281
v -0.754245 0.863495 0.739542
v -0.737615 0.863495 0.739542
v -0.737615 0.863495 0.756172
v -0.754245 0.863495 0.756172
v -0.757413 1.069793 0.759340
v -0.757413 1.069793 0.736374
v -0.734447 1.069793 0.736374
v -0.734447 1.069793 0.759340
v -0.753785 0.750989 0.740002
v -0.753325 0.638484 0.740462
v -0.752865 0.525979 0.740922
v -0.752405 0.413474 0.741382
v -0.751945 0.300968 0.741842
v -0.751485 0.188463 0.742302
v -0.751025 0.075958 0.742761
v -0.738075 0.750989 0.740002
v -0.738535 0.638484 0.740462
v -0.738995 0.525979 0.740922
v -0.739455 0.413474 0.741382
v -0.739915 0.300968 0.741842
v -0.740375 0.188463 0.742302
v -0.740835 0.075958 0.742761
v -0.738075 0.750989 0.755712
v -0.738535 0.638484 0.755252
v -0.738995 0.525979 0.754792
v -0.739455 0.413474 0.754332
v -0.739915 0.300968 0.753872
v -0.740375 0.188463 0.753412
v -0.740835 0.075958 0.752952
v -0.751025 0.075958 0.752952
v -0.751485 0.188463 0.753412
v -0.751945 0.300968 0.753872
v -0.752405 0.413474 0.754332
v -0.752865 0.525979 0.754792
v -0.753325 0.638484 0.755252
v -0.753785 0.750990 0.755712
v -0.815706 0.674908 0.755252
v -0.816166 0.787414 0.755712
v -0.738535 0.689386 0.794507
v -0.738995 0.576881 0.794047
v -0.752405 0.437643 0.709587
v -0.751945 0.325138 0.710047
v -0.706256 0.555774 0.740922
v -0.706716 0.443269 0.741382
v -0.530746 -0.036548 0.752492
v -0.543535 1.063452 0.765281
v -0.530746 -0.036548 0.743221
v -0.543535 1.063452 0.730433
v -0.521475 -0.036548 0.752492
v -0.508686 1.063452 0.765281
v -0.521475 -0.036548 0.743221
v -0.508686 1.063452 0.730433
v -0.543535 0.879445 0.765281
v -0.543535 0.879445 0.730433
v -0.508686 0.879445 0.730433
v -0.508686 0.879445 0.765281
v -0.534426 0.863495 0.739542
v -0.517796 0.863495 0.739542
v -0.517796 0.863495 0.756172
v -0.534426 0.863495 0.756172
v -0.537594 1.069793 0.759340
v -0.537594 1.069793 0.736374
v -0.514628 1.069793 0.736374
v -0.514628 1.069793 0.759340
v -0.533966 0.750989 0.740002
v -0.533506 0.638484 0.740462
v -0.533046 0.525979 0.740922
v -0.532586 0.413474 0.741382
v -0.532126 0.300968 0.741842
v -0.531666 0.188463 0.742302
v -0.531206 0.075958 0.742761
v -0.518256 0.750989 0.740002
v -0.518716 0.638484 0.740462
v -0.519176 0.525979 0.740922
v -0.519635 0.413474 0.741382
v -0.520095 0.300968 0.741842
v -0.520555 0.188463 0.742302
v -0.521015 0.075958 0.742761
v -0.518256 0.750989 0.755712
v -0.518716 0.638484 0.755252
v -0.519176 0.525979 0.754792
v -0.519635 0.413474 0.754332
v -0.520095 0.300968 0.753872
v -0.520555 0.188463 0.753412
v -0.521015 0.075958 0.752952
v -0.531206 0.075958 0.752952
v -0.531666 0.188463 0.753412
v -0.532126 0.300968 0.753872
v -0.532586 0.413474 0.754332
v -0.533046 0.525979 0.754792
v -0.533506 0.638484 0.755252
v -0.533966 0.750990 0.755712
v -0.595886 0.674908 0.755252
v -0.596346 0.787414 0.755712
v -0.518716 0.689386 0.794507
v -0.519176 0.576881 0.794047
v -0.532586 0.437643 0.709587
v -0.532126 0.325138 0.710047
v -0.486436 0.555774 0.740922
v -0.486896 0.443269 0.741382
v -0.310927 -0.036548 0.752492
v -0.323716 1.063452 0.765281
v -0.310927 -0.036548 0.743221
v -0.323716 1.063452 0.730433
v -0.301656 -0.036548 0.752492
v -0.288867 1.063452 0.765281
v -0.301656 -0.036548 0.743221
v -0.288867 1.063452 0.730433
v -0.323716 0.879445 0.765281
v -0.323716 0.879445 0.730433
v -0.288867 0.879445 0.730433
v -0.288867 0.879445 0.765281
v -0.314606 0.863495 0.739542
v -0.297976 0.863495 0.739542
v -0.297976 0.863495 0.756172
v -0.314606 0.863495 0.756172
v -0.317774 1.069793 0.759340
v -0.317774 1.069793 0.736374
v -0.294808 1.069793 0.736374
v -0.294808 1.069793 0.759340
v -0.314146 0.750989 0.740002
v -0.313686 0.638484 0.740462
v -0.313226 0.525979 0.740922
v -0.312766 0.413474 0.741382
v -0.312307 0.300968 0.741842
v -0.311847 0.188463 0.742302
v -0.311387 0.075958 0.742761
v -0.298436 0.750989 0.740002
v -0.298896 0.638484 0.740462
v -0.299356 0.525979 0.740922
v -0.299816 0.413474 0.741382
v -0.300276 0.300968 0.741842
v -0.300736 0.188463 0.742302
v -0.301196 0.075958 0.742761
v -0.298436 0.750989 0.755712
v -0.298896 0.638484 0.755252
v -0.299356 0.525979 0.754792
v -0.299816 0.413474 0.754332
v -0.300276 0.300968 0.753872
v -0.300736 0.188463 0.753412
v -0.301196 0.075958 0.752952
v -0.311387 0.075958 0.752952
v -0.311847 0.188463 0.753412
v -0.312307 0.300968 0.753872
v -0.312766 0.413474 0.754332
v -0.313226 0.525979 0.754792
v -0.313686 0.638484 0.755252
v -0.314146 0.750990 0.755712
v -0.376067 0.674908 0.755252
v -0.376527 0.787414 0.755712
v -0.298896 0.689386 0.794507
v -0.299356 0.576881 0.794047
v -0.312766 0.437643 0.709587
v -0.312307 0.325138 0.710047
v -0.266617 0.555774 0.740922
v -0.267077 0.443269 0.741382
v -0.091107 -0.036548 0.752492
v -0.103896 1.063452 0.765281
v -0.091107 -0.036548 0.743221
v -0.103896 1.063452 0.730433
v -0.081837 -0.036548 0.752492
v -0.069048 1.063452 0.765281
v -0.081837 -0.036548 0.743221
v -0.069048 1.063452 0.730433
v -0.103896 0.879445 0.765281
v -0.103896 0.879445 0.730433
v -0.069048 0.879445 0.730433
v -0.069048 0.879445 0.765281
v -0.094787 0.863495 0.739542
v -0.078157 0.863495 0.739542
v -0.078157 0.863495 0.756172
v -0.094787 0.863495 0.756172
v -0.097955 1.069793 0.759340
v -0.097955 1.069793 0.736374
v -0.074989 1.069793 0.736374
v -0.074989 1.069793 0.759340
v -0.094327 0.750989 0.740002
v -0.093867 0.638484 0.740462
v -0.093407 0.525979 0.740922
v -0.092947 0.413474 0.741382
v -0.092487 0.300968 0.741842
v -0.092027 0.188463 0.742302
v -0.091567 0.075958 0.742761
v -0.078617 0.750989 0.740002
v -0.079077 0.638484 0.740462
v -0.079537 0.525979 0.740922
v -0.079997 0.413474 0.741382
v -0.080457 0.300968 0.741842
v -0.080917 0.188463 0.742302
v -0.081377 0.075958 0.742761
v -0.078617 0.750989 0.755712
v -0.079077 0.638484 0.755252
v -0.079537 0.525979 0.754792
v -0.079997 0.413474 0.754332
v -0.080457 0.300968 0.753872
v -0.080917 0.188463 0.753412
v -0.081377 0.075958 0.752952
v -0.091567 0.075958 0.752952
v -0.092027 0.188463 0.753412
v -0.092487 0.300968 0.753872
v -0.092947 0.413474 0.754332
v -0.093407 0.525979 0.754792
v -0.093867 0.638484 0.755252
v -0.094327 0.750990 0.755712
v -0.156247 0.674908 0.755252
v -0.156707 0.787414 0.755712
v -0.079077 0.689386 0.794507
v -0.079537 0.576881 0.794047
v -0.092947 0.437643 0.709587
v -0.092487 0.325138 0.710047
v -0.046798 0.555774 0.740922
v -0.047258 0.443269 0.741382
v 0.128712 -0.036548 0.752492
v 0.115923 1.063452 0.765281
v 0.128712 -0.036548 0.743221
v 0.115923 1.063452 0.730433
v 0.137983 -0.036548 0.752492
v 0.150772 1.063452 0.765281
v 0.137983 -0.036548 0.743221
v 0.150772 1.063452 0.730433
v 0.115923 0.879445 0.765281
v 0.115923 0.879445 0.730433
v 0.150772 0.879445 0.730433
v 0.150772 0.879445 0.765281
v 0.125033 0.863495 0.739542
v 0.141663 0.863495 0.739542
v 0.141663 0.863495 0.756172
v 0.125033 0.863495 0.756172
v 0.121864 1.069793 0.759340
v 0.121864 1.069793 0.736374
v 0.144831 1.069793 0.736374
v 0.144831 1.069793 0.759340
v 0.125493 0.750989 0.740002
v 0.125952 0.638484 0.740462
v 0.126412 0.525979 0.740922
v 0.126872 0.413474 0.741382
v 0.127332 0.300968 0.741842
v 0.127792 0.188463 0.742302
v 0.128252 0.075958 0.742761
v 0.141203 0.750989 0.740002
v 0.140743 0.638484 0.740462
v 0.140283 0.525979 0.740922
v 0.139823 0.413474 0.741382
v 0.139363 0.300968 0.741842
v 0.138903 0.188463 0.742302
v 0.138443 0.075958 0.742761
v 0.141203 0.750989 0.755712
v 0.140743 0.638484 0.755252
v 0.140283 0.525979 0.754792
v 0.139823 0.413474 0.754332
v 0.139363 0.300968 0.753872
v 0.138903 0.188463 0.753412
v 0.138443 0.075958 0.752952
v 0.128252 0.075958 0.752952
v 0.127792 0.188463 0.753412
v 0.127332 0.300968 0.753872
v 0.126872 0.413474 0.754332
v 0.126412 0.525979 0.754792
v 0.125952 0.638484 0.755252
v 0.125493 0.750990 0.755712
v 0.063572 0.674908 0.755252
v 0.063112 0.787414 0.755712
v 0.140743 0.689386 0.794507
v 0.140283 0.576881 0.794047
v 0.126872 0.437643 0.709587
v 0.127332 0.325138 0.710047
v 0.173022 0.555774 0.740922
v 0.172562 0.443269 0.741382
v 0.348531 -0.036548 0.752492
v 0.335743 1.063452 0.765281
v 0.348531 -0.036548 0.743221
v 0.335743 1.063452 0.730433
v 0.357802 -0.036548 0.752492
v 0.370591 1.063452 0.765281
v 0.357802 -0.036548 0.743221
v 0.370591 1.063452 0.730433
v 0.335743 0.879445 0.765281
v 0.335743 0.879445 0.730433
v 0.370591 0.879445 0.730433
v 0.370591 0.879445 0.765281
v 0.344852 0.863495 0.739542
v 0.361482 0.863495 0.739542
v 0.361482 0.863495 0.756172
v 0.344852 0.863495 0.756172
v 0.341684 1.069793 0.759340
v 0.341684 1.069793 0.736374
v 0.364650 1.069793 0.736374
v 0.364650 1.069793 0.759340
v 0.345312 0.750989 0.740002
v 0.345772 0.638484 0.740462
v 0.346232 0.525979 0.740922
v 0.346692 0.413474 0.741382
v 0.347152 0.300968 0.741842
v 0.347612 0.188463 0.742302
v 0.348072 0.075958 0.742761
v 0.361022 0.750989 0.740002
v 0.360562 0.638484 0.740462
v 0.360102 0.525979 0.740922
v 0.359642 0.413474 0.741382
v 0.359182 0.300968 0.741842
v 0.358722 0.188463 0.742302
v 0.358262 0.075958 0.742761
v 0.361022 0.750989 0.755712
v 0.360562 0.638484 0.755252
v 0.360102 0.525979 0.754792
v 0.359642 0.413474 0.754332
v 0.359182 0.300968 0.753872
v 0.358722 0.188463 0.753412
v 0.358262 0.075958 0.752952
v 0.348072 0.075958 0.752952
v 0.347612 0.188463 0.753412
v 0.347152 0.300968 0.753872
v 0.346692 0.413474 0.754332
v 0.346232 0.525979 0.754792
v 0.345772 0.638484 0.755252
v 0.345312 0.750990 0.755712
v 0.283391 0.674908 0.755252
v 0.282932 0.787414 0.755712
v 0.360562 0.689386 0.794507
v 0.360102 0.576881 0.794047
v 0.346692 0.437643 0.709587
v 0.347152 0.325138 0.710047
v 0.392841 0.555774 0.740922
v 0.392381 0.443269 0.741382
v 0.568351 -0.036548 0.752492
v 0.555562 1.063452 0.765281
v 0.568351 -0.036548 0.743221
v 0.555562 1.063452 0.730433
v 0.577622 -0.036548 0.752492
v 0.590410 1.063452 0.765281
v 0.577622 -0.036548 0.743221
v 0.590410 1.063452 0.730433
v 0.555562 0.879445 0.765281
v 0.555562 0.879445 0.730433
v 0.590410 0.879445 0.730433
v 0.590410 0.879445 0.765281
v 0.564671 0.863495 0.739542
v 0.581301 0.863495 0.739542
v 0.581301 0.863495 0.756172
v 0.564671 0.863495 0.756172
v 0.561503 1.069793 0.759340
v 0.561503 1.069793 0.736374
v 0.584469 1.069793 0.736374
v 0.584469 1.069793 0.759340
v 0.565131 0.750989 0.740002
v 0.565591 0.638484 0.740462
v 0.566051 0.525979 0.740922
v 0.566511 0.413474 0.741382
v 0.566971 0.300968 0.741842
v 0.567431 0.188463 0.742302
v 0.567891 0.075958 0.742761
v 0.580841 0.750989 0.740002
v 0.580381 0.638484 0.740462
v 0.579921 0.525979 0.740922
v 0.579461 0.413474 0.741382
v 0.579001 0.300968 0.741842
v 0.578542 0.188463 0.742302
v 0.578082 0.075958 0.742761
v 0.580841 0.750989 0.755712
v 0.580381 0.638484 0.755252
v 0.579921 0.525979 0.754792
v 0.579461 0.413474 0.754332
v 0.579001 0.300968 0.753872
v 0.578542 0.188463 0.753412
v 0.578082 0.075958 0.752952
v 0.567891 0.075958 0.752952
v 0.567431 0.188463 0.753412
v 0.566971 0.300968 0.753872
v 0.566511 0.413474 0.754332
v 0.566051 0.525979 0.754792
v 0.565591 0.638484 0.755252
v 0.565131 0.750990 0.755712
v 0.503211 0.674908 0.755252
v 0.502751 0.787414 0.755712
v 0.580381 0.689386 0.794507
v 0.579921 0.576881 0.794047
v 0.566511 0.437643 0.709587
v 0.566971 0.325138 0.710047
v 0.612661 0.555774 0.740922
v 0.612201 0.443269 0.741382
v 0.788170 -0.036548 0.752492
v 0.775381 1.063452 0.765281
v 0.788170 -0.036548 0.743221
v 0.775381 1.063452 0.730433
v 0.797441 -0.036548 0.752492
v 0.810230 1.063452 0.765281
v 0.797441 -0.036548 0.743221
v 0.810230 1.063452 0.730433
v 0.775381 0.879445 0.765281
v 0.775381 0.879445 0.730433
v 0.810230 0.879445 0.730433
v 0.810230 0.879445 0.765281
v 0.784491 0.863495 0.739542
v 0.801121 0.863495 0.739542
v 0.801121 0.863495 0.756172
v 0.784491 0.863495 0.756172
v 0.781322 1.069793 0.759340
v 0.781322 1.069793 0.736374
v 0.804289 1.069793 0.736374
v 0.804289 1.069793 0.759340
v 0.784951 0.750989 0.740002
v 0.785411 0.638484 0.740462
v 0.785871 0.525979 0.740922
v 0.786330 0.413474 0.741382
v 0.786790 0.300968 0.741842
v 0.787250 0.188463 0.742302
v 0.787710 0.075958 0.742761
v 0.800661 0.750989 0.740002
v 0.800201 0.638484 0.740462
v 0.799741 0.525979 0.740922
v 0.799281 0.413474 0.741382
v 0.798821 0.300968 0.741842
v 0.798361 0.188463 0.742302
v 0.797901 0.075958 0.742761
v 0.800661 0.750989 0.755712
v 0.800201 0.638484 0.755252
v 0.799741 0.525979 0.754792
v 0.799281 0.413474 0.754332
v 0.798821 0.300968 0.753872
v 0.798361 0.188463 0.753412
v 0.797901 0.075958 0.752952
v 0.787710 0.075958 0.752952
v 0.787250 0.188463 0.753412
v 0.786790 0.300968 0.753872
v 0.786330 0.413474 0.754332
v 0.785871 0.525979 0.754792
v 0.785411 0.638484 0.755252
v 0.784951 0.750990 0.755712
v 0.723030 0.674908 0.755252
v 0.722570 0.787414 0.755712
v 0.800201 0.689386 0.794507
v 0.799741 0.576881 0.794047
v 0.786330 0.437643 0.709587
v 0.786790 0.325138 0.710047
v 0.832480 0.555774 0.740922
v 0.832020 0.443269 0.741382
v -0.750565 -0.036548 0.582653
v -0.763354 1.063452 0.595442
v -0.750565 -0.036548 0.573382
v -0.763354 1.063452 0.560593
v -0.741295 -0.036548 0.582653
v -0.728506 1.063452 0.595442
v -0.741295 -0.036548 0.573382
v -0.728506 1.063452 0.560593
v -0.763354 0.879445 0.595442
v -0.763354 0.879445 0.560593
v -0.728506 0.879445 0.560593
v -0.728506 0.879445 0.595442
v -0.754245 0.863495 0.569702
v -0.737615 0.863495 0.569702
v -0.737615 0.863495 0.586332
v -0.754245 0.863495 0.586332
v -0.757413 1.069793 0.589500
v -0.757413 1.069793 0.566534
v -0.734447 1.069793 0.566534
v -0.734447 1.069793 0.589500
v -0.753785 0.750989 0.570162
v -0.753325 0.638484 0.570622
v -0.752865 0.525979 0.571082
v -0.752405 0.413474 0.571542
v -0.751945 0.300968 0.572002
v -0.751485 0.188463 0.572462
v -0.751025 0.075958 0.572922
v -0.738075 0.750989 0.570162
v -0.738535 0.638484 0.570622
v -0.738995 0.525979 0.571082
v -0.739455 0.413474 0.571542
v -0.739915 0.300968 0.572002
v -0.740375 0.188463 0.572462
v -0.740835 0.075958 0.572922
v -0.738075 0.750989 0.585872
v -0.738535 0.638484 0.585412
v -0.738995 0.525979 0.584952
v -0.739455 0.413474 0.584493
v -0.739915 0.300968 0.584033
v -0.740375 0.188463 0.583573
v -0.740835 0.075958 0.583113
v -0.751025 0.075958 0.583113
v -0.751485 0.188463 0.583573
v -0.751945 0.300968 0.584033
v -0.752405 0.413474 0.584493
v -0.752865 0.525979 0.584952
v -0.753325 0.638484 0.585412
v -0.753785 0.750990 0.585872
v -0.815706 0.674908 0.585412
v -0.816166 0.787414 0.585872
v -0.738535 0.689386 0.624667
v -0.738995 0.576881 0.624207
v -0.752405 0.437643 0.539748
v -0.751945 0.325138 0.540208
v -0.706256 0.555774 0.571082
v -0.706716 0.443269 0.571542
v -0.530746 -0.036548 0.582653
v -0.543535 1.063452 0.595442
v -0.530746 -0.036548 0.573382
v -0.543535 1.063452 0.560593
v -0.521475 -0.036548 0.582653
v -0.508686 1.063452 0.595442
v -0.521475 -0.036548 0.573382
v -0.508686 1.063452 0.560593
v -0.543535 0.879445 0.595442
v -0.543535 0.879445 0.560593
v -0.508686 0.879445 0.560593
v -0.508686 0.879445 0.595442
v -0.534426 0.863495 0.569702
v -0.517796 0.863495 0.569702
v -0.517796 0.863495 0.586332
v -0.534426 0.863495 0.586332
v -0.537594 1.069793 0.589500
v -0.537594 1.069793 0.566534
v -0.514628 1.069793 0.566534
v -0.514628 1.069793 0.589500
v -0.533966 0.750989 0.570162
v -0.533506 0.638484 0.570622
v -0.533046 0.525979 0.571082
v -0.532586 0.413474 0.571542
v -0.532126 0.300968 0.572002
v -0.531666 0.188463 0.572462
v -0.531206 0.075958 0.572922
v -0.518256 0.750989 0.570162
v -0.518716 0.638484 0.570622
v -0.519176 0.525979 0.571082
v -0.519635 0.413474 0.571542
v -0.520095 0.300968 0.572002
v -0.520555 0.188463 0.572462
v -0.521015 0.075958 0.572922
v -0.518256 0.750989 0.585872
v -0.518716 0.638484 0.585412
v -0.519176 0.525979 0.584952
v -0.519635 0.413474 0.584493
v -0.520095 0.300968 0.584033
v -0.520555 0.188463 0.583573
v -0.521015 0.075958 0.583113
v -0.531206 0.075958 0.583113
v -0.531666 0.188463 0.583573
v -0.532126 0.300968 0.584033
v -0.532586 0.413474 0.584493
v -0.533046 0.525979 0.584952
v -0.533506 0.638484 0.585412
v -0.533966 0.750990 0.585872
v -0.595886 0.674908 0.585412
v -0.596346 0.787414 0.585872
v -0.518716 0.689386 0.624667
v -0.519176 0.576881 0.624207
v -0.532586 0.437643 0.539748
v -0.532126 0.325138 0.540208
v -0.486436 0.555774 0.571082
v -0.486896 0.443269 0.571542
v -0.310927 -0.036548 0.582653
v -0.323716 1.063452 0.595442
v -0.310927 -0.036548 0.573382
v -0.323716 1.063452 0.560593
v -0.301656 -0.036548 0.582653
v -0.288867 1.063452 0.595442
v -0.301656 -0.036548 0.573382
v -0.288867 1.063452 0.560593
v -0.323716 0.879445 0.595442
v -0.323716 0.879445 0.560593
v -0.288867 0.879445 0.560593
v -0.288867 0.879445 0.595442
v -0.314606 0.863495 0.569702
v -0.297976 0.863495 0.569702
v -0.297976 0.863495 0.586332
v -0.314606 0.863495 0.586332
v -0.317774 1.069793 0.589500
v -0.317774 1.069793 0.566534
v -0.294808 1.069793 0.566534
v -0.294808 1.069793 0.589500
v -0.314146 0.750989 0.570162
v -0.313686 0.638484 0.570622
v -0.313226 0.525979 0.571082
v -0.312766 0.413474 0.571542
v -0.312307 0.300968 0.572002
v -0.311847 0.188463 0.572462
v -0.311387 0.075958 0.572922
v -0.298436 0.750989 0.570162
v -0.298896 0.638484 0.570622
v -0.299356 0.525979 0.571082
v -0.299816 0.413474 0.571542
v -0.300276 0.300968 0.572002
v -0.300736 0.188463 0.572462
v -0.301196 0.075958 0.572922
v -0.298436 0.750989 0.585872
v -0.298896 0.638484 0.585412
v -0.299356 0.525979 0.584952
v -0.299816 0.413474 0.584493
v -0.300276 0.300968 0.584033
v -0.300736 0.188463 0.583573
v -0.301196 0.075958 0.583113
v -0.311387 0.075958 0.583113
v -0.311847 0.188463 0.583573
v -0.312307 0.300968 0.584033
v -0.312766 0.413474 0.584493
v -0.313226 0.525979 0.584952
v -0.313686 0.638484 0.585412
v -0.314146 0.750990 0.585872
v -0.376067 0.674908 0.585412
v -0.376527 0.787414 0.585872
v -0.298896 0.689386 0.624667
v -0.299356 0.576881 0.624207
v -0.312766 0.437643 0.539748
v -0.312307 0.325138 0.540208
v -0.266617 0.555774 0.571082
v -0.267077 0.443269 0.571542
v -0.091107 -0.036548 0.582653
v -0.103896 1.063452 0.595442
v -0.091107 -0.036548 0.573382
v -0.103896 1.063452 0.560593
v -0.081837 -0.036548 0.582653
v -0.069048 1.063452 0.595442
v -0.081837 -0.036548 0.573382
v -0.069048 1.063452 0.560593
v -0.103896 0.879445 0.595442
v -0.103896 0.879445 0.560593
v -0.069048 0.879445 0.560593
v -0.069048 0.879445 0.595442
v -0.094787 0.863495 0.569702
v -0.078157 0.863495 0.569702
v -0.078157 0.863495 0.586332
v -0.094787 0.863495 0.586332
v -0.097955 1.069793 0.589500
v -0.097955 1.069793 0.566534
v -0.074989 1.069793 0.566534
v -0.074989 1.069793 0.589500
v -0.094327 0.750989 0.570162
v -0.093867 0.638484 0.570622
v -0.093407 0.525979 0.571082
v -0.092947 0.413474 0.571542
v -0.092487 0.300968 0.572002
v -0.092027 0.188463 0.572462
v -0.091567 0.075958 0.572922
v -0.078617 0.750989 0.570162
v -0.079077 0.638484 0.570622
v -0.079537 0.525979 0.571082
v -0.079997 0.413474 0.571542
v -0.080457 0.300968 0.572002
v -0.080917 0.188463 0.572462
v -0.081377 0.075958 0.572922
v -0.078617 0.750989 0.585872
v -0.079077 0.638484 0.585412
v -0.079537 0.525979 0.584952
v -0.079997 0.413474 0.584493
v -0.080457 0.300968 0.584033
v -0.080917 0.188463 0.583573
v -0.081377 0.075958 0.583113
v -0.091567 0.075958 0.583113
v -0.092027 0.188463 0.583573
v -0.092487 0.300968 0.584033
v -0.092947 0.413474 0.584493
v -0.093407 0.525979 0.584952
v -0.093867 0.638484 0.585412
v -0.094327 0.750990 0.585872
v -0.156247 0.674908 0.585412
v -0.156707 0.787414 0.585872
v -0.079077 0.689386 0.624667
v -0.079537 0.576881 0.624207
v -0.092947 0.437643 0.539748
v -0.092487 0.325138 0.540208
v -0.046798 0.555774 0.571082
v -0.047258 0.443269 0.571542
v 0.128712 -0.036548 0.582653
v 0.115923 1.063452 0.595442
v 0.128712 -0.036548 0.573382
v 0.115923 1.063452 0.560593
v 0.137983 -0.036548 0.582653
v 0.150772 1.063452 0.595442
v 0.137983 -0.036548 0.573382
v 0.150772 1.063452 0.560593
v 0.115923 0.879445 0.595442
v 0.115923 0.879445 0.560593
v 0.150772 0.879445 0.560593
v 0.150772 0.879445 0.595442
v 0.125033 0.863495 0.569702
v 0.141663 0.863495 0.569702
v 0.141663 0.863495 0.586332
v 0.125033 0.863495 0.586332
v 0.121864 1.069793 0.589500
v 0.121864 1.069793 0.566534
v 0.144831 1.069793 0.566534
v 0.144831 1.069793 0.589500
v 0.125493 0.750989 0.570162
v 0.125952 0.638484 0.570622
v 0.126412 0.525979 0.571082
v 0.126872 0.413474 0.571542
v 0.127332 0.300968 0.572002
v 0.127792 0.188463 0.572462
v 0.128252 0.075958 0.572922
v 0.141203 0.750989 0.570162
v 0.140743 0.638484 0.570622
v 0.140283 0.525979 0.571082
v 0.139823 0.413474 0.571542
v 0.139363 0.300968 0.572002
v 0.138903 0.188463 0.572462
v 0.138443 0.075958 0.572922
v 0.141203 0.750989 0.585872
v 0.140743 0.638484 0.585412
v 0.140283 0.525979 0.584952
v 0.139823 0.413474 0.584493
v 0.139363 0.300968 0.584033
v 0.138903 0.188463 0.583573
v 0.138443 0.075958 0.583113
v 0.128252 0.075958 0.583113
v 0.127792 0.188463 0.583573
v 0.127332 0.300968 0.584033
v 0.126872 0.413474 0.584493
v 0.126412 0.525979 0.584952
v 0.125952 0.638484 0.585412
v 0.125493 0.750990 0.585872
v 0.063572 0.674908 0.585412
v 0.063112 0.787414 0.585872
v 0.140743 0.689386 0.624667
v 0.140283 0.576881 0.624207
v 0.126872 0.437643 0.539748
v 0.127332 0.325138 0.540208
v 0.173022 0.555774 0.571082
v 0.172562 0.443269 0.571542
v 0.348531 -0.036548 0.582653
v 0.335743 1.063452 0.595442
v 0.348531 -0.036548 0.573382
v 0.335743 1.063452 0.560593
v 0.357802 -0.036548 0.582653
v 0.370591 1.063452 0.595442
v 0.357802 -0.036548 0.573382
v 0.370591 1.063452 0.560593
v 0.335743 0.879445 0.595442
v 0.335743 0.879445 0.560593
v 0.370591 0.879445 0.560593
v 0.370591 0.879445 0.595442
v 0.344852 0.863495 0.569702
v 0.361482 0.863495 0.569702
v 0.361482 0.863495 0.586332
v 0.344852 0.863495 0.586332
v 0.341684 1.069793 0.589500
v 0.341684 1.069793 0.566534
v 0.364650 1.069793 0.566534
v 0.364650 1.069793 0.589500
v 0.345312 0.750989 0.570162
v 0.345772 0.638484 0.570622
v 0.346232 0.525979 0.571082
v 0.346692 0.413474 0.571542
v 0.347152 0.300968 0.572002
v 0.347612 0.188463 0.572462
v 0.348072 0.075958 0.572922
v 0.361022 0.750989 0.570162
v 0.360562 0.638484 0.570622
v 0.360102 0.525979 0.571082
v 0.359642 0.413474 0.571542
v 0.359182 0.300968 0.572002
v 0.358722 0.188463 0.572462
v 0.358262 0.075958 0.572922
v 0.361022 0.750989 0.585872
v 0.360562 0.638484 0.585412
v 0.360102 0.525979 0.584952
v 0.359642 0.413474 0.584493
v 0.359182 0.300968 0.584033
v 0.358722 0.188463 0.583573
v 0.358262 0.075958 0.583113
v 0.348072 0.075958 0.583113
v 0.347612 0.188463 0.583573
v 0.347152 0.300968 0.584033
v 0.346692 0.413474 0.584493
v 0.346232 0.525979 0.584952
v 0.345772 0.638484 0.585412
v 0.345312 0.750990 0.585872
v 0.283391 0.674908 0.585412
v 0.282932 0.787414 0.585872
v 0.360562 0.689386 0.624667
v 0.360102 0.576881 0.624207
v 0.346692 0.437643 0.539748
v 0.347152 0.325138 0.540208
v 0.392841 0.555774 0.571082
v 0.392381 0.443269 0.571542
v 0.568351 -0.036548 0.582653
v 0.555562 1.063452 0.595442
v 0.568351 -0.036548 0.573382
v 0.555562 1.063452 0.560593
v 0.577622 -0.036548 0.582653
v 0.590410 1.063452 0.595442
v 0.577622 -0.036548 0.573382
v 0.590410 1.063452 0.560593
v 0.555562 0.879445 0.595442
v 0.555562 0.879445 0.560593
v 0.590410 0.879445 0.560593
v 0.590410 0.879445 0.595442
v 0.564671 0.863495 0.569702
v 0.581301 0.863495 0.569702
v 0.581301 0.863495 0.586332
v 0.564671 0.863495 0.586332
v 0.561503 1.069793 0.589500
v 0.561503 1.069793 0.566534
v 0.584469 1.069793 0.566534
v 0.584469 1.069793 0.589500
v 0.565131 0.750989 0.570162
v 0.565591 0.638484 0.570622
v 0.566051 0.525979 0.571082
v 0.566511 0.413474 0.571542
v 0.566971 0.300968 0.572002
v 0.567431 0.188463 0.572462
v 0.567891 0.075958 0.572922
v 0.580841 0.750989 0.570162
v 0.580381 0.638484 0.570622
v 0.579921 0.525979 0.571082
v 0.579461 0.413474 0.571542
v 0.579001 0.300968 0.572002
v 0.578542 0.188463 0.572462
v 0.578082 0.075958 0.572922
v 0.580841 0.750989 0.585872
v 0.580381 0.638484 0.585412
v 0.579921 0.525979 0.584952
v 0.579461 0.413474 0.584493
v 0.579001 0.300968 0.584033
v 0.578542 0.188463 0.583573
v 0.578082 0.075958 0.583113
v 0.567891 0.075958 0.583113
v 0.567431 0.188463 0.583573
v 0.566971 0.300968 0.584033
v 0.566511 0.413474 0.584493
v 0.566051 0.525979 0.584952
v 0.565591 0.638484 0.585412
v 0.565131 0.750990 0.585872
v 0.503211 0.674908 0.585412
v 0.502751 0.787414 0.585872
v 0.580381 0.689386 0.624667
v 0.579921 0.576881 0.624207
v 0.566511 0.437643 0.539748
v 0.566971 0.325138 0.540208
v 0.612661 0.555774 0.571082
v 0.612201 0.443269 0.571542
v 0.788170 -0.036548 0.582653
v 0.775381 1.063452 0.595442
v 0.788170 -0.036548 0.573382
v 0.775381 1.063452 0.560593
v 0.797441 -0.036548 0.582653
v 0.810230 1.063452 0.595442
v 0.797441 -0.036548 0.573382
v 0.810230 1.063452 0.560593
v 0.775381 0.879445 0.595442
v 0.775381 0.879445 0.560593
v 0.810230 0.879445 0.560593
v 0.810230 0.879445 0.595442
v 0.784491 0.863495 0.569702
v 0.801121 0.863495 0.569702
v 0.801121 0.863495 0.586332
v 0.784491 0.863495 0.586332
v 0.781322 1.069793 0.589500
v 0.781322 1.069793 0.566534
v 0.804289 1.069793 0.566534
v 0.804289 1.069793 0.589500
v 0.784951 0.750989 0.570162
v 0.785411 0.638484 0.570622
v 0.785871 0.525979 0.571082
v 0.786330 0.413474 0.571542
v 0.786790 0.300968 0.572002
v 0.787250 0.188463 0.572462
v 0.787710 0.075958 0.572922
v 0.800661 0.750989 0.570162
v 0.800201 0.638484 0.570622
v 0.799741 0.525979 0.571082
v 0.799281 0.413474 0.571542
v 0.798821 0.300968 0.572002
v 0.798361 0.188463 0.572462
v 0.797901 0.075958 0.572922
v 0.800661 0.750989 0.585872
v 0.800201 0.638484 0.585412
v 0.799741 0.525979 0.584952
v 0.799281 0.413474 0.584493
v 0.798821 0.300968 0.584033
v 0.798361 0.188463 0.583573
v 0.797901 0.075958 0.583113
v 0.787710 0.075958 0.583113
v 0.787250 0.188463 0.583573
v 0.786790 0.300968 0.584033
v 0.786330 0.413474 0.584493
v 0.785871 0.525979 0.584952
v 0.785411 0.638484 0.585412
v 0.784951 0.750990 0.585872
v 0.723030 0.674908 0.585412
v 0.722570 0.787414 0.585872
v 0.800201 0.689386 0.624667
v 0.799741 0.576881 0.624207
v 0.786330 0.437643 0.539748
v 0.786790 0.325138 0.540208
v 0.832480 0.555774 0.571082
v 0.832020 0.443269 0.571542
v -0.750565 -0.036548 0.412813
v -0.763354 1.063452 0.425602
v -0.750565 -0.036548 0.403542
v -0.763354 1.063452 0.390754
v -0.741295 -0.036548 0.412813
v -0.728506 1.063452 0.425602
v -0.741295 -0.036548 0.403542
v -0.728506 1.063452 0.390754
v -0.763354 0.879445 0.425602
v -0.763354 0.879445 0.390754
v -0.728506 0.879445 0.390754
v -0.728506 0.879445 0.425602
v -0.754245 0.863495 0.399863
v -0.737615 0.863495 0.399863
v -0.737615 0.863495 0.416493
v -0.754245 0.863495 0.416493
v -0.757413 1.069793 0.419661
v -0.757413 1.069793 0.396695
v -0.734447 1.069793 0.396695
v -0.734447 1.069793 0.419661
v -0.753785 0.750989 0.400323
v -0.753325 0.638484 0.400783
v -0.752865 0.525979 0.401243
v -0.752405 0.413474 0.401703
v -0.751945 0.300968 0.402163
v -0.751485 0.188463 0.402623
v -0.751025 0.075958 0.403083
v -0.738075 0.750989 0.400323
v -0.738535 0.638484 0.400783
v -0.738995 0.525979 0.401243
v -0.739455 0.413474 0.401703
v -0.739915 0.300968 0.402163
v -0.740375 0.188463 0.402623
v -0.740835 0.075958 0.403083
v -0.738075 0.750989 0.416033
v -0.738535 0.638484 0.415573
v -0.738995 0.525979 0.415113
v -0.739455 0.413474 0.414653
v -0.739915 0.300968 0.414193
v -0.740375 0.188463 0.413733
v -0.740835 0.075958 0.413273
v -0.751025 0.075958 0.413273
v -0.751485 0.188463 0.413733
v -0.751945 0.300968 0.414193
v -0.752405 0.413474 0.414653
v -0.752865 0.525979 0.415113
v -0.753325 0.638484 0.415573
v -0.753785 0.750990 0.416033
v -0.815706 0.674908 0.415573
v -0.816166 0.787414 0.416033
v -0.738535 0.689386 0.454828
v -0.738995 0.576881 0.454368
v -0.752405 0.437643 0.369908
v -0.751945 0.325138 0.370368
v -0.706256 0.555774 0.401243
v -0.706716 0.443269 0.401703
v -0.530746 -0.036548 0.412813
v -0.543535 1.063452 0.425602
v -0.530746 -0.036548 0.403542
v -0.543535 1.063452 0.390754
v -0.521475 -0.036548 0.412813
v -0.508686 1.063452 0.425602
v -0.521475 -0.036548 0.403542
v -0.508686 1.063452 0.390754
v -0.543535 0.879445 0.425602
v -0.543535 0.879445 0.390754
v -0.508686 0.879445 0.390754
v -0.508686 0.879445 0.425602
v -0.534426 0.863495 0.399863
v -0.517796 0.863495 0.399863
v -0.517796 0.863495 0.416493
v -0.534426 0.863495 0.416493
v -0.537594 1.069793 0.419661
v -0.537594 1.069793 0.396695
v -0.514628 1.069793 0.396695
v -0.514628 1.069793 0.419661
v -0.533966 0.750989 0.400323
v -0.533506 0.638484 0.400783
v -0.533046 0.525979 0.401243
v -0.532586 0.413474 0.401703
v -0.532126 0.300968 0.402163
v -0.531666 0.188463 0.402623
v -0.531206 0.075958 0.403083
v -0.518256 0.750989 0.400323
v -0.518716 0.638484 0.400783
v -0.519176 0.525979 0.401243
v -0.519635 0.413474 0.401703
v -0.520095 0.300968 0.402163
v -0.520555 0.188463 0.402623
v -0.521015 0.075958 0.403083
v -0.518256 0.750989 0.416033
v -0.518716 0.638484 0.415573
v -0.519176 0.525979 0.415113
v -0.519635 0.413474 0.414653
v -0.520095 0.300968 0.414193
v -0.520555 0.188463 0.413733
v -0.521015 0.075958 0.413273
v -0.531206 0.075958 0.413273
v -0.531666 0.188463 0.413733
v -0.532126 0.300968 0.414193
v -0.532586 0.413474 0.414653
v -0.533046 0.525979 0.415113
v -0.533506 0.638484 0.415573
v -0.533966 0.750990 0.416033
v -0.595886 0.674908 0.415573
v -0.596346 0.787414 0.416033
v -0.518716 0.689386 0.454828
v -0.519176 0.576881 0.454368
v -0.532586 0.437643 0.369908
v -0.532126 0.325138 0.370368
v -0.486436 0.555774 0.401243
v -0.486896 0.443269 0.401703
v -0.310927 -0.036548 0.412813
v -0.323716 1.063452 0.425602
v -0.310927 -0.036548 0.403542
v -0.323716 1.063452 0.390754
v -0.301656 -0.036548 0.412813
v -0.288867 1.063452 0.425602
v -0.301656 -0.036548 0.403542
v -0.288867 1.063452 0.390754
v -0.323716 0.879445 0.425602
v -0.323716 0.879445 0.390754
v -0.288867 0.879445 0.390754
v -0.288867 0.879445 0.425602
v -0.314606 0.863495 0.399863
v -0.297976 0.863495 0.399863
v -0.297976 0.863495 0.416493
v -0.314606 0.863495 0.416493
v -0.317774 1.069793 0.419661
v -0.317774 1.069793 0.396695
v -0.294808 1.069793 0.396695
v -0.294808 1.069793 0.419661
v -0.314146 0.750989 0.400323
v -0.313686 0.638484 0.400783
v -0.313226 0.525979 0.401243
v -0.312766 0.413474 0.401703
v -0.312307 0.300968 0.402163
v -0.311847 0.188463 0.402623
v -0.311387 0.075958 0.403083
v -0.298436 0.750989 0.400323
v -0.298896 0.638484 0.400783
v -0.299356 0.525979 0.401243
v -0.299816 0.413474 0.401703
v -0.300276 0.300968 0.402163
v -0.300736 0.188463 0.402623
v -0.301196 0.075958 0.403083
v -0.298436 0.750989 0.416033
v -0.298896 0.638484 0.415573
v -0.299356 0.525979 0.415113
v -0.299816 0.413474 0.414653
v -0.300276 0.300968 0.414193
v -0.300736 0.188463 0.413733
v -0.301196 0.075958 0.413273
v -0.311387 0.075958 0.413273
v -0.311847 0.188463 0.413733
v -0.312307 0.300968 0.414193
v -0.312766 0.413474 0.414653
v -0.313226 0.525979 0.415113
v -0.313686 0.638484 0.415573
v -0.314146 0.750990 0.416033
v -0.376067 0.674908 0.415573
v -0.376527 0.787414 0.416033
v -0.298896 0.689386 0.454828
v -0.299356 0.576881 0.454368
v -0.312766 0.437643 0.369908
v -0.312307 0.325138 0.370368
v -0.266617 0.555774 0.401243
v -0.267077 0.443269 0.401703
v -0.091107 -0.036548 0.412813
v -0.103896 1.063452 0.425602
v -0.091107 -0.036548 0.403542
v -0.103896 1.063452 0.390754
v -0.081837 -0.036548 0.412813
v -0.069048 1.063452 0.425602
v -0.081837 -0.036548 0.403542
v -0.069048 1.063452 0.390754
v -0.103896 0.879445 0.425602
v -0.103896 0.879445 0.390754
v -0.069048 0.879445 0.390754
v -0.069048 0.879445 0.425602
v -0.094787 0.863495 0.399863
v -0.078157 0.863495 0.399863
v -0.078157 0.863495 0.416493
v -0.094787 0.863495 0.416493
v -0.097955 1.069793 0.419661
v -0.097955 1.069793 0.396695
v -0.074989 1.069793 0.396695
v -0.074989 1.069793 0.419661
v -0.094327 0.750989 0.400323
v -0.093867 0.638484 0.400783
v -0.093407 0.525979 0.401243
v -0.092947 0.413474 0.401703
v -0.092487 0.300968 0.402163
v -0.092027 0.188463 0.402623
v -0.091567 0.075958 0.403083
v -0.078617 0.750989 0.400323
v -0.079077 0.638484 0.400783
v -0.079537 0.525979 0.401243
v -0.079997 0.413474 0.401703
v -0.080457 0.300968 0.402163
v -0.080917 0.188463 0.402623
v -0.081377 0.075958 0.403083
v -0.078617 0.750989 0.416033
v -0.079077 0.638484 0.415573
v -0.079537 0.525979 0.415113
v -0.079997 0.413474 0.414653
v -0.080457 0.300968 0.414193
v -0.080917 0.188463 0.413733
v -0.081377 0.075958 0.413273
v -0.091567 0.075958 0.413273
v -0.092027 0.188463 0.413733
v -0.092487 0.300968 0.414193
v -0.092947 0.413474 0.414653
v -0.093407 0.525979 0.415113
v -0.093867 0.638484 0.415573
v -0.094327 0.750990 0.416033
v -0.156247 0.674908 0.415573
v -0.156707 0.787414 0.416033
v -0.079077 0.689386 0.454828
v -0.079537 0.576881 0.454368
v -0.092947 0.437643 0.369908
v -0.092487 0.325138 0.370368
v -0.046798 0.555774 0.401243
v -0.047258 0.443269 0.401703
v 0.128712 -0.036548 0.412813
v 0.115923 1.063452 0.425602
v 0.128712 -0.036548 0.403542
v 0.115923 1.063452 0.390754
v 0.137983 -0.036548 0.412813
v 0.150772 1.063452 0.425602
v 0.137983 -0.036548 0.403542
v 0.150772 1.063452 0.390754
v 0.115923 0.879445 0.425602
v 0.115923 0.879445 0.390754
v 0.150772 0.879445 0.390754
v 0.150772 0.879445 0.425602
v 0.125033 0.863495 0.399863
v 0.141663 0.863495 0.399863
v 0.141663 0.863495 0.416493
v 0.125033 0.863495 0.416493
v 0.121864 1.069793 0.419661
v 0.121864 1.069793 0.396695
v 0.144831 1.069793 0.396695
v 0.144831 1.069793 0.419661
v 0.125493 0.750989 0.400323
v 0.125952 0.638484 0.400783
v 0.126412 0.525979 0.401243
v 0.126872 0.413474 0.401703
v 0.127332 0.300968 0.402163
v 0.127792 0.188463 0.402623
v 0.128252 0.075958 0.403083
v 0.141203 0.750989 0.400323
v 0.140743 0.638484 0.400783
v 0.140283 0.525979 0.401243
v 0.139823 0.413474 0.401703
v 0.139363 0.300968 0.402163
v 0.138903 0.188463 0.402623
v 0.138443 0.075958 0.403083
v 0.141203 0.750989 0.416033
v 0.140743 0.638484 0.415573
v 0.140283 0.525979 0.415113
v 0.139823 0.413474 0.414653
v 0.139363 0.300968 0.414193
v 0.138903 0.188463 0.413733
v 0.138443 0.075958 0.413273
v 0.128252 0.075958 0.413273
v 0.127792 0.188463 0.413733
v 0.127332 0.300968 0.414193
v 0.126872 0.413474 0.414653
v 0.126412 0.525979 0.415113
v 0.125952 0.638484 0.415573
v 0.125493 0.750990 0.416033
v 0.063572 0.674908 0.415573
v 0.063112 0.787414 0.416033
v 0.140743 0.689386 0.454828
v 0.140283 0.576881 0.454368
v 0.126872 0.437643 0.369908
v 0.127332 0.325138 0.370368
v 0.173022 0.555774 0.401243
v 0.172562 0.443269 0.401703
v 0.348531 -0.036548 0.412813
v 0.335743 1.063452 0.425602
v 0.348531 -0.036548 0.403542
v 0.335743 1.063452 0.390754
v 0.357802 -0.036548 0.412813
v 0.370591 1.063452 0.425602
v 0.357802 -0.036548 0.403542
v 0.370591 1.063452 0.390754
v 0.335743 0.879445 0.425602
v 0.335743 0.879445 0.390754
v 0.370591 0.879445 0.390754
v 0.370591 0.879445 0.425602
v 0.344852 0.863495 0.399863
v 0.361482 0.863495 0.399863
v 0.361482 0.863495 0.416493
v 0.344852 0.863495 0.416493
v 0.341684 1.069793 0.419661
v 0.341684 1.069793 0.396695
v 0.364650 1.069793 0.396695
v 0.364650 1.069793 0.419661
v 0.345312 0.750989 0.400323
v 0.345772 0.638484 0.400783
v 0.346232 0.525979 0.401243
v 0.346692 0.413474 0.401703
v 0.347152 0.300968 0.402163
v 0.347612 0.188463 0.402623
v 0.348072 0.075958 0.403083
v 0.361022 0.750989 0.400323
v 0.360562 0.638484 0.400783
v 0.360102 0.525979 0.401243
v 0.359642 0.413474 0.401703
v 0.359182 0.300968 0.402163
v 0.358722 0.188463 0.402623
v 0.358262 0.075958 0.403083
v 0.361022 0.750989 0.416033
v 0.360562 0.638484 0.415573
v 0.360102 0.525979 0.415113
v 0.359642 0.413474 0.414653
v 0.359182 0.300968 0.414193
v 0.358722 0.188463 0.413733
v 0.358262 0.075958 0.413273
v 0.348072 0.075958 0.413273
v 0.347612 0.188463 0.413733
v 0.347152 0.300968 0.414193
v 0.346692 0.413474 0.414653
v 0.346232 0.525979 0.415113
v 0.345772 0.638484 0.415573
v 0.345312 0.750990 0.416033
v 0.283391 0.674908 0.415573
v 0.282932 0.787414 0.416033
v 0.360562 0.689386 0.454828
v 0.360102 0.576881 0.454368
v 0.346692 0.437643 0.369908
v 0.347152 0.325138 0.370368
v 0.392841 0.555774 0.401243
v 0.392381 0.443269 0.401703
v 0.568351 -0.036548 0.412813
v 0.555562 1.063452 0.425602
v 0.568351 -0.036548 0.403542
v 0.555562 1.063452 0.390754
v 0.577622 -0.036548 0.412813
v 0.590410 1.063452 0.425602
v 0.577622 -0.036548 0.403542
v 0.590410 1.063452 0.390754
v 0.555562 0.879445 0.425602
v 0.555562 0.879445 0.390754
v 0.590410 0.879445 0.390754
v 0.590410 0.879445 0.425602
v 0.564671 0.863495 0.399863
v 0.581301 0.863495 0.399863
v 0.581301 0.863495 0.416493
v 0.564671 0.863495 0.416493
v 0.561503 1.069793 0.419661
v 0.561503 1.069793 0.396695
v 0.584469 1.069793 0.396695
v 0.584469 1.069793 0.419661
v 0.565131 0.750989 0.400323
v 0.565591 0.638484 0.400783
v 0.566051 0.525979 0.401243
v 0.566511 0.413474 0.401703
v 0.566971 0.300968 0.402163
v 0.567431 0.188463 0.402623
v 0.567891 0.075958 0.403083
v 0.580841 0.750989 0.400323
v 0.580381 0.638484 0.400783
v 0.579921 0.525979 0.401243
v 0.579461 0.413474 0.401703
v 0.579001 0.300968 0.402163
v 0.578542 0.188463 0.402623
v 0.578082 0.075958 0.403083
v 0.580841 0.750989 0.416033
v 0.580381 0.638484 0.415573
v 0.579921 0.525979 0.415113
v 0.579461 0.413474 0.414653
v 0.579001 0.300968 0.414193
v 0.578542 0.188463 0.413733
v 0.578082 0.075958 0.413273
v 0.567891 0.075958 0.413273
v 0.567431 0.188463 0.413733
v 0.566971 0.300968 0.414193
v 0.566511 0.413474 0.414653
v 0.566051 0.525979 0.415113
v 0.565591 0.638484 0.415573
v 0.565131 0.750990 0.416033
v 0.503211 0.674908 0.415573
v 0.502751 0.787414 0.416033
v 0.580381 0.689386 0.454828
v 0.579921 0.576881 0.454368
v 0.566511 0.437643 0.369908
v 0.566971 0.325138 0.370368
v 0.612661 0.555774 0.401243
v 0.612201 0.443269 0.401703
v 0.788170 -0.036548 0.412813
v 0.775381 1.063452 0.425602
v 0.788170 -0.036548 0.403542
v 0.775381 1.063452 0.390754
v 0.797441 -0.036548 0.412813
v 0.810230 1.063452 0.425602
v 0.797441 -0.036548 0.403542
v 0.810230 1.063452 0.390754
v 0.775381 0.879445 0.425602
v 0.775381 0.879445 0.390754
v 0.810230 0.879445 0.390754
v 0.810230 0.879445 0.425602
v 0.784491 0.863495 0.399863
v 0.801121 0.863495 0.399863
v 0.801121 0.863495 0.416493
v 0.784491 0.863495 0.416493
v 0.781322 1.069793 0.419661
v 0.781322 1.069793 0.396695
v 0.804289 1.069793 0.396695
v 0.804289 1.069793 0.419661
v 0.784951 0.750989 0.400323
v 0.785411 0.638484 0.400783
v 0.785871 0.525979 0.401243
v 0.786330 0.413474 0.401703
v 0.786790 0.300968 0.402163
v 0.787250 0.188463 0.402623
v 0.787710 0.075958 0.403083
v 0.800661 0.750989 0.400323
v 0.800201 0.638484 0.400783
v 0.799741 0.525979 0.401243
v 0.799281 0.413474 0.401703
v 0.798821 0.300968 0.402163
v 0.798361 0.188463 0.402623
v 0.797901 0.075958 0.403083
v 0.800661 0.750989 0.416033
v 0.800201 0.638484 0.415573
v 0.799741 0.525979 0.415113
v 0.799281 0.413474 0.414653
v 0.798821 0.300968 0.414193
v 0.798361 0.188463 0.413733
v 0.797901 0.075958 0.413273
v 0.787710 0.075958 0.413273
v 0.787250 0.188463 0.413733
v 0.786790 0.300968 0.414193
v 0.786330 0.413474 0.414653
v 0.785871 0.525979 0.415113
v 0.785411 0.638484 0.415573
v 0.784951 0.750990 0.416033
v 0.723030 0.674908 0.415573
v 0.722570 0.787414 0.416033
v 0.800201 0.689386 0.454828
v 0.799741 0.576881 0.454368
v 0.786330 0.437643 0.369908
v 0.786790 0.325138 0.370368
v 0.832480 0.555774 0.401243
v 0.832020 0.443269 0.401703
v -0.750565 -0.036548 0.242974
v -0.763354 1.063452 0.255763
v -0.750565 -0.036548 0.233703
v -0.763354 1.063452 0.220914
v -0.741295 -0.036548 0.242974
v -0.728506 1.063452 0.255763
v -0.741295 -0.036548 0.233703
v -0.728506 1.063452 0.220914
v -0.763354 0.879445 0.255763
v -0.763354 0.879445 0.220914
v -0.728506 0.879445 0.220914
v -0.728506 0.879445 0.255763
v -0.754245 0.863495 0.230023
v -0.737615 0.863495 0.230023
v -0.737615 0.863495 0.246653
v -0.754245 0.863495 0.246653
v -0.757413 1.069793 0.249822
v -0.757413 1.069793 0.226855
v -0.734447 1.069793 0.226855
v -0.734447 1.069793 0.249822
v -0.753785 0.750989 0.230483
v -0.753325 0.638484 0.230943
v -0.752865 0.525979 0.231403
v -0.752405 0.413474 0.231863
v -0.751945 0.300968 0.232323
v -0.751485 0.188463 0.232783
v -0.751025 0.075958 0.233243
v -0.738075 0.750989 0.230483
v -0.738535 0.638484 0.230943
v -0.738995 0.525979 0.231403
v -0.739455 0.413474 0.231863
v -0.739915 0.300968 0.232323
v -0.740375 0.188463 0.232783
v -0.740835 0.075958 0.233243
v -0.738075 0.750989 0.246193
v -0.738535 0.638484 0.245733
v -0.738995 0.525979 0.245274
v -0.739455 0.413474 0.244814
v -0.739915 0.300968 0.244354
v -0.740375 0.188463 0.243894
v -0.740835 0.075958 0.243434
v -0.751025 0.075958 0.243434
v -0.751485 0.188463 0.243894
v -0.751945 0.300968 0.244354
v -0.752405 0.413474 0.244814
v -0.752865 0.525979 0.245274
v -0.753325 0.638484 0.245733
v -0.753785 0.750990 0.246193
v -0.815706 0.674908 0.245733
v -0.816166 0.787414 0.246193
v -0.738535 0.689386 0.284988
v -0.738995 0.576881 0.284528
v -0.752405 0.437643 0.200069
v -0.751945 0.325138 0.200529
v -0.706256 0.555774 0.231403
v -0.706716 0.443269 0.231863
v -0.530746 -0.036548 0.242974
v -0.543535 1.063452 0.255763
v -0.530746 -0.036548 0.233703
v -0.543535 1.063452 0.220914
v -0.521475 -0.036548 0.242974
v -0.508686 1.063452 0.255763
v -0.521475 -0.036548 0.233703
v -0.508686 1.063452 0.220914
v -0.543535 0.879445 0.255763
v -0.543535 0.879445 0.220914
v -0.508686 0.879445 0.220914
v -0.508686 0.879445 0.255763
v -0.534426 0.863495 0.230023
v -0.517796 0.863495 0.230023
v -0.517796 0.863495 0.246653
v -0.534426 0.863495 0.246653
v -0.537594 1.069793 0.249822
v -0.537594 1.069793 0.226855
v -0.514628 1.069793 0.226855
v -0.514628 1.069793 0.249822
v -0.533966 0.750989 0.230483
v -0.533506 0.638484 0.230943
v -0.533046 0.525979 0.231403
v -0.532586 0.413474 0.231863
v -0.532126 0.300968 0.232323
v -0.531666 0.188463 0.232783
v -0.531206 0.075958 0.233243
v -0.518256 0.750989 0.230483
v -0.518716 0.638484 0.230943
v -0.519176 0.525979 0.231403
v -0.519635 0.413474 0.231863
v -0.520095 0.300968 0.232323
v -0.520555 0.188463 0.232783
v -0.521015 0.075958 0.233243
v -0.518256 0.750989 0.246193
v -0.518716 0.638484 0.245733
v -0.519176 0.525979 0.245274
v -0.519635 0.413474 0.244814
v -0.520095 0.300968 0.244354
v -0.520555 0.188463 0.243894
v -0.521015 0.075958 0.243434
v -0.531206 0.075958 0.243434
v -0.531666 0.188463 0.243894
v -0.532126 0.300968 0.244354
v -0.532586 0.413474 0.244814
v -0.533046 0.525979 0.245274
v -0.533506 0.638484 0.245733
v -0.533966 0.750990 0.246193
v -0.595886 0.674908 0.245733
v -0.596346 0.787414 0.246193
v -0.518716 0.689386 0.284988
v -0.519176 0.576881 0.284528
v -0.532586 0.437643 0.200069
v -0.532126 0.325138 0.200529
v -0.486436 0.555774 0.231403
v -0.486896 0.443269 0.231863
v -0.310927 -0.036548 0.242974
v -0.323716 1.063452 0.255763
v -0.310927 -0.036548 0.233703
v -0.323716 1.063452 0.220914
v -0.301656 -0.036548 0.242974
v -0.288867 1.063452 0.255763
v -0.301656 -0.036548 0.233703
v -0.288867 1.063452 0.220914
v -0.323716 0.879445 0.255763
v -0.323716 0.879445 0.220914
v -0.288867 0.879445 0.220914
v -0.288867 0.879445 0.255763
v -0.314606 0.863495 0.230023
v -0.297976 0.863495 0.230023
v -0.297976 0.863495 0.246653
v -0.314606 0.863495 0.246653
v -0.317774 1.069793 0.249822
v -0.317774 1.069793 0.226855
v -0.294808 1.069793 0.226855
v -0.294808 1.069793 0.249822
v -0.314146 0.750989 0.230483
v -0.313686 0.638484 0.230943
v -0.313226 0.525979 0.231403
v -0.312766 0.413474 0.231863
v -0.312307 0.300968 0.232323
v -0.311847 0.188463 0.232783
v -0.311387 0.075958 0.233243
v -0.298436 0.750989 0.230483
v -0.298896 0.638484 0.230943
v -0.299356 0.525979 0.231403
v -0.299816 0.413474 0.231863
v -0.300276 0.300968 0.232323
v -0.300736 0.188463 0.232783
v -0.301196 0.075958 0.233243
v -0.298436 0.750989 0.246193
v -0.298896 0.638484 0.245733
v -0.299356 0.525979 0.245274
v -0.299816 0.413474 0.244814
v -0.300276 0.300968 0.244354
v -0.300736 0.188463 0.243894
v -0.301196 0.075958 0.243434
v -0.311387 0.075958 0.243434
v -0.311847 0.188463 0.243894
v -0.312307 0.300968 0.244354
v -0.312766 0.413474 0.244814
v -0.313226 0.525979 0.245274
v -0.313686 0.638484 0.245733
v -0.314146 0.750990 0.246193
v -0.376067 0.674908 0.245733
v -0.376527 0.787414 0.246193
v -0.298896 0.689386 0.284988
v -0.299356 0.576881 0.284528
v -0.312766 0.437643 0.200069
v -0.312307 0.325138 0.200529
v -0.266617 0.555774 0.231403
v -0.267077 0.443269 0.231863
v -0.091107 -0.036548 0.242974
v -0.103896 1.063452 0.255763
v -0.091107 -0.036548 0.233703
v -0.103896 1.063452 0.220914
v -0.081837 -0.036548 0.242974
v -0.069048 1.063452 0.255763
v -0.081837 -0.036548 0.233703
v -0.069048 1.063452 0.220914
v -0.103896 0.879445 0.255763
v -0.103896 0.879445 0.220914
v -0.069048 0.879445 0.220914
v -0.069048 0.879445 0.255763
v -0.094787 0.863495 0.230023
v -0.078157 0.863495 0.230023
v -0.078157 0.863495 0.246653
v -0.094787 0.863495 0.246653
v -0.097955 1.069793 0.249822
v -0.097955 1.069793 0.226855
v -0.074989 1.069793 0.226855
v -0.074989 1.069793 0.249822
v -0.094327 0.750989 0.230483
v -0.093867 0.638484 0.230943
v -0.093407 0.525979 0.231403
v -0.092947 0.413474 0.231863
v -0.092487 0.300968 0.232323
v -0.092027 0.188463 0.232783
v -0.091567 0.075958 0.233243
v -0.078617 0.750989 0.230483
v -0.079077 0.638484 0.230943
v -0.079537 0.525979 0.231403
v -0.079997 0.413474 0.231863
v -0.080457 0.300968 0.232323
v -0.080917 0.188463 0.232783
v -0.081377 0.075958 0.233243
v -0.078617 0.750989 0.246193
v -0.079077 0.638484 0.245733
v -0.079537 0.525979 0.245274
v -0.079997 0.413474 0.244814
v -0.080457 0.300968 0.244354
v -0.080917 0.188463 0.243894
v -0.081377 0.075958 0.243434
v -0.091567 0.075958 0.243434
v -0.092027 0.188463 0.243894
v -0.092487 0.300968 0.244354
v -0.092947 0.413474 0.244814
v -0.093407 0.525979 0.245274
v -0.093867 0.638484 0.245733
v -0.094327 0.750990 0.246193
v -0.156247 0.674908 0.245733
v -0.156707 0.787414 0.246193
v -0.079077 0.689386 0.284988
v -0.079537 0.576881 0.284528
v -0.092947 0.437643 0.200069
v -0.092487 0.325138 0.200529
v -0.046798 0.555774 0.231403
v -0.047258 0.443269 0.231863
v 0.128712 -0.036548 0.242974
v 0.115923 1.063452 0.255763
v 0.128712 -0.036548 0.233703
v 0.115923 1.063452 0.220914
v 0.137983 -0.036548 0.242974
v 0.150772 1.063452 0.255763
v 0.137983 -0.036548 0.233703
v 0.150772 1.063452 0.220914
v 0.115923 0.879445 0.255763
v 0.115923 0.879445 0.220914
v 0.150772 0.879445 0.220914
v 0.150772 0.879445 0.255763
v 0.125033 0.863495 0.230023
v 0.141663 0.863495 0.230023
v 0.141663 0.863495 0.246653
v 0.125033 0.863495 0.246653
v 0.121864 1.069793 0.249822
v 0.121864 1.069793 0.226855
v 0.144831 1.069793 0.226855
v 0.144831 1.069793 0.249822
v 0.125493 0.750989 0.230483
v 0.125952 0.638484 0.230943
v 0.126412 0.525979 0.231403
v 0.126872 0.413474 0.231863
v 0.127332 0.300968 0.232323
v 0.127792 0.188463 0.232783
v 0.128252 0.075958 0.233243
v 0.141203 0.750989 0.230483
v 0.140743 0.638484 0.230943
v 0.140283 0.525979 0.231403
v 0.139823 0.413474 0.231863
v 0.139363 0.300968 0.232323
v 0.138903 0.188463 0.232783
v 0.138443 0.075958 0.233243
v 0.141203 0.750989 0.246193
v 0.140743 0.638484 0.245733
v 0.140283 0.525979 0.245274
v 0.139823 0.413474 0.244814
v 0.139363 0.300968 0.244354
v 0.138903 0.188463 0.243894
v 0.138443 0.075958 0.243434
v 0.128252 0.075958 0.243434
v 0.127792 0.188463 0.243894
v 0.127332 0.300968 0.244354
v 0.126872 0.413474 0.244814
v 0.126412 0.525979 0.245274
v 0.125952 0.638484 0.245733
v 0.125493 0.750990 0.246193
v 0.063572 0.674908 0.245733
v 0.063112 0.787414 0.246193
v 0.140743 0.689386 0.284988
v 0.140283 0.576881 0.284528
v 0.126872 0.437643 0.200069
v 0.127332 0.325138 0.200529
v 0.173022 0.555774 0.231403
v 0.172562 0.443269 0.231863
v 0.348531 -0.036548 0.242974
v 0.335743 1.063452 0.255763
v 0.348531 -0.036548 0.233703
v 0.335743 1.063452 0.220914
v 0.357802 -0.036548 0.242974
v 0.370591 1.063452 0.255763
v 0.357802 -0.036548 0.233703
v 0.370591 1.063452 0.220914
v 0.335743 0.879445 0.255763
v 0.335743 0.879445 0.220914
v 0.370591 0.879445 0.220914
v 0.370591 0.879445 0.255763
v 0.344852 0.863495 0.230023
v 0.361482 0.863495 0.230023
v 0.361482 0.863495 0.246653
v 0.344852 0.863495 0.246653
v 0.341684 1.069793 0.249822
v 0.341684 1.069793 0.226855
v 0.364650 1.069793 0.226855
v 0.364650 1.069793 0.249822
v 0.345312 0.750989 0.230483
v 0.345772 0.638484 0.230943
v 0.346232 0.525979 0.231403
v 0.346692 0.413474 0.231863
v 0.347152 0.300968 0.232323
v 0.347612 0.188463 0.232783
v 0.348072 0.075958 0.233243
v 0.361022 0.750989 0.230483
v 0.360562 0.638484 0.230943
v 0.360102 0.525979 0.231403
v 0.359642 0.413474 0.231863
v 0.359182 0.300968 0.232323
v 0.358722 0.188463 0.232783
v 0.358262 0.075958 0.233243
v 0.361022 0.750989 0.246193
v 0.360562 0.638484 0.245733
v 0.360102 0.525979 0.245274
v 0.359642 0.413474 0.244814
v 0.359182 0.300968 0.244354
v 0.358722 0.188463 0.243894
v 0.358262 0.075958 0.243434
v 0.348072 0.075958 0.243434
v 0.347612 0.188463 0.243894
v 0.347152 0.300968 0.244354
v 0.346692 0.413474 0.244814
v 0.346232 0.525979 0.245274
v 0.345772 0.638484 0.245733
v 0.345312 0.750990 0.246193
v 0.283391 0.674908 0.245733
v 0.282932 0.787414 0.246193
v 0.360562 0.689386 0.284988
v 0.360102 0.576881 0.284528
v 0.346692 0.437643 0.200069
v 0.347152 0.325138 0.200529
v 0.392841 0.555774 0.231403
v 0.392381 0.443269 0.231863
v 0.568351 -0.036548 0.242974
v 0.555562 1.063452 0.255763
v 0.568351 -0.036548 0.233703
v 0.555562 1.063452 0.220914
v 0.577622 -0.036548 0.242974
v 0.590410 1.063452 0.255763
v 0.577622 -0.036548 0.233703
v 0.590410 1.063452 0.220914
v 0.555562 0.879445 0.255763
v 0.555562 0.879445 0.220914
v 0.590410 0.879445 0.220914
v 0.590410 0.879445 0.255763
v 0.564671 0.863495 0.230023
v 0.581301 0.863495 0.230023
v 0.581301 0.863495 0.246653
v 0.564671 0.863495 0.246653
v 0.561503 1.069793 0.249822
v 0.561503 1.069793 0.226855
v 0.584469 1.069793 0.226855
v 0.584469 1.069793 0.249822
v 0.565131 0.750989 0.230483
v 0.565591 0.638484 0.230943
v 0.566051 0.525979 0.231403
v 0.566511 0.413474 0.231863
v 0.566971 0.300968 0.232323
v 0.567431 0.188463 0.232783
v 0.567891 0.075958 0.233243
v 0.580841 0.750989 0.230483
v 0.580381 0.638484 0.230943
v 0.579921 0.525979 0.231403
v 0.579461 0.413474 0.231863
v 0.579001 0.300968 0.232323
v 0.578542 0.188463 0.232783
v 0.578082 0.075958 0.233243
v 0.580841 0.750989 0.246193
v 0.580381 0.638484 0.245733
v 0.579921 0.525979 0.245274
v 0.579461 0.413474 0.244814
v 0.579001 0.300968 0.244354
v 0.578542 0.188463 0.243894
v 0.578082 0.075958 0.243434
v 0.567891 0.075958 0.243434
v 0.567431 0.188463 0.243894
v 0.566971 0.300968 0.244354
v 0.566511 0.413474 0.244814
v 0.566051 0.525979 0.245274
v 0.565591 0.638484 0.245733
v 0.565131 0.750990 0.246193
v 0.503211 0.674908 0.245733
v 0.502751 0.787414 0.246193
v 0.580381 0.689386 0.284988
v 0.579921 0.576881 0.284528
v 0.566511 0.437643 0.200069
v 0.566971 0.325138 0.200529
v 0.612661 0.555774 0.231403
v 0.612201 0.443269 0.231863
v 0.788170 -0.036548 0.242974
v 0.775381 1.063452 0.255763
v 0.788170 -0.036548 0.233703
v 0.775381 1.063452 0.220914
v 0.797441 -0.036548 0.242974
v 0.810230 1.063452 0.255763
v 0.797441 -0.036548 0.233703
v 0.810230 1.063452 0.220914
v 0.775381 0.879445 0.255763
v 0.775381 0.879445 0.220914
v 0.810230 0.879445 0.220914
v 0.810230 0.879445 0.255763
v 0.784491 0.863495 0.230023
v 0.801121 0.863495 0.230023
v 0.801121 0.863495 0.246653
v 0.784491 0.863495 0.246653
v 0.781322 1.069793 0.249822
v 0.781322 1.069793 0.226855
v 0.804289 1.069793 0.226855
v 0.804289 1.069793 0.249822
v 0.784951 0.750989 0.230483
v 0.785411 0.638484 0.230943
v 0.785871 0.525979 0.231403
v 0.786330 0.413474 0.231863
v 0.786790 0.300968 0.232323
v 0.787250 0.188463 0.232783
v 0.787710 0.075958 0.233243
v 0.800661 0.750989 0.230483
v 0.800201 0.638484 0.230943
v 0.799741 0.525979 0.231403
v 0.799281 0.413474 0.231863
v 0.798821 0.300968 0.232323
v 0.798361 0.188463 0.232783
v 0.797901 0.075958 0.233243
v 0.800661 0.750989 0.246193
v 0.800201 0.638484 0.245733
v 0.799741 0.525979 0.245274
v 0.799281 0.413474 0.244814
v 0.798821 0.300968 0.244354
v 0.798361 0.188463 0.243894
v 0.797901 0.075958 0.243434
v 0.787710 0.075958 0.243434
v 0.787250 0.188463 0.243894
v 0.786790 0.300968 0.244354
v 0.786330 0.413474 0.244814
v 0.785871 0.525979 0.245274
v 0.785411 0.638484 0.245733
v 0.784951 0.750990 0.246193
v 0.723030 0.674908 0.245733
v 0.722570 0.787414 0.246193
v 0.800201 0.689386 0.284988
v 0.799741 0.576881 0.284528
v 0.786330 0.437643 0.200069
v 0.786790 0.325138 0.200529
v 0.832480 0.555774 0.231403
v 0.832020 0.443269 0.231863
v -0.750565 -0.036548 0.073134
v -0.763354 1.063452 0.085923
v -0.750565 -0.036548 0.063864
v -0.763354 1.063452 0.051075
v -0.741295 -0.036548 0.073134
v -0.728506 1.063452 0.085923
v -0.741295 -0.036548 0.063864
v -0.728506 1.063452 0.051075
v -0.763354 0.879445 0.085923
v -0.763354 0.879445 0.051075
v -0.728506 0.879445 0.051075
v -0.728506 0.879445 0.085923
v -0.754245 0.863495 0.060184
v -0.737615 0.863495 0.060184
v -0.737615 0.863495 0.076814
v -0.754245 0.863495 0.076814
v -0.757413 1.069793 0.079982
v -0.757413 1.069793 0.057016
v -0.734447 1.069793 0.057016
v -0.734447 1.069793 0.079982
v -0.753785 0.750989 0.060644
v -0.753325 0.638484 0.061104
v -0.752865 0.525979 0.061564
v -0.752405 0.413474 0.062024
v -0.751945 0.300968 0.062484
v -0.751485 0.188463 0.062944
v -0.751025 0.075958 0.063404
v -0.738075 0.750989 0.060644
v -0.738535 0.638484 0.061104
v -0.738995 0.525979 0.061564
v -0.739455 0.413474 0.062024
v -0.739915 0.300968 0.062484
v -0.740375 0.188463 0.062944
v -0.740835 0.075958 0.063404
v -0.738075 0.750989 0.076354
v -0.738535 0.638484 0.075894
v -0.738995 0.525979 0.075434
v -0.739455 0.413474 0.074974
v -0.739915 0.300968 0.074514
v -0.740375 0.188463 0.074054
v -0.740835 0.075958 0.073594
v -0.751025 0.075958 0.073594
v -0.751485 0.188463 0.074054
v -0.751945 0.300968 0.074514
v -0.752405 0.413474 0.074974
v -0.752865 0.525979 0.075434
v -0.753325 0.638484 0.075894
v -0.753785 0.750990 0.076354
v -0.815706 0.674908 0.075894
v -0.816166 0.787414 0.076354
v -0.738535 0.689386 0.115149
v -0.738995 0.576881 0.114689
v -0.752405 0.437643 0.030229
v -0.751945 0.325138 0.030689
v -0.706256 0.555774 0.061564
v -0.706716 0.443269 0.062024
v -0.530746 -0.036548 0.073134
v -0.543535 1.063452 0.085923
v -0.530746 -0.036548 0.063864
v -0.543535 1.063452 0.051075
v -0.521475 -0.036548 0.073134
v -0.508686 1.063452 0.085923
v -0.521475 -0.036548 0.063864
v -0.508686 1.063452 0.051075
v -0.543535 0.879445 0.085923
v -0.543535 0.879445 0.051075
v -0.508686 0.879445 0.051075
v -0.508686 0.879445 0.085923
v -0.534426 0.863495 0.060184
v -0.517796 0.863495 0.060184
v -0.517796 0.863495 0.076814
v -0.534426 0.863495 0.076814
v -0.537594 1.069793 0.079982
v -0.537594 1.069793 0.057016
v -0.514628 1.069793 0.057016
v -0.514628 1.069793 0.079982
v -0.533966 0.750989 0.060644
v -0.533506 0.638484 0.061104
v -0.533046 0.525979 0.061564
v -0.532586 0.413474 0.062024
v -0.532126 0.300968 0.062484
v -0.531666 0.188463 0.062944
v -0.531206 0.075958 0.063404
v -0.518256 0.750989 0.060644
v -0.518716 0.638484 0.061104
v -0.519176 0.525979 0.061564
v -0.519635 0.413474 0.062024
v -0.520095 0.300968 0.062484
v -0.520555 0.188463 0.062944
v -0.521015 0.075958 0.063404
v -0.518256 0.750989 0.076354
v -0.518716 0.638484 0.075894
v -0.519176 0.525979 0.075434
v -0.519635 0.413474 0.074974
v -0.520095 0.300968 0.074514
v -0.520555 0.188463 0.074054
v -0.521015 0.075958 0.073594
v -0.531206 0.075958 0.073594
v -0.531666 0.188463 0.074054
v -0.532126 0.300968 0.074514
v -0.532586 0.413474 0.074974
v -0.533046 0.525979 0.075434
v -0.533506 0.638484 0.075894
v -0.533966 0.750990 0.076354
v -0.595886 0.674908 0.075894
v -0.596346 0.787414 0.076354
v -0.518716 0.689386 0.115149
v -0.519176 0.576881 0.114689
v -0.532586 0.437643 0.030229
v -0.532126 0.325138 0.030689
v -0.486436 0.555774 0.061564
v -0.486896 0.443269 0.062024
v -0.310927 -0.036548 0.073134
v -0.323716 1.063452 0.085923
v -0.310927 -0.036548 0.063864
v -0.323716 1.063452 0.051075
v -0.301656 -0.036548 0.073134
v -0.288867 1.063452 0.085923
v -0.301656 -0.036548 0.063864
v -0.288867 1.063452 0.051075
v -0.323716 0.879445 0.085923
v -0.323716 0.879445 0.051075
v -0.288867 0.879445 0.051075
v -0.288867 0.879445 0.085923
v -0.314606 0.863495 0.060184
v -0.297976 0.863495 0.060184
v -0.297976 0.863495 0.076814
v -0.314606 0.863495 0.076814
v -0.317774 1.069793 0.079982
v -0.317774 1.069793 0.057016
v -0.294808 1.069793 0.057016
v -0.294808 1.069793 0.079982
v -0.314146 0.750989 0.060644
v -0.313686 0.638484 0.061104
v -0.313226 0.525979 0.061564
v -0.312766 0.413474 0.062024
v -0.312307 0.300968 0.062484
v -0.311847 0.188463 0.062944
v -0.311387 0.075958 0.063404
v -0.298436 0.750989 0.060644
v -0.298896 0.638484 0.061104
v -0.299356 0.525979 0.061564
v -0.299816 0.413474 0.062024
v -0.300276 0.300968 0.062484
v -0.300736 0.188463 0.062944
v -0.301196 0.075958 0.063404
v -0.298436 0.750989 0.076354
v -0.298896 0.638484 0.075894
v -0.299356 0.525979 0.075434
v -0.299816 0.413474 0.074974
v -0.300276 0.300968 0.074514
v -0.300736 0.188463 0.074054
v -0.301196 0.075958 0.073594
v -0.311387 0.075958 0.073594
v -0.311847 0.188463 0.074054
v -0.312307 0.300968 0.074514
v -0.312766 0.413474 0.074974
v -0.313226 0.525979 0.075434
v -0.313686 0.638484 0.075894
v -0.314146 0.750990 0.076354
v -0.376067 0.674908 0.075894
v -0.376527 0.787414 0.076354
v -0.298896 0.689386 0.115149
v -0.299356 0.576881 0.114689
v -0.312766 0.437643 0.030229
v -0.312307 0.325138 0.030689
v -0.266617 0.555774 0.061564
v -0.267077 0.443269 0.062024
v -0.091107 -0.036548 0.073134
v -0.103896 1.063452 0.085923
v -0.091107 -0.036548 0.063864
v -0.103896 1.063452 0.051075
v -0.081837 -0.036548 0.073134
v -0.069048 1.063452 0.085923
v -0.081837 -0.036548 0.063864
v -0.069048 1.063452 0.051075
v -0.103896 0.879445 0.085923
v -0.103896 0.879445 0.051075
v -0.069048 0.879445 0.051075
v -0.069048 0.879445 0.085923
v -0.094787 0.863495 0.060184
v -0.078157 0.863495 0.060184
v -0.078157 0.863495 0.076814
v -0.094787 0.863495 0.076814
v -0.097955 1.069793 0.079982
v -0.097955 1.069793 0.057016
v -0.074989 1.069793 0.057016
v -0.074989 1.069793 0.079982
v -0.094327 0.750989 0.060644
v -0.093867 0.638484 0.061104
v -0.093407 0.525979 0.061564
v -0.092947 0.413474 0.062024
v -0.092487 0.300968 0.062484
v -0.092027 0.188463 0.062944
v -0.091567 0.075958 0.063404
v -0.078617 0.750989 0.060644
v -0.079077 0.638484 0.061104
v -0.079537 0.525979 0.061564
v -0.079997 0.413474 0.062024
v -0.080457 0.300968 0.062484
v -0.080917 0.188463 0.062944
v -0.081377 0.075958 0.063404
v -0.078617 0.750989 0.076354
v -0.079077 0.638484 0.075894
v -0.079537 0.525979 0.075434
v -0.079997 0.413474 0.074974
v -0.080457 0.300968 0.074514
v -0.080917 0.188463 0.074054
v -0.081377 0.075958 0.073594
v -0.091567 0.075958 0.073594
v -0.092027 0.188463 0.074054
v -0.092487 0.300968 0.074514
v -0.092947 0.413474 0.074974
v -0.093407 0.525979 0.075434
v -0.093867 0.638484 0.075894
v -0.094327 0.750990 0.076354
v -0.156247 0.674908 0.075894
v -0.156707 0.787414 0.076354
v -0.079077 0.689386 0.115149
v -0.079537 0.576881 0.114689
v -0.092947 0.437643 0.030229
v -0.092487 0.325138 0.030689
v -0.046798 0.555774 0.061564
v -0.047258 0.443269 0.062024
v 0.128712 -0.036548 0.073134
v 0.115923 1.063452 0.085923
v 0.128712 -0.036548 0.063864
v 0.115923 1.063452 0.051075
v 0.137983 -0.036548 0.073134
v 0.150772 1.063452 0.085923
v 0.137983 -0.036548 0.063864
v 0.150772 1.063452 0.051075
v 0.115923 0.879445 0.085923
v 0.115923 0.879445 0.051075
v 0.150772 0.879445 0.051075
v 0.150772 0.879445 0.085923
v 0.125033 0.863495 0.060184
v 0.141663 0.863495 0.060184
v 0.141663 0.863495 0.076814
v 0.125033 0.863495 0.076814
v 0.121864 1.069793 0.079982
v 0.121864 1.069793 0.057016
v 0.144831 1.069793 0.057016
v 0.144831 1.069793 0.079982
v 0.125493 0.750989 0.060644
v 0.125952 0.638484 0.061104
v 0.126412 0.525979 0.061564
v 0.126872 0.413474 0.062024
v 0.127332 0.300968 0.062484
v 0.127792 0.188463 0.062944
v 0.128252 0.075958 0.063404
v 0.141203 0.750989 0.060644
v 0.140743 0.638484 0.061104
v 0.140283 0.525979 0.061564
v 0.139823 0.413474 0.062024
v 0.139363 0.300968 0.062484
v 0.138903 0.188463 0.062944
v 0.138443 0.075958 0.063404
v 0.141203 0.750989 0.076354
v 0.140743 0.638484 0.075894
v 0.140283 0.525979 0.075434
v 0.139823 0.413474 0.074974
v 0.139363 0.300968 0.074514
v 0.138903 0.188463 0.074054
v 0.138443 0.075958 0.073594
v 0.128252 0.075958 0.073594
v 0.127792 0.188463 0.074054
v 0.127332 0.300968 0.074514
v 0.126872 0.413474 0.074974
v 0.126412 0.525979 0.075434
v 0.125952 0.638484 0.075894
v 0.125493 0.750990 0.076354
v 0.063572 0.674908 0.075894
v 0.063112 0.787414 0.076354
v 0.140743 0.689386 0.115149
v 0.140283 0.576881 0.114689
v 0.126872 0.437643 0.030229
v 0.127332 0.325138 0.030689
v 0.173022 0.555774 0.061564
v 0.172562 0.443269 0.062024
v 0.348531 -0.036548 0.073134
v 0.335743 1.063452 0.085923
v 0.348531 -0.036548 0.063864
v 0.335743 1.063452 0.051075
v 0.357802 -0.036548 0.073134
v 0.370591 1.063452 0.085923
v 0.357802 -0.036548 0.063864
v 0.370591 1.063452 0.051075
v 0.335743 0.879445 0.085923
v 0.335743 0.879445 0.051075
v 0.370591 0.879445 0.051075
v 0.370591 0.879445 0.085923
v 0.344852 0.863495 0.060184
v 0.361482 0.863495 0.060184
v 0.361482 0.863495 0.076814
v 0.344852 0.863495 0.076814
v 0.341684 1.069793 0.079982
v 0.341684 1.069793 0.057016
v 0.364650 1.069793 0.057016
v 0.364650 1.069793 0.079982
v 0.345312 0.750989 0.060644
v 0.345772 0.638484 0.061104
v 0.346232 0.525979 0.061564
v 0.346692 0.413474 0.062024
v 0.347152 0.300968 0.062484
v 0.347612 0.188463 0.062944
v 0.348072 0.075958 0.063404
v 0.361022 0.750989 0.060644
v 0.360562 0.638484 0.061104
v 0.360102 0.525979 0.061564
v 0.359642 0.413474 0.062024
v 0.359182 0.300968 0.062484
v 0.358722 0.188463 0.062944
v 0.358262 0.075958 0.063404
v 0.361022 0.750989 0.076354
v 0.360562 0.638484 0.075894
v 0.360102 0.525979 0.075434
v 0.359642 0.413474 0.074974
v 0.359182 0.300968 0.074514
v 0.358722 0.188463 0.074054
v 0.358262 0.075958 0.073594
v 0.348072 0.075958 0.073594
v 0.347612 0.188463 0.074054
v 0.347152 0.300968 0.074514
v 0.346692 0.413474 0.074974
v 0.346232 0.525979 0.075434
v 0.345772 0.638484 0.075894
v 0.345312 0.750990 0.076354
v 0.283391 0.674908 0.075894
v 0.282932 0.787414 0.076354
v 0.360562 0.689386 0.115149
v 0.360102 0.576881 0.114689
v 0.346692 0.437643 0.030229
v 0.347152 0.325138 0.030689
v 0.392841 0.555774 0.061564
v 0.392381 0.443269 0.062024
v 0.568351 -0.036548 0.073134
v 0.555562 1.063452 0.085923
v 0.568351 -0.036548 0.063864
v 0.555562 1.063452 0.051075
v 0.577622 -0.036548 0.073134
v 0.590410 1.063452 0.085923
v 0.577622 -0.036548 0.063864
v 0.590410 1.063452 0.051075
v 0.555562 0.879445 0.085923
v 0.555562 0.879445 0.051075
v 0.590410 0.879445 0.051075
v 0.590410 0.879445 0.085923
v 0.564671 0.863495 0.060184
v 0.581301 0.863495 0.060184
v 0.581301 0.863495 0.076814
v 0.564671 0.863495 0.076814
v 0.561503 1.069793 0.079982
v 0.561503 1.069793 0.057016
v 0.584469 1.069793 0.057016
v 0.584469 1.069793 0.079982
v 0.565131 0.750989 0.060644
v 0.565591 0.638484 0.061104
v 0.566051 0.525979 0.061564
v 0.566511 0.413474 0.062024
v 0.566971 0.300968 0.062484
v 0.567431 0.188463 0.062944
v 0.567891 0.075958 0.063404
v 0.580841 0.750989 0.060644
v 0.580381 0.638484 0.061104
v 0.579921 0.525979 0.061564
v 0.579461 0.413474 0.062024
v 0.579001 0.300968 0.062484
v 0.578542 0.188463 0.062944
v 0.578082 0.075958 0.063404
v 0.580841 0.750989 0.076354
v 0.580381 0.638484 0.075894
v 0.579921 0.525979 0.075434
v 0.579461 0.413474 0.074974
v 0.579001 0.300968 0.074514
v 0.578542 0.188463 0.074054
v 0.578082 0.075958 0.073594
v 0.567891 0.075958 0.073594
v 0.567431 0.188463 0.074054
v 0.566971 0.300968 0.074514
v 0.566511 0.413474 0.074974
v 0.566051 0.525979 0.075434
v 0.565591 0.638484 0.075894
v 0.565131 0.750990 0.076354
v 0.503211 0.674908 0.075894
v 0.502751 0.787414 0.076354
v 0.580381 0.689386 0.115149
v 0.579921 0.576881 0.114689
v 0.566511 0.437643 0.030229
v 0.566971 0.325138 0.030689
v 0.612661 0.555774 0.061564
v 0.612201 0.443269 0.062024
v 0.788170 -0.036548 0.073134
v 0.775381 1.063452 0.085923
v 0.788170 -0.036548 0.063864
v 0.775381 1.063452 0.051075
v 0.797441 -0.036548 0.073134
v 0.810230 1.063452 0.085923
v 0.797441 -0.036548 0.063864
v 0.810230 1.063452 0.051075
v 0.775381 0.879445 0.085923
v 0.775381 0.879445 0.051075
v 0.810230 0.879445 0.051075
v 0.810230 0.879445 0.085923
v 0.784491 0.863495 0.060184
v 0.801121 0.863495 0.060184
v 0.801121 0.863495 0.076814
v 0.784491 0.863495 0.076814
v 0.781322 1.069793 0.079982
v 0.781322 1.069793 0.057016
v 0.804289 1.069793 0.057016
v 0.804289 1.069793 0.079982
v 0.784951 0.750989 0.060644
v 0.785411 0.638484 0.061104
v 0.785871 0.525979 0.061564
v 0.786330 0.413474 0.062024
v 0.786790 0.300968 0.062484
v 0.787250 0.188463 0.062944
v 0.787710 0.075958 0.063404
v 0.800661 0.750989 0.060644
v 0.800201 0.638484 0.061104
v 0.799741 0.525979 0.061564
v 0.799281 0.413474 0.062024
v 0.798821 0.300968 0.062484
v 0.798361 0.188463 0.062944
v 0.797901 0.075958 0.063404
v 0.800661 0.750989 0.076354
v 0.800201 0.638484 0.075894
v 0.799741 0.525979 0.075434
v 0.799281 0.413474 0.074974
v 0.798821 0.300968 0.074514
v 0.798361 0.188463 0.074054
v 0.797901 0.075958 0.073594
v 0.787710 0.075958 0.073594
v 0.787250 0.188463 0.074054
v 0.786790 0.300968 0.074514
v 0.786330 0.413474 0.074974
v 0.785871 0.525979 0.075434
v 0.785411 0.638484 0.075894
v 0.784951 0.750990 0.076354
v 0.723030 0.674908 0.075894
v 0.722570 0.787414 0.076354
v 0.800201 0.689386 0.115149
v 0.799741 0.576881 0.114689
v 0.786330 0.437643 0.030229
v 0.786790 0.325138 0.030689
v 0.832480 0.555774 0.061564
v 0.832020 0.443269 0.062024
v -0.750565 -0.036548 -0.096705
v -0.763354 1.063452 -0.083916
v -0.750565 -0.036548 -0.105976
v -0.763354 1.063452 -0.118765
v -0.741295 -0.036548 -0.096705
v -0.728506 1.063452 -0.083916
v -0.741295 -0.036548 -0.105976
v -0.728506 1.063452 -0.118765
v -0.763354 0.879445 -0.083916
v -0.763354 0.879445 -0.118765
v -0.728506 0.879445 -0.118765
v -0.728506 0.879445 -0.083916
v -0.754245 0.863495 -0.109655
v -0.737615 0.863495 -0.109655
v -0.737615 0.863495 -0.093025
v -0.754245 0.863495 -0.093025
v -0.757413 1.069793 -0.089857
v -0.757413 1.069793 -0.112824
v -0.734447 1.069793 -0.112824
v -0.734447 1.069793 -0.089857
v -0.753785 0.750989 -0.109195
v -0.753325 0.638484 -0.108736
v -0.752865 0.525979 -0.108276
v -0.752405 0.413474 -0.107816
v -0.751945 0.300968 -0.107356
v -0.751485 0.188463 -0.106896
v -0.751025 0.075958 -0.106436
v -0.738075 0.750989 -0.109195
v -0.738535 0.638484 -0.108736
v -0.738995 0.525979 -0.108276
v -0.739455 0.413474 -0.107816
v -0.739915 0.300968 -0.107356
v -0.740375 0.188463 -0.106896
v -0.740835 0.075958 -0.106436
v -0.738075 0.750989 -0.093485
v -0.738535 0.638484 -0.093945
v -0.738995 0.525979 -0.094405
v -0.739455 0.413474 -0.094865
v -0.739915 0.300968 -0.095325
v -0.740375 0.188463 -0.095785
v -0.740835 0.075958 -0.096245
v -0.751025 0.075958 -0.096245
v -0.751485 0.188463 -0.095785
v -0.751945 0.300968 -0.095325
v -0.752405 0.413474 -0.094865
v -0.752865 0.525979 -0.094405
v -0.753325 0.638484 -0.093945
v -0.753785 0.750990 -0.093485
v -0.815706 0.674908 -0.093945
v -0.816166 0.787414 -0.093485
v -0.738535 0.689386 -0.054690
v -0.738995 0.576881 -0.055150
v -0.752405 0.437643 -0.139610
v -0.751945 0.325138 -0.139150
v -0.706256 0.555774 -0.108276
v -0.706716 0.443269 -0.107816
v -0.530746 -0.036548 -0.096705
v -0.543535 1.063452 -0.083916
v -0.530746 -0.036548 -0.105976
v -0.543535 1.063452 -0.118765
v -0.521475 -0.036548 -0.096705
v -0.508686 1.063452 -0.083916
v -0.521475 -0.036548 -0.105976
v -0.508686 1.063452 -0.118765
v -0.543535 0.879445 -0.083916
v -0.543535 0.879445 -0.118765
v -0.508686 0.879445 -0.118765
v -0.508686 0.879445 -0.083916
v -0.534426 0.863495 -0.109655
v -0.517796 0.863495 -0.109655
v -0.517796 0.863495 -0.093025
v -0.534426 0.863495 -0.093025
v -0.537594 1.069793 -0.089857
v -0.537594 1.069793 -0.112824
v -0.514628 1.069793 -0.112824
v -0.514628 1.069793 -0.089857
v -0.533966 0.750989 -0.109195
v -0.533506 0.638484 -0.108736
v -0.533046 0.525979 -0.108276
v -0.532586 0.413474 -0.107816
v -0.532126 0.300968 -0.107356
v -0.531666 0.188463 -0.106896
v -0.531206 0.075958 -0.106436
v -0.518256 0.750989 -0.109195
v -0.518716 0.638484 -0.108736
v -0.519176 0.525979 -0.108276
v -0.519635 0.413474 -0.107816
v -0.520095 0.300968 -0.107356
v -0.520555 0.188463 -0.106896
v -0.521015 0.075958 -0.106436
v -0.518256 0.750989 -0.093485
v -0.518716 0.638484 -0.093945
v -0.519176 0.525979 -0.094405
v -0.519635 0.413474 -0.094865
v -0.520095 0.300968 -0.095325
v -0.520555 0.188463 -0.095785
v -0.521015 0.075958 -0.096245
v -0.531206 0.075958 -0.096245
v -0.531666 0.188463 -0.095785
v -0.532126 0.300968 -0.095325
v -0.532586 0.413474 -0.094865
v -0.533046 0.525979 -0.094405
v -0.533506 0.638484 -0.093945
v -0.533966 0.750990 -0.093485
v -0.595886 0.674908 -0.093945
v -0.596346 0.787414 -0.093485
v -0.518716 0.689386 -0.054690
v -0.519176 0.576881 -0.055150
v -0.532586 0.437643 -0.139610
v -0.532126 0.325138 -0.139150
v -0.486436 0.555774 -0.108276
v -0.486896 0.443269 -0.107816
v -0.310927 -0.036548 -0.096705
v -0.323716 1.063452 -0.083916
v -0.310927 -0.036548 -0.105976
v -0.323716 1.063452 -0.118765
v -0.301656 -0.036548 -0.096705
v -0.288867 1.063452 -0.083916
v -0.301656 -0.036548 -0.105976
v -0.288867 1.063452 -0.118765
v -0.323716 0.879445 -0.083916
v -0.323716 0.879445 -0.118765
v -0.288867 0.879445 -0.118765
v -0.288867 0.879445 -0.083916
v -0.314606 0.863495 -0.109655
v -0.297976 0.863495 -0.109655
v -0.297976 0.863495 -0.093025
v -0.314606 0.863495 -0.093025
v -0.317774 1.069793 -0.089857
v -0.317774 1.069793 -0.112824
v -0.294808 1.069793 -0.112824
v -0.294808 1.069793 -0.089857
v -0.314146 0.750989 -0.109195
v -0.313686 0.638484 -0.108736
v -0.313226 0.525979 -0.108276
v -0.312766 0.413474 -0.107816
v -0.312307 0.300968 -0.107356
v -0.311847 0.188463 -0.106896
v -0.311387 0.075958 -0.106436
v -0.298436 0.750989 -0.109195
v -0.298896 0.638484 -0.108736
v -0.299356 0.525979 -0.108276
v -0.299816 0.413474 -0.107816
v -0.300276 0.300968 -0.107356
v -0.300736 0.188463 -0.106896
v -0.301196 0.075958 -0.106436
v -0.298436 0.750989 -0.093485
v -0.298896 0.638484 -0.093945
v -0.299356 0.525979 -0.094405
v -0.299816 0.413474 -0.094865
v -0.300276 0.300968 -0.095325
v -0.300736 0.188463 -0.095785
v -0.301196 0.075958 -0.096245
v -0.311387 0.075958 -0.096245
v -0.311847 0.188463 -0.095785
v -0.312307 0.300968 -0.095325
v -0.312766 0.413474 -0.094865
v -0.313226 0.525979 -0.094405
v -0.313686 0.638484 -0.093945
v -0.314146 0.750990 -0.093485
v -0.376067 0.674908 -0.093945
v -0.376527 0.787414 -0.093485
v -0.298896 0.689386 -0.054690
v -0.299356 0.576881 -0.055150
v -0.312766 0.437643 -0.139610
v -0.312307 0.325138 -0.139150
v -0.266617 0.555774 -0.108276
v -0.267077 0.443269 -0.107816
v -0.091107 -0.036548 -0.096705
v -0.103896 1.063452 -0.083916
v -0.091107 -0.036548 -0.105976
v -0.103896 1.063452 -0.118765
v -0.081837 -0.036548 -0.096705
v -0.069048 1.063452 -0.083916
v -0.081837 -0.036548 -0.105976
v -0.069048 1.063452 -0.118765
v -0.103896 0.879445 -0.083916
v -0.103896 0.879445 -0.118765
v -0.069048 0.879445 -0.118765
v -0.069048 0.879445 -0.083916
v -0.094787 0.863495 -0.109655
v -0.078157 0.863495 -0.109655
v -0.078157 0.863495 -0.093025
v -0.094787 0.863495 -0.093025
v -0.097955 1.069793 -0.089857
v -0.097955 1.069793 -0.112824
v -0.074989 1.069793 -0.112824
v -0.074989 1.069793 -0.089857
v -0.094327 0.750989 -0.109195
v -0.093867 0.638484 -0.108736
v -0.093407 0.525979 -0.108276
v -0.092947 0.413474 -0.107816
v -0.092487 0.300968 -0.107356
v -0.092027 0.188463 -0.106896
v -0.091567 0.075958 -0.106436
v -0.078617 0.750989 -0.109195
v -0.079077 0.638484 -0.108736
v -0.079537 0.525979 -0.108276
v -0.079997 0.413474 -0.107816
v -0.080457 0.300968 -0.107356
v -0.080917 0.188463 -0.106896
v -0.081377 0.075958 -0.106436
v -0.078617 0.750989 -0.093485
v -0.079077 0.638484 -0.093945
v -0.079537 0.525979 -0.094405
v -0.079997 0.413474 -0.094865
v -0.080457 0.300968 -0.095325
v -0.080917 0.188463 -0.095785
v -0.081377 0.075958 -0.096245
v -0.091567 0.075958 -0.096245
v -0.092027 0.188463 -0.095785
v -0.092487 0.300968 -0.095325
v -0.092947 0.413474 -0.094865
v -0.093407 0.525979 -0.094405
v -0.093867 0.638484 -0.093945
v -0.094327 0.750990 -0.093485
v -0.156247 0.674908 -0.093945
v -0.156707 0.787414 -0.093485
v -0.079077 0.689386 -0.054690
v -0.079537 0.576881 -0.055150
v -0.092947 0.437643 -0.139610
v -0.092487 0.325138 -0.139150
v -0.046798 0.555774 -0.108276
v -0.047258 0.443269 -0.107816
v 0.128712 -0.036548 -0.096705
v 0.115923 1.063452 -0.083916
v 0.128712 -0.036548 -0.105976
v 0.115923 1.063452 -0.118765
v 0.137983 -0.036548 -0.096705
v 0.150772 1.063452 -0.083916
v 0.137983 -0.036548 -0.105976
v 0.150772 1.063452 -0.118765
v 0.115923 0.879445 -0.083916
v 0.115923 0.879445 -0.118765
v 0.150772 0.879445 -0.118765
v 0.150772 0.879445 -0.083916
v 0.125033 0.863495 -0.109655
v 0.141663 0.863495 -0.109655
v 0.141663 0.863495 -0.093025
v 0.125033 0.863495 -0.093025
v 0.121864 1.069793 -0.089857
v 0.121864 1.069793 -0.112824
v 0.144831 1.069793 -0.112824
v 0.144831 1.069793 -0.089857
v 0.125493 0.750989 -0.109195
v 0.125952 0.638484 -0.108736
v 0.126412 0.525979 -0.108276
v 0.126872 0.413474 -0.107816
v 0.127332 0.300968 -0.107356
v 0.127792 0.188463 -0.106896
v 0.128252 0.075958 -0.106436
v 0.141203 0.750989 -0.109195
v 0.140743 0.638484 -0.108736
v 0.140283 0.525979 -0.108276
v 0.139823 0.413474 -0.107816
v 0.139363 0.300968 -0.107356
v 0.138903 0.188463 -0.106896
v 0.138443 0.075958 -0.106436
v 0.141203 0.750989 -0.093485
v 0.140743 0.638484 -0.093945
v 0.140283 0.525979 -0.094405
v 0.139823 0.413474 -0.094865
v 0.139363 0.300968 -0.095325
v 0.138903 0.188463 -0.095785
v 0.138443 0.075958 -0.096245
v 0.128252 0.075958 -0.096245
v 0.127792 0.188463 -0.095785
v 0.127332 0.300968 -0.095325
v 0.126872 0.413474 -0.094865
v 0.126412 0.525979 -0.094405
v 0.125952 0.638484 -0.093945
v 0.125493 0.750990 -0.093485
v 0.063572 0.674908 -0.093945
v 0.063112 0.787414 -0.093485
v 0.140743 0.689386 -0.054690
v 0.140283 0.576881 -0.055150
v 0.126872 0.437643 -0.139610
v 0.127332 0.325138 -0.139150
v 0.173022 0.555774 -0.108276
v 0.172562 0.443269 -0.107816
v 0.348531 -0.036548 -0.096705
v 0.335743 1.063452 -0.083916
v 0.348531 -0.036548 -0.105976
v 0.335743 1.063452 -0.118765
v 0.357802 -0.036548 -0.096705
v 0.370591 1.063452 -0.083916
v 0.357802 -0.036548 -0.105976
v 0.370591 1.063452 -0.118765
v 0.335743 0.879445 -0.083916
v 0.335743 0.879445 -0.118765
v 0.370591 0.879445 -0.118765
v 0.370591 0.879445 -0.083916
v 0.344852 0.863495 -0.109655
v 0.361482 0.863495 -0.109655
v 0.361482 0.863495 -0.093025
v 0.344852 0.863495 -0.093025
v 0.341684 1.069793 -0.089857
v 0.341684 1.069793 -0.112824
v 0.364650 1.069793 -0.112824
v 0.364650 1.069793 -0.089857
v 0.345312 0.750989 -0.109195
v 0.345772 0.638484 -0.108736
v 0.346232 0.525979 -0.108276
v 0.346692 0.413474 -0.107816
v 0.347152 0.300968 -0.107356
v 0.347612 0.188463 -0.106896
v 0.348072 0.075958 -0.106436
v 0.361022 0.750989 -0.109195
v 0.360562 0.638484 -0.108736
v 0.360102 0.525979 -0.108276
v 0.359642 0.413474 -0.107816
v 0.359182 0.300968 -0.107356
v 0.358722 0.188463 -0.106896
v 0.358262 0.075958 -0.106436
v 0.361022 0.750989 -0.093485
v 0.360562 0.638484 -0.093945
v 0.360102 0.525979 -0.094405
v 0.359642 0.413474 -0.094865
v 0.359182 0.300968 -0.095325
v 0.358722 0.188463 -0.095785
v 0.358262 0.075958 -0.096245
v 0.348072 0.075958 -0.096245
v 0.347612 0.188463 -0.095785
v 0.347152 0.300968 -0.095325
v 0.346692 0.413474 -0.094865
v 0.346232 0.525979 -0.094405
v 0.345772 0.638484 -0.093945
v 0.345312 0.750990 -0.093485
v 0.283391 0.674908 -0.093945
v 0.282932 0.787414 -0.093485
v 0.360562 0.689386 -0.054690
v 0.360102 0.576881 -0.055150
v 0.346692 0.437643 -0.139610
v 0.347152 0.325138 -0.139150
v 0.392841 0.555774 -0.108276
v 0.392381 0.443269 -0.107816
v 0.568351 -0.036548 -0.096705
v 0.555562 1.063452 -0.083916
v 0.568351 -0.036548 -0.105976
v 0.555562 1.063452 -0.118765
v 0.577622 -0.036548 -0.096705
v 0.590410 1.063452 -0.083916
v 0.577622 -0.036548 -0.105976
v 0.590410 1.063452 -0.118765
v 0.555562 0.879445 -0.083916
v 0.555562 0.879445 -0.118765
v 0.590410 0.879445 -0.118765
v 0.590410 0.879445 -0.083916
v 0.564671 0.863495 -0.109655
v 0.581301 0.863495 -0.109655
v 0.581301 0.863495 -0.093025
v 0.564671 0.863495 -0.093025
v 0.561503 1.069793 -0.089857
v 0.561503 1.069793 -0.112824
v 0.584469 1.069793 -0.112824
v 0.584469 1.069793 -0.089857
v 0.565131 0.750989 -0.109195
v 0.565591 0.638484 -0.108736
v 0.566051 0.525979 -0.108276
v 0.566511 0.413474 -0.107816
v 0.566971 0.300968 -0.107356
v 0.567431 0.188463 -0.106896
v 0.567891 0.075958 -0.106436
v 0.580841 0.750989 -0.109195
v 0.580381 0.638484 -0.108736
v 0.579921 0.525979 -0.108276
v 0.579461 0.413474 -0.107816
v 0.579001 0.300968 -0.107356
v 0.578542 0.188463 -0.106896
v 0.578082 0.075958 -0.106436
v 0.580841 0.750989 -0.093485
v 0.580381 0.638484 -0.093945
v 0.579921 0.525979 -0.094405
v 0.579461 0.413474 -0.094865
v 0.579001 0.300968 -0.095325
v 0.578542 0.188463 -0.095785
v 0.578082 0.075958 -0.096245
v 0.567891 0.075958 -0.096245
v 0.567431 0.188463 -0.095785
v 0.566971 0.300968 -0.095325
v 0.566511 0.413474 -0.094865
v 0.566051 0.525979 -0.094405
v 0.565591 0.638484 -0.093945
v 0.565131 0.750990 -0.093485
v 0.503211 0.674908 -0.093945
v 0.502751 0.787414 -0.093485
v 0.580381 0.689386 -0.054690
v 0.579921 0.576881 -0.055150
v 0.566511 0.437643 -0.139610
v 0.566971 0.325138 -0.139150
v 0.612661 0.555774 -0.108276
v 0.612201 0.443269 -0.107816
v 0.788170 -0.036548 -0.096705
v 0.775381 1.063452 -0.083916
v 0.788170 -0.036548 -0.105976
v 0.775381 1.063452 -0.118765
v 0.797441 -0.036548 -0.096705
v 0.810230 1.063452 -0.083916
v 0.797441 -0.036548 -0.105976
v 0.810230 1.063452 -0.118765
v 0.775381 0.879445 -0.083916
v 0.775381 0.879445 -0.118765
v 0.810230 0.879445 -0.118765
v 0.810230 0.879445 -0.083916
v 0.784491 0.863495 -0.109655
v 0.801121 0.863495 -0.109655
v 0.801121 0.863495 -0.093025
v 0.784491 0.863495 -0.093025
v 0.781322 1.069793 -0.089857
v 0.781322 1.069793 -0.112824
v 0.804289 1.069793 -0.112824
v 0.804289 1.069793 -0.089857
v 0.784951 0.750989 -0.109195
v 0.785411 0.638484 -0.108736
v 0.785871 0.525979 -0.108276
v 0.786330 0.413474 -0.107816
v 0.786790 0.300968 -0.107356
v 0.787250 0.188463 -0.106896
v 0.787710 0.075958 -0.106436
v 0.800661 0.750989 -0.109195
v 0.800201 0.638484 -0.108736
v 0.799741 0.525979 -0.108276
v 0.799281 0.413474 -0.107816
v 0.798821 0.300968 -0.107356
v 0.798361 0.188463 -0.106896
v 0.797901 0.075958 -0.106436
v 0.800661 0.750989 -0.093485
v 0.800201 0.638484 -0.093945
v 0.799741 0.525979 -0.094405
v 0.799281 0.413474 -0.094865
v 0.798821 0.300968 -0.095325
v 0.798361 0.188463 -0.095785
v 0.797901 0.075958 -0.096245
v 0.787710 0.075958 -0.096245
v 0.787250 0.188463 -0.095785
v 0.786790 0.300968 -0.095325
v 0.786330 0.413474 -0.094865
v 0.785871 0.525979 -0.094405
v 0.785411 0.638484 -0.093945
v 0.784951 0.750990 -0.093485
v 0.723030 0.674908 -0.093945
v 0.722570 0.787414 -0.093485
v 0.800201 0.689386 -0.054690
v 0.799741 0.576881 -0.055150
v 0.786330 0.437643 -0.139610
v 0.786790 0.325138 -0.139150
v 0.832480 0.555774 -0.108276
v 0.832020 0.443269 -0.107816
v -0.750565 -0.036548 -0.266545
v -0.763354 1.063452 -0.253756
v -0.750565 -0.036548 -0.275815
v -0.763354 1.063452 -0.288604
v -0.741295 -0.036548 -0.266545
v -0.728506 1.063452 -0.253756
v -0.741295 -0.036548 -0.275815
v -0.728506 1.063452 -0.288604
v -0.763354 0.879445 -0.253756
v -0.763354 0.879445 -0.288604
v -0.728506 0.879445 -0.288604
v -0.728506 0.879445 -0.253756
v -0.754245 0.863495 -0.279495
v -0.737615 0.863495 -0.279495
v -0.737615 0.863495 -0.262865
v -0.754245 0.863495 -0.262865
v -0.757413 1.069793 -0.259697
v -0.757413 1.069793 -0.282663
v -0.734447 1.069793 -0.282663
v -0.734447 1.069793 -0.259697
v -0.753785 0.750989 -0.279035
v -0.753325 0.638484 -0.278575
v -0.752865 0.525979 -0.278115
v -0.752405 0.413474 -0.277655
v -0.751945 0.300968 -0.277195
v -0.751485 0.188463 -0.276735
v -0.751025 0.075958 -0.276275
v -0.738075 0.750989 -0.279035
v -0.738535 0.638484 -0.278575
v -0.738995 0.525979 -0.278115
v -0.739455 0.413474 -0.277655
v -0.739915 0.300968 -0.277195
v -0.740375 0.188463 -0.276735
v -0.740835 0.075958 -0.276275
v -0.738075 0.750989 -0.263325
v -0.738535 0.638484 -0.263785
v -0.738995 0.525979 -0.264245
v -0.739455 0.413474 -0.264705
v -0.739915 0.300968 -0.265165
v -0.740375 0.188463 -0.265625
v -0.740835 0.075958 -0.266085
v -0.751025 0.075958 -0.266085
v -0.751485 0.188463 -0.265625
v -0.751945 0.300968 -0.265165
v -0.752405 0.413474 -0.264705
v -0.752865 0.525979 -0.264245
v -0.753325 0.638484 -0.263785
v -0.753785 0.750990 -0.263325
v -0.815706 0.674908 -0.263785
v -0.816166 0.787414 -0.263325
v -0.738535 0.689386 -0.224530
v -0.738995 0.576881 -0.224990
v -0.752405 0.437643 -0.309450
v -0.751945 0.325138 -0.308990
v -0.706256 0.555774 -0.278115
v -0.706716 0.443269 -0.277655
v -0.530746 -0.036548 -0.266545
v -0.543535 1.063452 -0.253756
v -0.530746 -0.036548 -0.275815
v -0.543535 1.063452 -0.288604
v -0.521475 -0.036548 -0.266545
v -0.508686 1.063452 -0.253756
v -0.521475 -0.036548 -0.275815
v -0.508686 1.063452 -0.288604
v -0.543535 0.879445 -0.253756
v -0.543535 0.879445 -0.288604
v -0.508686 0.879445 -0.288604
v -0.508686 0.879445 -0.253756
v -0.534426 0.863495 -0.279495
v -0.517796 0.863495 -0.279495
v -0.517796 0.863495 -0.262865
v -0.534426 0.863495 -0.262865
v -0.537594 1.069793 -0.259697
v -0.537594 1.069793 -0.282663
v -0.514628 1.069793 -0.282663
v -0.514628 1.069793 -0.259697
v -0.533966 0.750989 -0.279035
v -0.533506 0.638484 -0.278575
v -0.533046 0.525979 -0.278115
v -0.532586 0.413474 -0.277655
v -0.532126 0.300968 -0.277195
v -0.531666 0.188463 -0.276735
v -0.531206 0.075958 -0.276275
v -0.518256 0.750989 -0.279035
v -0.518716 0.638484 -0.278575
v -0.519176 0.525979 -0.278115
v -0.519635 0.413474 -0.277655
v -0.520095 0.300968 -0.277195
v -0.520555 0.188463 -0.276735
v -0.521015 0.075958 -0.276275
v -0.518256 0.750989 -0.263325
v -0.518716 0.638484 -0.263785
v -0.519176 0.525979 -0.264245
v -0.519635 0.413474 -0.264705
v -0.520095 0.300968 -0.265165
v -0.520555 0.188463 -0.265625
v -0.521015 0.075958 -0.266085
v -0.531206 0.075958 -0.266085
v -0.531666 0.188463 -0.265625
v -0.532126 0.300968 -0.265165
v -0.532586 0.413474 -0.264705
v -0.533046 0.525979 -0.264245
v -0.533506 0.638484 -0.263785
v -0.533966 0.750990 -0.263325
v -0.595886 0.674908 -0.263785
v -0.596346 0.787414 -0.263325
v -0.518716 0.689386 -0.224530
v -0.519176 0.576881 -0.224990
v -0.532586 0.437643 -0.309450
v -0.532126 0.325138 -0.308990
v -0.486436 0.555774 -0.278115
v -0.486896 0.443269 -0.277655
v -0.310927 -0.036548 -0.266545
v -0.323716 1.063452 -0.253756
v -0.310927 -0.036548 -0.275815
v -0.323716 1.063452 -0.288604
v -0.301656 -0.036548 -0.266545
v -0.288867 1.063452 -0.253756
v -0.301656 -0.036548 -0.275815
v -0.288867 1.063452 -0.288604
v -0.323716 0.879445 -0.253756
v -0.323716 0.879445 -0.288604
v -0.288867 0.879445 -0.288604
v -0.288867 0.879445 -0.253756
v -0.314606 0.863495 -0.279495
v -0.297976 0.863495 -0.279495
v -0.297976 0.863495 -0.262865
v -0.314606 0.863495 -0.262865
v -0.317774 1.069793 -0.259697
v -0.317774 1.069793 -0.282663
v -0.294808 1.069793 -0.282663
v -0.294808 1.069793 -0.259697
v -0.314146 0.750989 -0.279035
v -0.313686 0.638484 -0.278575
v -0.313226 0.525979 -0.278115
v -0.312766 0.413474 -0.277655
v -0.312307 0.300968 -0.277195
v -0.311847 0.188463 -0.276735
v -0.311387 0.075958 -0.276275
v -0.298436 0.750989 -0.279035
v -0.298896 0.638484 -0.278575
v -0.299356 0.525979 -0.278115
v -0.299816 0.413474 -0.277655
v -0.300276 0.300968 -0.277195
v -0.300736 0.188463 -0.276735
v -0.301196 0.075958 -0.276275
v -0.298436 0.750989 -0.263325
v -0.298896 0.638484 -0.263785
v -0.299356 0.525979 -0.264245
v -0.299816 0.413474 -0.264705
v -0.300276 0.300968 -0.265165
v -0.300736 0.188463 -0.265625
v -0.301196 0.075958 -0.266085
v -0.311387 0.075958 -0.266085
v -0.311847 0.188463 -0.265625
v -0.312307 0.300968 -0.265165
v -0.312766 0.413474 -0.264705
v -0.313226 0.525979 -0.264245
v -0.313686 0.638484 -0.263785
v -0.314146 0.750990 -0.263325
v -0.376067 0.674908 -0.263785
v -0.376527 0.787414 -0.263325
v -0.298896 0.689386 -0.224530
v -0.299356 0.576881 -0.224990
v -0.312766 0.437643 -0.309450
v -0.312307 0.325138 -0.308990
v -0.266617 0.555774 -0.278115
v -0.267077 0.443269 -0.277655
v -0.091107 -0.036548 -0.266545
v -0.103896 1.063452 -0.253756
v -0.091107 -0.036548 -0.275815
v -0.103896 1.063452 -0.288604
v -0.081837 -0.036548 -0.266545
v -0.069048 1.063452 -0.253756
v -0.081837 -0.036548 -0.275815
v -0.069048 1.063452 -0.288604
v -0.103896 0.879445 -0.253756
v -0.103896 0.879445 -0.288604
v -0.069048 0.879445 -0.288604
v -0.069048 0.879445 -0.253756
v -0.094787 0.863495 -0.279495
v -0.078157 0.863495 -0.279495
v -0.078157 0.863495 -0.262865
v -0.094787 0.863495 -0.262865
v -0.097955 1.069793 -0.259697
v -0.097955 1.069793 -0.282663
v -0.074989 1.069793 -0.282663
v -0.074989 1.069793 -0.259697
v -0.094327 0.750989 -0.279035
v -0.093867 0.638484 -0.278575
v -0.093407 0.525979 -0.278115
v -0.092947 0.413474 -0.277655
v -0.092487 0.300968 -0.277195
v -0.092027 0.188463 -0.276735
v -0.091567 0.075958 -0.276275
v -0.078617 0.750989 -0.279035
v -0.079077 0.638484 -0.278575
v -0.079537 0.525979 -0.278115
v -0.079997 0.413474 -0.277655
v -0.080457 0.300968 -0.277195
v -0.080917 0.188463 -0.276735
v -0.081377 0.075958 -0.276275
v -0.078617 0.750989 -0.263325
v -0.079077 0.638484 -0.263785
v -0.079537 0.525979 -0.264245
v -0.079997 0.413474 -0.264705
v -0.080457 0.300968 -0.265165
v -0.080917 0.188463 -0.265625
v -0.081377 0.075958 -0.266085
v -0.091567 0.075958 -0.266085
v -0.092027 0.188463 -0.265625
v -0.092487 0.300968 -0.265165
v -0.092947 0.413474 -0.264705
v -0.093407 0.525979 -0.264245
v -0.093867 0.638484 -0.263785
v -0.094327 0.750990 -0.263325
v -0.156247 0.674908 -0.263785
v -0.156707 0.787414 -0.263325
v -0.079077 0.689386 -0.224530
v -0.079537 0.576881 -0.224990
v -0.092947 0.437643 -0.309450
v -0.092487 0.325138 -0.308990
v -0.046798 0.555774 -0.278115
v -0.047258 0.443269 -0.277655
v 0.128712 -0.036548 -0.266545
v 0.115923 1.063452 -0.253756
v 0.128712 -0.036548 -0.275815
v 0.115923 1.063452 -0.288604
v 0.137983 -0.036548 -0.266545
v 0.150772 1.063452 -0.253756
v 0.137983 -0.036548 -0.275815
v 0.150772 1.063452 -0.288604
v 0.115923 0.879445 -0.253756
v 0.115923 0.879445 -0.288604
v 0.150772 0.879445 -0.288604
v 0.150772 0.879445 -0.253756
v 0.125033 0.863495 -0.279495
v 0.141663 0.863495 -0.279495
v 0.141663 0.863495 -0.262865
v 0.125033 0.863495 -0.262865
v 0.121864 1.069793 -0.259697
v 0.121864 1.069793 -0.282663
v 0.144831 1.069793 -0.282663
v 0.144831 1.069793 -0.259697
v 0.125493 0.750989 -0.279035
v 0.125952 0.638484 -0.278575
v 0.126412 0.525979 -0.278115
v 0.126872 0.413474 -0.277655
v 0.127332 0.300968 -0.277195
v 0.127792 0.188463 -0.276735
v 0.128252 0.075958 -0.276275
v 0.141203 0.750989 -0.279035
v 0.140743 0.638484 -0.278575
v 0.140283 0.525979 -0.278115
v 0.139823 0.413474 -0.277655
v 0.139363 0.300968 -0.277195
v 0.138903 0.188463 -0.276735
v 0.138443 0.075958 -0.276275
v 0.141203 0.750989 -0.263325
v 0.140743 0.638484 -0.263785
v 0.140283 0.525979 -0.264245
v 0.139823 0.413474 -0.264705
v 0.139363 0.300968 -0.265165
v 0.138903 0.188463 -0.265625
v 0.138443 0.075958 -0.266085
v 0.128252 0.075958 -0.266085
v 0.127792 0.188463 -0.265625
v 0.127332 0.300968 -0.265165
v 0.126872 0.413474 -0.264705
v 0.126412 0.525979 -0.264245
v 0.125952 0.638484 -0.263785
v 0.125493 0.750990 -0.263325
v 0.063572 0.674908 -0.263785
v 0.063112 0.787414 -0.263325
v 0.140743 0.689386 -0.224530
v 0.140283 0.576881 -0.224990
v 0.126872 0.437643 -0.309450
v 0.127332 0.325138 -0.308990
v 0.173022 0.555774 -0.278115
v 0.172562 0.443269 -0.277655
v 0.348531 -0.036548 -0.266545
v 0.335743 1.063452 -0.253756
v 0.348531 -0.036548 -0.275815
v 0.335743 1.063452 -0.288604
v 0.357802 -0.036548 -0.266545
v 0.370591 1.063452 -0.253756
v 0.357802 -0.036548 -0.275815
v 0.370591 1.063452 -0.288604
v 0.335743 0.879445 -0.253756
v 0.335743 0.879445 -0.288604
v 0.370591 0.879445 -0.288604
v 0.370591 0.879445 -0.253756
v 0.344852 0.863495 -0.279495
v 0.361482 0.863495 -0.279495
v 0.361482 0.863495 -0.262865
v 0.344852 0.863495 -0.262865
v 0.341684 1.069793 -0.259697
v 0.341684 1.069793 -0.282663
v 0.364650 1.069793 -0.282663
v 0.364650 1.069793 -0.259697
v 0.345312 0.750989 -0.279035
v 0.345772 0.638484 -0.278575
v 0.346232 0.525979 -0.278115
v 0.346692 0.413474 -0.277655
v 0.347152 0.300968 -0.277195
v 0.347612 0.188463 -0.276735
v 0.348072 0.075958 -0.276275
v 0.361022 0.750989 -0.279035
v 0.360562 0.638484 -0.278575
v 0.360102 0.525979 -0.278115
v 0.359642 0.413474 -0.277655
v 0.359182 0.300968 -0.277195
v 0.358722 0.188463 -0.276735
v 0.358262 0.075958 -0.276275
v 0.361022 0.750989 -0.263325
v 0.360562 0.638484 -0.263785
v 0.360102 0.525979 -0.264245
v 0.359642 0.413474 -0.264705
v 0.359182 0.300968 -0.265165
v 0.358722 0.188463 -0.265625
v 0.358262 0.075958 -0.266085
v 0.348072 0.075958 -0.266085
v 0.347612 0.188463 -0.265625
v 0.347152 0.300968 -0.265165
v 0.346692 0.413474 -0.264705
v 0.346232 0.525979 -0.264245
v 0.345772 0.638484 -0.263785
v 0.345312 0.750990 -0.263325
v 0.283391 0.674908 -0.263785
v 0.282932 0.787414 -0.263325
v 0.360562 0.689386 -0.224530
v 0.360102 0.576881 -0.224990
v 0.346692 0.437643 -0.309450
v 0.347152 0.325138 -0.308990
v 0.392841 0.555774 -0.278115
v 0.392381 0.443269 -0.277655
v 0.568351 -0.036548 -0.266545
v 0.555562 1.063452 -0.253756
v 0.568351 -0.036548 -0.275815
v 0.555562 1.063452 -0.288604
v 0.577622 -0.036548 -0.266545
v 0.590410 1.063452 -0.253756
v 0.577622 -0.036548 -0.275815
v 0.590410 1.063452 -0.288604
v 0.555562 0.879445 -0.253756
v 0.555562 0.879445 -0.288604
v 0.590410 0.879445 -0.288604
v 0.590410 0.879445 -0.253756
v 0.564671 0.863495 -0.279495
v 0.581301 0.863495 -0.279495
v 0.581301 0.863495 -0.262865
v 0.564671 0.863495 -0.262865
v 0.561503 1.069793 -0.259697
v 0.561503 1.069793 -0.282663
v 0.584469 1.069793 -0.282663
v 0.584469 1.069793 -0.259697
v 0.565131 0.750989 -0.279035
v 0.565591 0.638484 -0.278575
v 0.566051 0.525979 -0.278115
v 0.566511 0.413474 -0.277655
v 0.566971 0.300968 -0.277195
v 0.567431 0.188463 -0.276735
v 0.567891 0.075958 -0.276275
v 0.580841 0.750989 -0.279035
v 0.580381 0.638484 -0.278575
v 0.579921 0.525979 -0.278115
v 0.579461 0.413474 -0.277655
v 0.579001 0.300968 -0.277195
v 0.578542 0.188463 -0.276735
v 0.578082 0.075958 -0.276275
v 0.580841 0.750989 -0.263325
v 0.580381 0.638484 -0.263785
v 0.579921 0.525979 -0.264245
v 0.579461 0.413474 -0.264705
v 0.579001 0.300968 -0.265165
v 0.578542 0.188463 -0.265625
v 0.578082 0.075958 -0.266085
v 0.567891 0.075958 -0.266085
v 0.567431 0.188463 -0.265625
v 0.566971 0.300968 -0.265165
v 0.566511 0.413474 -0.264705
v 0.566051 0.525979 -0.264245
v 0.565591 0.638484 -0.263785
v 0.565131 0.750990 -0.263325
v 0.503211 0.674908 -0.263785
v 0.502751 0.787414 -0.263325
v 0.580381 0.689386 -0.224530
v 0.579921 0.576881 -0.224990
v 0.566511 0.437643 -0.309450
v 0.566971 0.325138 -0.308990
v 0.612661 0.555774 -0.278115
v 0.612201 0.443269 -0.277655
v 0.788170 -0.036548 -0.266545
v 0.775381 1.063452 -0.253756
v 0.788170 -0.036548 -0.275815
v 0.775381 1.063452 -0.288604
v 0.797441 -0.036548 -0.266545
v 0.810230 1.063452 -0.253756
v 0.797441 -0.036548 -0.275815
v 0.810230 1.063452 -0.288604
v 0.775381 0.879445 -0.253756
v 0.775381 0.879445 -0.288604
v 0.810230 0.879445 -0.288604
v 0.810230 0.879445 -0.253756
v 0.784491 0.863495 -0.279495
v 0.801121 0.863495 -0.279495
v 0.801121 0.863495 -0.262865
v 0.784491 0.863495 -0.262865
v 0.781322 1.069793 -0.259697
v 0.781322 1.069793 -0.282663
v 0.804289 1.069793 -0.282663
v 0.804289 1.069793 -0.259697
v 0.784951 0.750989 -0.279035
v 0.785411 0.638484 -0.278575
v 0.785871 0.525979 -0.278115
v 0.786330 0.413474 -0.277655
v 0.786790 0.300968 -0.277195
v 0.787250 0.188463 -0.276735
v 0.787710 0.075958 -0.276275
v 0.800661 0.750989 -0.279035
v 0.800201 0.638484 -0.278575
v 0.799741 0.525979 -0.278115
v 0.799281 0.413474 -0.277655
v 0.798821 0.300968 -0.277195
v 0.798361 0.188463 -0.276735
v 0.797901 0.075958 -0.276275
v 0.800661 0.750989 -0.263325
v 0.800201 0.638484 -0.263785
v 0.799741 0.525979 -0.264245
v 0.799281 0.413474 -0.264705
v 0.798821 0.300968 -0.265165
v 0.798361 0.188463 -0.265625
v 0.797901 0.075958 -0.266085
v 0.787710 0.075958 -0.266085
v 0.787250 0.188463 -0.265625
v 0.786790 0.300968 -0.265165
v 0.786330 0.413474 -0.264705
v 0.785871 0.525979 -0.264245
v 0.785411 0.638484 -0.263785
v 0.784951 0.750990 -0.263325
v 0.723030 0.674908 -0.263785
v 0.722570 0.787414 -0.263325
v 0.800201 0.689386 -0.224530
v 0.799741 0.576881 -0.224990
v 0.786330 0.437643 -0.309450
v 0.786790 0.325138 -0.308990
v 0.832480 0.555774 -0.278115
v 0.832020 0.443269 -0.277655
v -0.750565 -0.036548 -0.436384
v -0.763354 1.063452 -0.423595
v -0.750565 -0.036548 -0.445655
v -0.763354 1.063452 -0.458444
v -0.741295 -0.036548 -0.436384
v -0.728506 1.063452 -0.423595
v -0.741295 -0.036548 -0.445655
v -0.728506 1.063452 -0.458444
v -0.763354 0.879445 -0.423595
v -0.763354 0.879445 -0.458444
v -0.728506 0.879445 -0.458444
v -0.728506 0.879445 -0.423595
v -0.754245 0.863495 -0.449334
v -0.737615 0.863495 -0.449334
v -0.737615 0.863495 -0.432704
v -0.754245 0.863495 -0.432704
v -0.757413 1.069793 -0.429536
v -0.757413 1.069793 -0.452503
v -0.734447 1.069793 -0.452503
v -0.734447 1.069793 -0.429536
v -0.753785 0.750989 -0.448874
v -0.753325 0.638484 -0.448414
v -0.752865 0.525979 -0.447954
v -0.752405 0.413474 -0.447495
v -0.751945 0.300968 -0.447035
v -0.751485 0.188463 -0.446575
v -0.751025 0.075958 -0.446115
v -0.738075 0.750989 -0.448874
v -0.738535 0.638484 -0.448414
v -0.738995 0.525979 -0.447954
v -0.739455 0.413474 -0.447495
v -0.739915 0.300968 -0.447035
v -0.740375 0.188463 -0.446575
v -0.740835 0.075958 -0.446115
v -0.738075 0.750989 -0.433164
v -0.738535 0.638484 -0.433624
v -0.738995 0.525979 -0.434084
v -0.739455 0.413474 -0.434544
v -0.739915 0.300968 -0.435004
v -0.740375 0.188463 -0.435464
v -0.740835 0.075958 -0.435924
v -0.751025 0.075958 -0.435924
v -0.751485 0.188463 -0.435464
v -0.751945 0.300968 -0.435004
v -0.752405 0.413474 -0.434544
v -0.752865 0.525979 -0.434084
v -0.753325 0.638484 -0.433624
v -0.753785 0.750990 -0.433164
v -0.815706 0.674908 -0.433624
v -0.816166 0.787414 -0.433164
v -0.738535 0.689386 -0.394369
v -0.738995 0.576881 -0.394829
v -0.752405 0.437643 -0.479289
v -0.751945 0.325138 -0.478829
v -0.706256 0.555774 -0.447954
v -0.706716 0.443269 -0.447495
v -0.530746 -0.036548 -0.436384
v -0.543535 1.063452 -0.423595
v -0.530746 -0.036548 -0.445655
v -0.543535 1.063452 -0.458444
v -0.521475 -0.036548 -0.436384
v -0.508686 1.063452 -0.423595
v -0.521475 -0.036548 -0.445655
v -0.508686 1.063452 -0.458444
v -0.543535 0.879445 -0.423595
v -0.543535 0.879445 -0.458444
v -0.508686 0.879445 -0.458444
v -0.508686 0.879445 -0.423595
v -0.534426 0.863495 -0.449334
v -0.517796 0.863495 -0.449334
v -0.517796 0.863495 -0.432704
v -0.534426 0.863495 -0.432704
v -0.537594 1.069793 -0.429536
v -0.537594 1.069793 -0.452503
v -0.514628 1.069793 -0.452503
v -0.514628 1.069793 -0.429536
v -0.533966 0.750989 -0.448874
v -0.533506 0.638484 -0.448414
v -0.533046 0.525979 -0.447954
v -0.532586 0.413474 -0.447495
v -0.532126 0.300968 -0.447035
v -0.531666 0.188463 -0.446575
v -0.531206 0.075958 -0.446115
v -0.518256 0.750989 -0.448874
v -0.518716 0.638484 -0.448414
v -0.519176 0.525979 -0.447954
v -0.519635 0.413474 -0.447495
v -0.520095 0.300968 -0.447035
v -0.520555 0.188463 -0.446575
v -0.521015 0.075958 -0.446115
v -0.518256 0.750989 -0.433164
v -0.518716 0.638484 -0.433624
v -0.519176 0.525979 -0.434084
v -0.519635 0.413474 -0.434544
v -0.520095 0.300968 -0.435004
v -0.520555 0.188463 -0.435464
v -0.521015 0.075958 -0.435924
v -0.531206 0.075958 -0.435924
v -0.531666 0.188463 -0.435464
v -0.532126 0.300968 -0.435004
v -0.532586 0.413474 -0.434544
v -0.533046 0.525979 -0.434084
v -0.533506 0.638484 -0.433624
v -0.533966 0.750990 -0.433164
v -0.595886 0.674908 -0.433624
v -0.596346 0.787414 -0.433164
v -0.518716 0.689386 -0.394369
v -0.519176 0.576881 -0.394829
v -0.532586 0.437643 -0.479289
v -0.532126 0.325138 -0.478829
v -0.486436 0.555774 -0.447954
v -0.486896 0.443269 -0.447495
v -0.310927 -0.036548 -0.436384
v -0.323716 1.063452 -0.423595
v -0.310927 -0.036548 -0.445655
v -0.323716 1.063452 -0.458444
v -0.301656 -0.036548 -0.436384
v -0.288867 1.063452 -0.423595
v -0.301656 -0.036548 -0.445655
v -0.288867 1.063452 -0.458444
v -0.323716 0.879445 -0.423595
v -0.323716 0.879445 -0.458444
v -0.288867 0.879445 -0.458444
v -0.288867 0.879445 -0.423595
v -0.314606 0.863495 -0.449334
v -0.297976 0.863495 -0.449334
v -0.297976 0.863495 -0.432704
v -0.314606 0.863495 -0.432704
v -0.317774 1.069793 -0.429536
v -0.317774 1.069793 -0.452503
v -0.294808 1.069793 -0.452503
v -0.294808 1.069793 -0.429536
v -0.314146 0.750989 -0.448874
v -0.313686 0.638484 -0.448414
v -0.313226 0.525979 -0.447954
v -0.312766 0.413474 -0.447495
v -0.312307 0.300968 -0.447035
v -0.311847 0.188463 -0.446575
v -0.311387 0.075958 -0.446115
v -0.298436 0.750989 -0.448874
v -0.298896 0.638484 -0.448414
v -0.299356 0.525979 -0.447954
v -0.299816 0.413474 -0.447495
v -0.300276 0.300968 -0.447035
v -0.300736 0.188463 -0.446575
v -0.301196 0.075958 -0.446115
v -0.298436 0.750989 -0.433164
v -0.298896 0.638484 -0.433624
v -0.299356 0.525979 -0.434084
v -0.299816 0.413474 -0.434544
v -0.300276 0.300968 -0.435004
v -0.300736 0.188463 -0.435464
v -0.301196 0.075958 -0.435924
v -0.311387 0.075958 -0.435924
v -0.311847 0.188463 -0.435464
v -0.312307 0.300968 -0.435004
v -0.312766 0.413474 -0.434544
v -0.313226 0.525979 -0.434084
v -0.313686 0.638484 -0.433624
v -0.314146 0.750990 -0.433164
v -0.376067 0.674908 -0.433624
v -0.376527 0.787414 -0.433164
v -0.298896 0.689386 -0.394369
v -0.299356 0.576881 -0.394829
v -0.312766 0.437643 -0.479289
v -0.312307 0.325138 -0.478829
v -0.266617 0.555774 -0.447954
v -0.267077 0.443269 -0.447495
v -0.091107 -0.036548 -0.436384
v -0.103896 1.063452 -0.423595
v -0.091107 -0.036548 -0.445655
v -0.103896 1.063452 -0.458444
v -0.081837 -0.036548 -0.436384
v -0.069048 1.063452 -0.423595
v -0.081837 -0.036548 -0.445655
v -0.069048 1.063452 -0.458444
v -0.103896 0.879445 -0.423595
v -0.103896 0.879445 -0.458444
v -0.069048 0.879445 -0.458444
v -0.069048 0.879445 -0.423595
v -0.094787 0.863495 -0.449334
v -0.078157 0.863495 -0.449334
v -0.078157 0.863495 -0.432704
v -0.094787 0.863495 -0.432704
v -0.097955 1.069793 -0.429536
v -0.097955 1.069793 -0.452503
v -0.074989 1.069793 -0.452503
v -0.074989 1.069793 -0.429536
v -0.094327 0.750989 -0.448874
v -0.093867 0.638484 -0.448414
v -0.093407 0.525979 -0.447954
v -0.092947 0.413474 -0.447495
v -0.092487 0.300968 -0.447035
v -0.092027 0.188463 -0.446575
v -0.091567 0.075958 -0.446115
v -0.078617 0.750989 -0.448874
v -0.079077 0.638484 -0.448414
v -0.079537 0.525979 -0.447954
v -0.079997 0.413474 -0.447495
v -0.080457 0.300968 -0.447035
v -0.080917 0.188463 -0.446575
v -0.081377 0.075958 -0.446115
v -0.078617 0.750989 -0.433164
v -0.079077 0.638484 -0.433624
v -0.079537 0.525979 -0.434084
v -0.079997 0.413474 -0.434544
v -0.080457 0.300968 -0.435004
v -0.080917 0.188463 -0.435464
v -0.081377 0.075958 -0.435924
v -0.091567 0.075958 -0.435924
v -0.092027 0.188463 -0.435464
v -0.092487 0.300968 -0.435004
v -0.092947 0.413474 -0.434544
v -0.093407 0.525979 -0.434084
v -0.093867 0.638484 -0.433624
v -0.094327 0.750990 -0.433164
v -0.156247 0.674908 -0.433624
v -0.156707 0.787414 -0.433164
v -0.079077 0.689386 -0.394369
v -0.079537 0.576881 -0.394829
v -0.092947 0.437643 -0.479289
v -0.092487 0.325138 -0.478829
v -0.046798 0.555774 -0.447954
v -0.047258 0.443269 -0.447495
v 0.128712 -0.036548 -0.436384
v 0.115923 1.063452 -0.423595
v 0.128712 -0.036548 -0.445655
v 0.115923 1.063452 -0.458444
v 0.137983 -0.036548 -0.436384
v 0.150772 1.063452 -0.423595
v 0.137983 -0.036548 -0.445655
v 0.150772 1.063452 -0.458444
v 0.115923 0.879445 -0.423595
v 0.115923 0.879445 -0.458444
v 0.150772 0.879445 -0.458444
v 0.150772 0.879445 -0.423595
v 0.125033 0.863495 -0.449334
v 0.141663 0.863495 -0.449334
v 0.141663 0.863495 -0.432704
v 0.125033 0.863495 -0.432704
v 0.121864 1.069793 -0.429536
v 0.121864 1.069793 -0.452503
v 0.144831 1.069793 -0.452503
v 0.144831 1.069793 -0.429536
v 0.125493 0.750989 -0.448874
v 0.125952 0.638484 -0.448414
v 0.126412 0.525979 -0.447954
v 0.126872 0.413474 -0.447495
v 0.127332 0.300968 -0.447035
v 0.127792 0.188463 -0.446575
v 0.128252 0.075958 -0.446115
v 0.141203 0.750989 -0.448874
v 0.140743 0.638484 -0.448414
v 0.140283 0.525979 -0.447954
v 0.139823 0.413474 -0.447495
v 0.139363 0.300968 -0.447035
v 0.138903 0.188463 -0.446575
v 0.138443 0.075958 -0.446115
v 0.141203 0.750989 -0.433164
v 0.140743 0.638484 -0.433624
v 0.140283 0.525979 -0.434084
v 0.139823 0.413474 -0.434544
v 0.139363 0.300968 -0.435004
v 0.138903 0.188463 -0.435464
v 0.138443 0.075958 -0.435924
v 0.128252 0.075958 -0.435924
v 0.127792 0.188463 -0.435464
v 0.127332 0.300968 -0.435004
v 0.126872 0.413474 -0.434544
v 0.126412 0.525979 -0.434084
v 0.125952 0.638484 -0.433624
v 0.125493 0.750990 -0.433164
v 0.063572 0.674908 -0.433624
v 0.063112 0.787414 -0.433164
v 0.140743 0.689386 -0.394369
v 0.140283 0.576881 -0.394829
v 0.126872 0.437643 -0.479289
v 0.127332 0.325138 -0.478829
v 0.173022 0.555774 -0.447954
v 0.172562 0.443269 -0.447495
v 0.348531 -0.036548 -0.436384
v 0.335743 1.063452 -0.423595
v 0.348531 -0.036548 -0.445655
v 0.335743 1.063452 -0.458444
v 0.357802 -0.036548 -0.436384
v 0.370591 1.063452 -0.423595
v 0.357802 -0.036548 -0.445655
v 0.370591 1.063452 -0.458444
v 0.335743 0.879445 -0.423595
v 0.335743 0.879445 -0.458444
v 0.370591 0.879445 -0.458444
v 0.370591 0.879445 -0.423595
v 0.344852 0.863495 -0.449334
v 0.361482 0.863495 -0.449334
v 0.361482 0.863495 -0.432704
v 0.344852 0.863495 -0.432704
v 0.341684 1.069793 -0.429536
v 0.341684 1.069793 -0.452503
v 0.364650 1.069793 -0.452503
v 0.364650 1.069793 -0.429536
v 0.345312 0.750989 -0.448874
v 0.345772 0.638484 -0.448414
v 0.346232 0.525979 -0.447954
v 0.346692 0.413474 -0.447495
v 0.347152 0.300968 -0.447035
v 0.347612 0.188463 -0.446575
v 0.348072 0.075958 -0.446115
v 0.361022 0.750989 -0.448874
v 0.360562 0.638484 -0.448414
v 0.360102 0.525979 -0.447954
v 0.359642 0.413474 -0.447495
v 0.359182 0.300968 -0.447035
v 0.358722 0.188463 -0.446575
v 0.358262 0.075958 -0.446115
v 0.361022 0.750989 -0.433164
v 0.360562 0.638484 -0.433624
v 0.360102 0.525979 -0.434084
v 0.359642 0.413474 -0.434544
v 0.359182 0.300968 -0.435004
v 0.358722 0.188463 -0.435464
v 0.358262 0.075958 -0.435924
v 0.348072 0.075958 -0.435924
v 0.347612 0.188463 -0.435464
v 0.347152 0.300968 -0.435004
v 0.346692 0.413474 -0.434544
v 0.346232 0.525979 -0.434084
v 0.345772 0.638484 -0.433624
v 0.345312 0.750990 -0.433164
v 0.283391 0.674908 -0.433624
v 0.282932 0.787414 -0.433164
v 0.360562 0.689386 -0.394369
v 0.360102 0.576881 -0.394829
v 0.346692 0.437643 -0.479289
v 0.347152 0.325138 -0.478829
v 0.392841 0.555774 -0.447954
v 0.392381 0.443269 -0.447495
v 0.568351 -0.036548 -0.436384
v 0.555562 1.063452 -0.423595
v 0.568351 -0.036548 -0.445655
v 0.555562 1.063452 -0.458444
v 0.577622 -0.036548 -0.436384
v 0.590410 1.063452 -0.423595
v 0.577622 -0.036548 -0.445655
v 0.590410 1.063452 -0.458444
v 0.555562 0.879445 -0.423595
v 0.555562 0.879445 -0.458444
v 0.590410 0.879445 -0.458444
v 0.590410 0.879445 -0.423595
v 0.564671 0.863495 -0.449334
v 0.581301 0.863495 -0.449334
v 0.581301 0.863495 -0.432704
v 0.564671 0.863495 -0.432704
v 0.561503 1.069793 -0.429536
v 0.561503 1.069793 -0.452503
v 0.584469 1.069793 -0.452503
v 0.584469 1.069793 -0.429536
v 0.565131 0.750989 -0.448874
v 0.565591 0.638484 -0.448414
v 0.566051 0.525979 -0.447954
v 0.566511 0.413474 -0.447495
v 0.566971 0.300968 -0.447035
v 0.567431 0.188463 -0.446575
v 0.567891 0.075958 -0.446115
v 0.580841 0.750989 -0.448874
v 0.580381 0.638484 -0.448414
v 0.579921 0.525979 -0.447954
v 0.579461 0.413474 -0.447495
v 0.579001 0.300968 -0.447035
v 0.578542 0.188463 -0.446575
v 0.578082 0.075958 -0.446115
v 0.580841 0.750989 -0.433164
v 0.580381 0.638484 -0.433624
v 0.579921 0.525979 -0.434084
v 0.579461 0.413474 -0.434544
v 0.579001 0.300968 -0.435004
v 0.578542 0.188463 -0.435464
v 0.578082 0.075958 -0.435924
v 0.567891 0.075958 -0.435924
v 0.567431 0.188463 -0.435464
v 0.566971 0.300968 -0.435004
v 0.566511 0.413474 -0.434544
v 0.566051 0.525979 -0.434084
v 0.565591 0.638484 -0.433624
v 0.565131 0.750990 -0.433164
v 0.503211 0.674908 -0.433624
v 0.502751 0.787414 -0.433164
v 0.580381 0.689386 -0.394369
v 0.579921 0.576881 -0.394829
v 0.566511 0.437643 -0.479289
v 0.566971 0.325138 -0.478829
v 0.612661 0.555774 -0.447954
v 0.612201 0.443269 -0.447495
v 0.788170 -0.036548 -0.436384
v 0.775381 1.063452 -0.423595
v 0.788170 -0.036548 -0.445655
v 0.775381 1.063452 -0.458444
v 0.797441 -0.036548 -0.436384
v 0.810230 1.063452 -0.423595
v 0.797441 -0.036548 -0.445655
v 0.810230 1.063452 -0.458444
v 0.775381 0.879445 -0.423595
v 0.775381 0.879445 -0.458444
v 0.810230 0.879445 -0.458444
v 0.810230 0.879445 -0.423595
v 0.784491 0.863495 -0.449334
v 0.801121 0.863495 -0.449334
v 0.801121 0.863495 -0.432704
v 0.784491 0.863495 -0.432704
v 0.781322 1.069793 -0.429536
v 0.781322 1.069793 -0.452503
v 0.804289 1.069793 -0.452503
v 0.804289 1.069793 -0.429536
v 0.784951 0.750989 -0.448874
v 0.785411 0.638484 -0.448414
v 0.785871 0.525979 -0.447954
v 0.786330 0.413474 -0.447495
v 0.786790 0.300968 -0.447035
v 0.787250 0.188463 -0.446575
v 0.787710 0.075958 -0.446115
v 0.800661 0.750989 -0.448874
v 0.800201 0.638484 -0.448414
v 0.799741 0.525979 -0.447954
v 0.799281 0.413474 -0.447495
v 0.798821 0.300968 -0.447035
v 0.798361 0.188463 -0.446575
v 0.797901 0.075958 -0.446115
v 0.800661 0.750989 -0.433164
v 0.800201 0.638484 -0.433624
v 0.799741 0.525979 -0.434084
v 0.799281 0.413474 -0.434544
v 0.798821 0.300968 -0.435004
v 0.798361 0.188463 -0.435464
v 0.797901 0.075958 -0.435924
v 0.787710 0.075958 -0.435924
v 0.787250 0.188463 -0.435464
v 0.786790 0.300968 -0.435004
v 0.786330 0.413474 -0.434544
v 0.785871 0.525979 -0.434084
v 0.785411 0.638484 -0.433624
v 0.784951 0.750990 -0.433164
v 0.723030 0.674908 -0.433624
v 0.722570 0.787414 -0.433164
v 0.800201 0.689386 -0.394369
v 0.799741 0.576881 -0.394829
v 0.786330 0.437643 -0.479289
v 0.786790 0.325138 -0.478829
v 0.832480 0.555774 -0.447954
v 0.832020 0.443269 -0.447495
v -0.750565 -0.036548 -0.606224
v -0.763354 1.063452 -0.593435
v -0.750565 -0.036548 -0.615494
v -0.763354 1.063452 -0.628283
v -0.741295 -0.036548 -0.606224
v -0.728506 1.063452 -0.593435
v -0.741295 -0.036548 -0.615494
v -0.728506 1.063452 -0.628283
v -0.763354 0.879445 -0.593435
v -0.763354 0.879445 -0.628283
v -0.728506 0.879445 -0.628283
v -0.728506 0.879445 -0.593435
v -0.754245 0.863495 -0.619174
v -0.737615 0.863495 -0.619174
v -0.737615 0.863495 -0.602544
v -0.754245 0.863495 -0.602544
v -0.757413 1.069793 -0.599376
v -0.757413 1.069793 -0.622342
v -0.734447 1.069793 -0.622342
v -0.734447 1.069793 -0.599376
v -0.753785 0.750989 -0.618714
v -0.753325 0.638484 -0.618254
v -0.752865 0.525979 -0.617794
v -0.752405 0.413474 -0.617334
v -0.751945 0.300968 -0.616874
v -0.751485 0.188463 -0.616414
v -0.751025 0.075958 -0.615954
v -0.738075 0.750989 -0.618714
v -0.738535 0.638484 -0.618254
v -0.738995 0.525979 -0.617794
v -0.739455 0.413474 -0.617334
v -0.739915 0.300968 -0.616874
v -0.740375 0.188463 -0.616414
v -0.740835 0.075958 -0.615954
v -0.738075 0.750989 -0.603004
v -0.738535 0.638484 -0.603464
v -0.738995 0.525979 -0.603924
v -0.739455 0.413474 -0.604384
v -0.739915 0.300968 -0.604844
v -0.740375 0.188463 -0.605304
v -0.740835 0.075958 -0.605763
v -0.751025 0.075958 -0.605763
v -0.751485 0.188463 -0.605304
v -0.751945 0.300968 -0.604844
v -0.752405 0.413474 -0.604384
v -0.752865 0.525979 -0.603924
v -0.753325 0.638484 -0.603464
v -0.753785 0.750990 -0.603004
v -0.815706 0.674908 -0.603464
v -0.816166 0.787414 -0.603004
v -0.738535 0.689386 -0.564209
v -0.738995 0.576881 -0.564669
v -0.752405 0.437643 -0.649129
v -0.751945 0.325138 -0.648669
v -0.706256 0.555774 -0.617794
v -0.706716 0.443269 -0.617334
v -0.530746 -0.036548 -0.606224
v -0.543535 1.063452 -0.593435
v -0.530746 -0.036548 -0.615494
v -0.543535 1.063452 -0.628283
v -0.521475 -0.036548 -0.606224
v -0.508686 1.063452 -0.593435
v -0.521475 -0.036548 -0.615494
v -0.508686 1.063452 -0.628283
v -0.543535 0.879445 -0.593435
v -0.543535 0.879445 -0.628283
v -0.508686 0.879445 -0.628283
v -0.508686 0.879445 -0.593435
v -0.534426 0.863495 -0.619174
v -0.517796 0.863495 -0.619174
v -0.517796 0.863495 -0.602544
v -0.534426 0.863495 -0.602544
v -0.537594 1.069793 -0.599376
v -0.537594 1.069793 -0.622342
v -0.514628 1.069793 -0.622342
v -0.514628 1.069793 -0.599376
v -0.533966 0.750989 -0.618714
v -0.533506 0.638484 -0.618254
v -0.533046 0.525979 -0.617794
v -0.532586 0.413474 -0.617334
v -0.532126 0.300968 -0.616874
v -0.531666 0.188463 -0.616414
v -0.531206 0.075958 -0.615954
v -0.518256 0.750989 -0.618714
v -0.518716 0.638484 -0.618254
v -0.519176 0.525979 -0.617794
v -0.519635 0.413474 -0.617334
v -0.520095 0.300968 -0.616874
v -0.520555 0.188463 -0.616414
v -0.521015 0.075958 -0.615954
v -0.518256 0.750989 -0.603004
v -0.518716 0.638484 -0.603464
v -0.519176 0.525979 -0.603924
v -0.519635 0.413474 -0.604384
v -0.520095 0.300968 -0.604844
v -0.520555 0.188463 -0.605304
v -0.521015 0.075958 -0.605763
v -0.531206 0.075958 -0.605763
v -0.531666 0.188463 -0.605304
v -0.532126 0.300968 -0.604844
v -0.532586 0.413474 -0.604384
v -0.533046 0.525979 -0.603924
v -0.533506 0.638484 -0.603464
v -0.533966 0.750990 -0.603004
v -0.595886 0.674908 -0.603464
v -0.596346 0.787414 -0.603004
v -0.518716 0.689386 -0.564209
v -0.519176 0.576881 -0.564669
v -0.532586 0.437643 -0.649129
v -0.532126 0.325138 -0.648669
v -0.486436 0.555774 -0.617794
v -0.486896 0.443269 -0.617334
v -0.310927 -0.036548 -0.606224
v -0.323716 1.063452 -0.593435
v -0.310927 -0.036548 -0.615494
v -0.323716 1.063452 -0.628283
v -0.301656 -0.036548 -0.606224
v -0.288867 1.063452 -0.593435
v -0.301656 -0.036548 -0.615494
v -0.288867 1.063452 -0.628283
v -0.323716 0.879445 -0.593435
v -0.323716 0.879445 -0.628283
v -0.288867 0.879445 -0.628283
v -0.288867 0.879445 -0.593435
v -0.314606 0.863495 -0.619174
v -0.297976 0.863495 -0.619174
v -0.297976 0.863495 -0.602544
v -0.314606 0.863495 -0.602544
v -0.317774 1.069793 -0.599376
v -0.317774 1.069793 -0.622342
v -0.294808 1.069793 -0.622342
v -0.294808 1.069793 -0.599376
v -0.314146 0.750989 -0.618714
v -0.313686 0.638484 -0.618254
v -0.313226 0.525979 -0.617794
v -0.312766 0.413474 -0.617334
v -0.312307 0.300968 -0.616874
v -0.311847 0.188463 -0.616414
v -0.311387 0.075958 -0.615954
v -0.298436 0.750989 -0.618714
v -0.298896 0.638484 -0.618254
v -0.299356 0.525979 -0.617794
v -0.299816 0.413474 -0.617334
v -0.300276 0.300968 -0.616874
v -0.300736 0.188463 -0.616414
v -0.301196 0.075958 -0.615954
v -0.298436 0.750989 -0.603004
v -0.298896 0.638484 -0.603464
v -0.299356 0.525979 -0.603924
v -0.299816 0.413474 -0.604384
v -0.300276 0.300968 -0.604844
v -0.300736 0.188463 -0.605304
v -0.301196 0.075958 -0.605763
v -0.311387 0.075958 -0.605763
v -0.311847 0.188463 -0.605304
v -0.312307 0.300968 -0.604844
v -0.312766 0.413474 -0.604384
v -0.313226 0.525979 -0.603924
v -0.313686 0.638484 -0.603464
v -0.314146 0.750990 -0.603004
v -0.376067 0.674908 -0.603464
v -0.376527 0.787414 -0.603004
v -0.298896 0.689386 -0.564209
v -0.299356 0.576881 -0.564669
v -0.312766 0.437643 -0.649129
v -0.312307 0.325138 -0.648669
v -0.266617 0.555774 -0.617794
v -0.267077 0.443269 -0.617334
v -0.091107 -0.036548 -0.606224
v -0.103896 1.063452 -0.593435
v -0.091107 -0.036548 -0.615494
v -0.103896 1.063452 -0.628283
v -0.081837 -0.036548 -0.606224
v -0.069048 1.063452 -0.593435
v -0.081837 -0.036548 -0.615494
v -0.069048 1.063452 -0.628283
v -0.103896 0.879445 -0.593435
v -0.103896 0.879445 -0.628283
v -0.069048 0.879445 -0.628283
v -0.069048 0.879445 -0.593435
v -0.094787 0.863495 -0.619174
v -0.078157 0.863495 -0.619174
v -0.078157 0.863495 -0.602544
v -0.094787 0.863495 -0.602544
v -0.097955 1.069793 -0.599376
v -0.097955 1.069793 -0.622342
v -0.074989 1.069793 -0.622342
v -0.074989 1.069793 -0.599376
v -0.094327 0.750989 -0.618714
v -0.093867 0.638484 -0.618254
v -0.093407 0.525979 -0.617794
v -0.092947 0.413474 -0.617334
v -0.092487 0.300968 -0.616874
v -0.092027 0.188463 -0.616414
v -0.091567 0.075958 -0.615954
v -0.078617 0.750989 -0.618714
v -0.079077 0.638484 -0.618254
v -0.079537 0.525979 -0.617794
v -0.079997 0.413474 -0.617334
v -0.080457 0.300968 -0.616874
v -0.080917 0.188463 -0.616414
v -0.081377 0.075958 -0.615954
v -0.078617 0.750989 -0.603004
v -0.079077 0.638484 -0.603464
v -0.079537 0.525979 -0.603924
v -0.079997 0.413474 -0.604384
v -0.080457 0.300968 -0.604844
v -0.080917 0.188463 -0.605304
v -0.081377 0.075958 -0.605763
v -0.091567 0.075958 -0.605763
v -0.092027 0.188463 -0.605304
v -0.092487 0.300968 -0.604844
v -0.092947 0.413474 -0.604384
v -0.093407 0.525979 -0.603924
v -0.093867 0.638484 -0.603464
v -0.094327 0.750990 -0.603004
v -0.156247 0.674908 -0.603464
v -0.156707 0.787414 -0.603004
v -0.079077 0.689386 -0.564209
v -0.079537 0.576881 -0.564669
v -0.092947 0.437643 -0.649129
v -0.092487 0.325138 -0.648669
v -0.046798 0.555774 -0.617794
v -0.047258 0.443269 -0.617334
v 0.128712 -0.036548 -0.606224
v 0.115923 1.063452 -0.593435
v 0.128712 -0.036548 -0.615494
v 0.115923 1.063452 -0.628283
v 0.137983 -0.036548 -0.606224
v 0.150772 1.063452 -0.593435
v 0.137983 -0.036548 -0.615494
v 0.150772 1.063452 -0.628283
v 0.115923 0.879445 -0.593435
v 0.115923 0.879445 -0.628283
v 0.150772 0.879445 -0.628283
v 0.150772 0.879445 -0.593435
v 0.125033 0.863495 -0.619174
v 0.141663 0.863495 -0.619174
v 0.141663 0.863495 -0.602544
v 0.125033 0.863495 -0.602544
v 0.121864 1.069793 -0.599376
v 0.121864 1.069793 -0.622342
v 0.144831 1.069793 -0.622342
v 0.144831 1.069793 -0.599376
v 0.125493 0.750989 -0.618714
v 0.125952 0.638484 -0.618254
v 0.126412 0.525979 -0.617794
v 0.126872 0.413474 -0.617334
v 0.127332 0.300968 -0.616874
v 0.127792 0.188463 -0.616414
v 0.128252 0.075958 -0.615954
v 0.141203 0.750989 -0.618714
v 0.140743 0.638484 -0.618254
v 0.140283 0.525979 -0.617794
v 0.139823 0.413474 -0.617334
v 0.139363 0.300968 -0.616874
v 0.138903 0.188463 -0.616414
v 0.138443 0.075958 -0.615954
v 0.141203 0.750989 -0.603004
v 0.140743 0.638484 -0.603464
v 0.140283 0.525979 -0.603924
v 0.139823 0.413474 -0.604384
v 0.139363 0.300968 -0.604844
v 0.138903 0.188463 -0.605304
v 0.138443 0.075958 -0.605763
v 0.128252 0.075958 -0.605763
v 0.127792 0.188463 -0.605304
v 0.127332 0.300968 -0.604844
v 0.126872 0.413474 -0.604384
v 0.126412 0.525979 -0.603924
v 0.125952 0.638484 -0.603464
v 0.125493 0.750990 -0.603004
v 0.063572 0.674908 -0.603464
v 0.063112 0.787414 -0.603004
v 0.140743 0.689386 -0.564209
v 0.140283 0.576881 -0.564669
v 0.126872 0.437643 -0.649129
v 0.127332 0.325138 -0.648669
v 0.173022 0.555774 -0.617794
v 0.172562 0.443269 -0.617334
v 0.348531 -0.036548 -0.606224
v 0.335743 1.063452 -0.593435
v 0.348531 -0.036548 -0.615494
v 0.335743 1.063452 -0.628283
v 0.357802 -0.036548 -0.606224
v 0.370591 1.063452 -0.593435
v 0.357802 -0.036548 -0.615494
v 0.370591 1.063452 -0.628283
v 0.335743 0.879445 -0.593435
v 0.335743 0.879445 -0.628283
v 0.370591 0.879445 -0.628283
v 0.370591 0.879445 -0.593435
v 0.344852 0.863495 -0.619174
v 0.361482 0.863495 -0.619174
v 0.361482 0.863495 -0.602544
v 0.344852 0.863495 -0.602544
v 0.341684 1.069793 -0.599376
v 0.341684 1.069793 -0.622342
v 0.364650 1.069793 -0.622342
v 0.364650 1.069793 -0.599376
v 0.345312 0.750989 -0.618714
v 0.345772 0.638484 -0.618254
v 0.346232 0.525979 -0.617794
v 0.346692 0.413474 -0.617334
v 0.347152 0.300968 -0.616874
v 0.347612 0.188463 -0.616414
v 0.348072 0.075958 -0.615954
v 0.361022 0.750989 -0.618714
v 0.360562 0.638484 -0.618254
v 0.360102 0.525979 -0.617794
v 0.359642 0.413474 -0.617334
v 0.359182 0.300968 -0.616874
v 0.358722 0.188463 -0.616414
v 0.358262 0.075958 -0.615954
v 0.361022 0.750989 -0.603004
v 0.360562 0.638484 -0.603464
v 0.360102 0.525979 -0.603924
v 0.359642 0.413474 -0.604384
v 0.359182 0.300968 -0.604844
v 0.358722 0.188463 -0.605304
v 0.358262 0.075958 -0.605763
v 0.348072 0.075958 -0.605763
v 0.347612 0.188463 -0.605304
v 0.347152 0.300968 -0.604844
v 0.346692 0.413474 -0.604384
v 0.346232 0.525979 -0.603924
v 0.345772 0.638484 -0.603464
v 0.345312 0.750990 -0.603004
v 0.283391 0.674908 -0.603464
v 0.282932 0.787414 -0.603004
v 0.360562 0.689386 -0.564209
v 0.360102 0.576881 -0.564669
v 0.346692 0.437643 -0.649129
v 0.347152 0.325138 -0.648669
v 0.392841 0.555774 -0.617794
v 0.392381 0.443269 -0.617334
v 0.568351 -0.036548 -0.606224
v 0.555562 1.063452 -0.593435
v 0.568351 -0.036548 -0.615494
v 0.555562 1.063452 -0.628283
v 0.577622 -0.036548 -0.606224
v 0.590410 1.063452 -0.593435
v 0.577622 -0.036548 -0.615494
v 0.590410 1.063452 -0.628283
v 0.555562 0.879445 -0.593435
v 0.555562 0.879445 -0.628283
v 0.590410 0.879445 -0.628283
v 0.590410 0.879445 -0.593435
v 0.564671 0.863495 -0.619174
v 0.581301 0.863495 -0.619174
v 0.581301 0.863495 -0.602544
v 0.564671 0.863495 -0.602544
v 0.561503 1.069793 -0.599376
v 0.561503 1.069793 -0.622342
v 0.584469 1.069793 -0.622342
v 0.584469 1.069793 -0.599376
v 0.565131 0.750989 -0.618714
v 0.565591 0.638484 -0.618254
v 0.566051 0.525979 -0.617794
v 0.566511 0.413474 -0.617334
v 0.566971 0.300968 -0.616874
v 0.567431 0.188463 -0.616414
v 0.567891 0.075958 -0.615954
v 0.580841 0.750989 -0.618714
v 0.580381 0.638484 -0.618254
v 0.579921 0.525979 -0.617794
v 0.579461 0.413474 -0.617334
v 0.579001 0.300968 -0.616874
v 0.578542 0.188463 -0.616414
v 0.578082 0.075958 -0.615954
v 0.580841 0.750989 -0.603004
v 0.580381 0.638484 -0.603464
v 0.579921 0.525979 -0.603924
v 0.579461 0.413474 -0.604384
v 0.579001 0.300968 -0.604844
v 0.578542 0.188463 -0.605304
v 0.578082 0.075958 -0.605763
v 0.567891 0.075958 -0.605763
v 0.567431 0.188463 -0.605304
v 0.566971 0.300968 -0.604844
v 0.566511 0.413474 -0.604384
v 0.566051 0.525979 -0.603924
v 0.565591 0.638484 -0.603464
v 0.565131 0.750990 -0.603004
v 0.503211 0.674908 -0.603464
v 0.502751 0.787414 -0.603004
v 0.580381 0.689386 -0.564209
v 0.579921 0.576881 -0.564669
v 0.566511 0.437643 -0.649129
v 0.566971 0.325138 -0.648669
v 0.612661 0.555774 -0.617794
v 0.612201 0.443269 -0.617334
v 0.788170 -0.036548 -0.606224
v 0.775381 1.063452 -0.593435
v 0.788170 -0.036548 -0.615494
v 0.775381 1.063452 -0.628283
v 0.797441 -0.036548 -0.606224
v 0.810230 1.063452 -0.593435
v 0.797441 -0.036548 -0.615494
v 0.810230 1.063452 -0.628283
v 0.775381 0.879445 -0.593435
v 0.775381 0.879445 -0.628283
v 0.810230 0.879445 -0.628283
v 0.810230 0.879445 -0.593435
v 0.784491 0.863495 -0.619174
v 0.801121 0.863495 -0.619174
v 0.801121 0.863495 -0.602544
v 0.784491 0.863495 -0.602544
v 0.781322 1.069793 -0.599376
v 0.781322 1.069793 -0.622342
v 0.804289 1.069793 -0.622342
v 0.804289 1.069793 -0.599376
v 0.784951 0.750989 -0.618714
v 0.785411 0.638484 -0.618254
v 0.785871 0.525979 -0.617794
v 0.786330 0.413474 -0.617334
v 0.786790 0.300968 -0.616874
v 0.787250 0.188463 -0.616414
v 0.787710 0.075958 -0.615954
v 0.800661 0.750989 -0.618714
v 0.800201 0.638484 -0.618254
v 0.799741 0.525979 -0.617794
v 0.799281 0.413474 -0.617334
v 0.798821 0.300968 -0.616874
v 0.798361 0.188463 -0.616414
v 0.797901 0.075958 -0.615954
v 0.800661 0.750989 -0.603004
v 0.800201 0.638484 -0.603464
v 0.799741 0.525979 -0.603924
v 0.799281 0.413474 -0.604384
v 0.798821 0.300968 -0.604844
v 0.798361 0.188463 -0.605304
v 0.797901 0.075958 -0.605763
v 0.787710 0.075958 -0.605763
v 0.787250 0.188463 -0.605304
v 0.786790 0.300968 -0.604844
v 0.786330 0.413474 -0.604384
v 0.785871 0.525979 -0.603924
v 0.785411 0.638484 -0.603464
v 0.784951 0.750990 -0.603004
v 0.723030 0.674908 -0.603464
v 0.722570 0.787414 -0.603004
v 0.800201 0.689386 -0.564209
v 0.799741 0.576881 -0.564669
v 0.786330 0.437643 -0.649129
v 0.786790 0.325138 -0.648669
v 0.832480 0.555774 -0.617794
v 0.832020 0.443269 -0.617334
v -0.750565 -0.036548 -0.776063
v -0.763354 1.063452 -0.763274
v -0.750565 -0.036548 -0.785334
v -0.763354 1.063452 -0.798123
v -0.741295 -0.036548 -0.776063
v -0.728506 1.063452 -0.763274
v -0.741295 -0.036548 -0.785334
v -0.728506 1.063452 -0.798123
v -0.763354 0.879445 -0.763274
v -0.763354 0.879445 -0.798123
v -0.728506 0.879445 -0.798123
v -0.728506 0.879445 -0.763274
v -0.754245 0.863495 -0.789013
v -0.737615 0.863495 -0.789013
v -0.737615 0.863495 -0.772383
v -0.754245 0.863495 -0.772383
v -0.757413 1.069793 -0.769215
v -0.757413 1.069793 -0.792182
v -0.734447 1.069793 -0.792182
v -0.734447 1.069793 -0.769215
v -0.753785 0.750989 -0.788553
v -0.753325 0.638484 -0.788093
v -0.752865 0.525979 -0.787633
v -0.752405 0.413474 -0.787174
v -0.751945 0.300968 -0.786714
v -0.751485 0.188463 -0.786254
v -0.751025 0.075958 -0.785794
v -0.738075 0.750989 -0.788553
v -0.738535 0.638484 -0.788093
v -0.738995 0.525979 -0.787633
v -0.739455 0.413474 -0.787174
v -0.739915 0.300968 -0.786714
v -0.740375 0.188463 -0.786254
v -0.740835 0.075958 -0.785794
v -0.738075 0.750989 -0.772843
v -0.738535 0.638484 -0.773303
v -0.738995 0.525979 -0.773763
v -0.739455 0.413474 -0.774223
v -0.739915 0.300968 -0.774683
v -0.740375 0.188463 -0.775143
v -0.740835 0.075958 -0.775603
v -0.751025 0.075958 -0.775603
v -0.751485 0.188463 -0.775143
v -0.751945 0.300968 -0.774683
v -0.752405 0.413474 -0.774223
v -0.752865 0.525979 -0.773763
v -0.753325 0.638484 -0.773303
v -0.753785 0.750990 -0.772843
v -0.815706 0.674908 -0.773303
v -0.816166 0.787414 -0.772843
v -0.738535 0.689386 -0.734048
v -0.738995 0.576881 -0.734508
v -0.752405 0.437643 -0.818968
v -0.751945 0.325138 -0.818508
v -0.706256 0.555774 -0.787633
v -0.706716 0.443269 -0.787174
v -0.530746 -0.036548 -0.776063
v -0.543535 1.063452 -0.763274
v -0.530746 -0.036548 -0.785334
v -0.543535 1.063452 -0.798123
v -0.521475 -0.036548 -0.776063
v -0.508686 1.063452 -0.763274
v -0.521475 -0.036548 -0.785334
v -0.508686 1.063452 -0.798123
v -0.543535 0.879445 -0.763274
v -0.543535 0.879445 -0.798123
v -0.508686 0.879445 -0.798123
v -0.508686 0.879445 -0.763274
v -0.534426 0.863495 -0.789013
v -0.517796 0.863495 -0.789013
v -0.517796 0.863495 -0.772383
v -0.534426 0.863495 -0.772383
v -0.537594 1.069793 -0.769215
v -0.537594 1.069793 -0.792182
v -0.514628 1.069793 -0.792182
v -0.514628 1.069793 -0.769215
v -0.533966 0.750989 -0.788553
v -0.533506 0.638484 -0.788093
v -0.533046 0.525979 -0.787633
v -0.532586 0.413474 -0.787174
v -0.532126 0.300968 -0.786714
v -0.531666 0.188463 -0.786254
v -0.531206 0.075958 -0.785794
v -0.518256 0.750989 -0.788553
v -0.518716 0.638484 -0.788093
v -0.519176 0.525979 -0.787633
v -0.519635 0.413474 -0.787174
v -0.520095 0.300968 -0.786714
v -0.520555 0.188463 -0.786254
v -0.521015 0.075958 -0.785794
v -0.518256 0.750989 -0.772843
v -0.518716 0.638484 -0.773303
v -0.519176 0.525979 -0.773763
v -0.519635 0.413474 -0.774223
v -0.520095 0.300968 -0.774683
v -0.520555 0.188463 -0.775143
v -0.521015 0.075958 -0.775603
v -0.531206 0.075958 -0.775603
v -0.531666 0.188463 -0.775143
v -0.532126 0.300968 -0.774683
v -0.532586 0.413474 -0.774223
v -0.533046 0.525979 -0.773763
v -0.533506 0.638484 -0.773303
v -0.533966 0.750990 -0.772843
v -0.595886 0.674908 -0.773303
v -0.596346 0.787414 -0.772843
v -0.518716 0.689386 -0.734048
v -0.519176 0.576881 -0.734508
v -0.532586 0.437643 -0.818968
v -0.532126 0.325138 -0.818508
v -0.486436 0.555774 -0.787633
v -0.486896 0.443269 -0.787174
v -0.310927 -0.036548 -0.776063
v -0.323716 1.063452 -0.763274
v -0.310927 -0.036548 -0.785334
v -0.323716 1.063452 -0.798123
v -0.301656 -0.036548 -0.776063
v -0.288867 1.063452 -0.763274
v -0.301656 -0.036548 -0.785334
v -0.288867 1.063452 -0.798123
v -0.323716 0.879445 -0.763274
v -0.323716 0.879445 -0.798123
v -0.288867 0.879445 -0.798123
v -0.288867 0.879445 -0.763274
v -0.314606 0.863495 -0.789013
v -0.297976 0.863495 -0.789013
v -0.297976 0.863495 -0.772383
v -0.314606 0.863495 -0.772383
v -0.317774 1.069793 -0.769215
v -0.317774 1.069793 -0.792182
v -0.294808 1.069793 -0.792182
v -0.294808 1.069793 -0.769215
v -0.314146 0.750989 -0.788553
v -0.313686 0.638484 -0.788093
v -0.313226 0.525979 -0.787633
v -0.312766 0.413474 -0.787174
v -0.312307 0.300968 -0.786714
v -0.311847 0.188463 -0.786254
v -0.311387 0.075958 -0.785794
v -0.298436 0.750989 -0.788553
v -0.298896 0.638484 -0.788093
v -0.299356 0.525979 -0.787633
v -0.299816 0.413474 -0.787174
v -0.300276 0.300968 -0.786714
v -0.300736 0.188463 -0.786254
v -0.301196 0.075958 -0.785794
v -0.298436 0.750989 -0.772843
v -0.298896 0.638484 -0.773303
v -0.299356 0.525979 -0.773763
v -0.299816 0.413474 -0.774223
v -0.300276 0.300968 -0.774683
v -0.300736 0.188463 -0.775143
v -0.301196 0.075958 -0.775603
v -0.311387 0.075958 -0.775603
v -0.311847 0.188463 -0.775143
v -0.312307 0.300968 -0.774683
v -0.312766 0.413474 -0.774223
v -0.313226 0.525979 -0.773763
v -0.313686 0.638484 -0.773303
v -0.314146 0.750990 -0.772843
v -0.376067 0.674908 -0.773303
v -0.376527 0.787414 -0.772843
v -0.298896 0.689386 -0.734048
v -0.299356 0.576881 -0.734508
v -0.312766 0.437643 -0.818968
v -0.312307 0.325138 -0.818508
v -0.266617 0.555774 -0.787633
v -0.267077 0.443269 -0.787174
v -0.091107 -0.036548 -0.776063
v -0.103896 1.063452 -0.763274
v -0.091107 -0.036548 -0.785334
v -0.103896 1.063452 -0.798123
v -0.081837 -0.036548 -0.776063
v -0.069048 1.063452 -0.763274
v -0.081837 -0.036548 -0.785334
v -0.069048 1.063452 -0.798123
v -0.103896 0.879445 -0.763274
v -0.103896 0.879445 -0.798123
v -0.069048 0.879445 -0.798123
v -0.069048 0.879445 -0.763274
v -0.094787 0.863495 -0.789013
v -0.078157 0.863495 -0.789013
v -0.078157 0.863495 -0.772383
v -0.094787 0.863495 -0.772383
v -0.097955 1.069793 -0.769215
v -0.097955 1.069793 -0.792182
v -0.074989 1.069793 -0.792182
v -0.074989 1.069793 -0.769215
v -0.094327 0.750989 -0.788553
v -0.093867 0.638484 -0.788093
v -0.093407 0.525979 -0.787633
v -0.092947 0.413474 -0.787174
v -0.092487 0.300968 -0.786714
v -0.092027 0.188463 -0.786254
v -0.091567 0.075958 -0.785794
v -0.078617 0.750989 -0.788553
v -0.079077 0.638484 -0.788093
v -0.079537 0.525979 -0.787633
v -0.079997 0.413474 -0.787174
v -0.080457 0.300968 -0.786714
v -0.080917 0.188463 -0.786254
v -0.081377 0.075958 -0.785794
v -0.078617 0.750989 -0.772843
v -0.079077 0.638484 -0.773303
v -0.079537 0.525979 -0.773763
v -0.079997 0.413474 -0.774223
v -0.080457 0.300968 -0.774683
v -0.080917 0.188463 -0.775143
v -0.081377 0.075958 -0.775603
v -0.091567 0.075958 -0.775603
v -0.092027 0.188463 -0.775143
v -0.092487 0.300968 -0.774683
v -0.092947 0.413474 -0.774223
v -0.093407 0.525979 -0.773763
v -0.093867 0.638484 -0.773303
v -0.094327 0.750990 -0.772843
v -0.156247 0.674908 -0.773303
v -0.156707 0.787414 -0.772843
v -0.079077 0.689386 -0.734048
v -0.079537 0.576881 -0.734508
v -0.092947 0.437643 -0.818968
v -0.092487 0.325138 -0.818508
v -0.046798 0.555774 -0.787633
v -0.047258 0.443269 -0.787174
v 0.128712 -0.036548 -0.776063
v 0.115923 1.063452 -0.763274
v 0.128712 -0.036548 -0.785334
v 0.115923 1.063452 -0.798123
v 0.137983 -0.036548 -0.776063
v 0.150772 1.063452 -0.763274
v 0.137983 -0.036548 -0.785334
v 0.150772 1.063452 -0.798123
v 0.115923 0.879445 -0.763274
v 0.115923 0.879445 -0.798123
v 0.150772 0.879445 -0.798123
v 0.150772 0.879445 -0.763274
v 0.125033 0.863495 -0.789013
v 0.141663 0.863495 -0.789013
v 0.141663 0.863495 -0.772383
v 0.125033 0.863495 -0.772383
v 0.121864 1.069793 -0.769215
v 0.121864 1.069793 -0.792182
v 0.144831 1.069793 -0.792182
v 0.144831 1.069793 -0.769215
v 0.125493 0.750989 -0.788553
v 0.125952 0.638484 -0.788093
v 0.126412 0.525979 -0.787633
v 0.126872 0.413474 -0.787174
v 0.127332 0.300968 -0.786714
v 0.127792 0.188463 -0.786254
v 0.128252 0.075958 -0.785794
v 0.141203 0.750989 -0.788553
v 0.140743 0.638484 -0.788093
v 0.140283 0.525979 -0.787633
v 0.139823 0.413474 -0.787174
v 0.139363 0.300968 -0.786714
v 0.138903 0.188463 -0.786254
v 0.138443 0.075958 -0.785794
v 0.141203 0.750989 -0.772843
v 0.140743 0.638484 -0.773303
v 0.140283 0.525979 -0.773763
v 0.139823 0.413474 -0.774223
v 0.139363 0.300968 -0.774683
v 0.138903 0.188463 -0.775143
v 0.138443 0.075958 -0.775603
v 0.128252 0.075958 -0.775603
v 0.127792 0.188463 -0.775143
v 0.127332 0.300968 -0.774683
v 0.126872 0.413474 -0.774223
v 0.126412 0.525979 -0.773763
v 0.125952 0.638484 -0.773303
v 0.125493 0.750990 -0.772843
v 0.063572 0.674908 -0.773303
v 0.063112 0.787414 -0.772843
v 0.140743 0.689386 -0.734048
v 0.140283 0.576881 -0.734508
v 0.126872 0.437643 -0.818968
v 0.127332 0.325138 -0.818508
v 0.173022 0.555774 -0.787633
v 0.172562 0.443269 -0.787174
v 0.348531 -0.036548 -0.776063
v 0.335743 1.063452 -0.763274
v 0.348531 -0.036548 -0.785334
v 0.335743 1.063452 -0.798123
v 0.357802 -0.036548 -0.776063
v 0.370591 1.063452 -0.763274
v 0.357802 -0.036548 -0.785334
v 0.370591 1.063452 -0.798123
v 0.335743 0.879445 -0.763274
v 0.335743 0.879445 -0.798123
v 0.370591 0.879445 -0.798123
v 0.370591 0.879445 -0.763274
v 0.344852 0.863495 -0.789013
v 0.361482 0.863495 -0.789013
v 0.361482 0.863495 -0.772383
v 0.344852 0.863495 -0.772383
v 0.341684 1.069793 -0.769215
v 0.341684 1.069793 -0.792182
v 0.364650 1.069793 -0.792182
v 0.364650 1.069793 -0.769215
v 0.345312 0.750989 -0.788553
v 0.345772 0.638484 -0.788093
v 0.346232 0.525979 -0.787633
v 0.346692 0.413474 -0.787174
v 0.347152 0.300968 -0.786714
v 0.347612 0.188463 -0.786254
v 0.348072 0.075958 -0.785794
v 0.361022 0.750989 -0.788553
v 0.360562 0.638484 -0.788093
v 0.360102 0.525979 -0.787633
v 0.359642 0.413474 -0.787174
v 0.359182 0.300968 -0.786714
v 0.358722 0.188463 -0.786254
v 0.358262 0.075958 -0.785794
v 0.361022 0.750989 -0.772843
v 0.360562 0.638484 -0.773303
v 0.360102 0.525979 -0.773763
v 0.359642 0.413474 -0.774223
v 0.359182 0.300968 -0.774683
v 0.358722 0.188463 -0.775143
v 0.358262 0.075958 -0.775603
v 0.348072 0.075958 -0.775603
v 0.347612 0.188463 -0.775143
v 0.347152 0.300968 -0.774683
v 0.346692 0.413474 -0.774223
v 0.346232 0.525979 -0.773763
v 0.345772 0.638484 -0.773303
v 0.345312 0.750990 -0.772843
v 0.283391 0.674908 -0.773303
v 0.282932 0.787414 -0.772843
v 0.360562 0.689386 -0.734048
v 0.360102 0.576881 -0.734508
v 0.346692 0.437643 -0.818968
v 0.347152 0.325138 -0.818508
v 0.392841 0.555774 -0.787633
v 0.392381 0.443269 -0.787174
v 0.568351 -0.036548 -0.776063
v 0.555562 1.063452 -0.763274
v 0.568351 -0.036548 -0.785334
v 0.555562 1.063452 -0.798123
v 0.577622 -0.036548 -0.776063
v 0.590410 1.063452 -0.763274
v 0.577622 -0.036548 -0.785334
v 0.590410 1.063452 -0.798123
v 0.555562 0.879445 -0.763274
v 0.555562 0.879445 -0.798123
v 0.590410 0.879445 -0.798123
v 0.590410 0.879445 -0.763274
v 0.564671 0.863495 -0.789013
v 0.581301 0.863495 -0.789013
v 0.581301 0.863495 -0.772383
v 0.564671 0.863495 -0.772383
v 0.561503 1.069793 -0.769215
v 0.561503 1.069793 -0.792182
v 0.584469 1.069793 -0.792182
v 0.584469 1.069793 -0.769215
v 0.565131 0.750989 -0.788553
v 0.565591 0.638484 -0.788093
v 0.566051 0.525979 -0.787633
v 0.566511 0.413474 -0.787174
v 0.566971 0.300968 -0.786714
v 0.567431 0.188463 -0.786254
v 0.567891 0.075958 -0.785794
v 0.580841 0.750989 -0.788553
v 0.580381 0.638484 -0.788093
v 0.579921 0.525979 -0.787633
v 0.579461 0.413474 -0.787174
v 0.579001 0.300968 -0.786714
v 0.578542 0.188463 -0.786254
v 0.578082 0.075958 -0.785794
v 0.580841 0.750989 -0.772843
v 0.580381 0.638484 -0.773303
v 0.579921 0.525979 -0.773763
v 0.579461 0.413474 -0.774223
v 0.579001 0.300968 -0.774683
v 0.578542 0.188463 -0.775143
v 0.578082 0.075958 -0.775603
v 0.567891 0.075958 -0.775603
v 0.567431 0.188463 -0.775143
v 0.566971 0.300968 -0.774683
v 0.566511 0.413474 -0.774223
v 0.566051 0.525979 -0.773763
v 0.565591 0.638484 -0.773303
v 0.565131 0.750990 -0.772843
v 0.503211 0.674908 -0.773303
v 0.502751 0.787414 -0.772843
v 0.580381 0.689386 -0.734048
v 0.579921 0.576881 -0.734508
v 0.566511 0.437643 -0.818968
v 0.566971 0.325138 -0.818508
v 0.612661 0.555774 -0.787633
v 0.612201 0.443269 -0.787174
v 0.788170 -0.036548 -0.776063
v 0.775381 1.063452 -0.763274
v 0.788170 -0.036548 -0.785334
v 0.775381 1.063452 -0.798123
v 0.797441 -0.036548 -0.776063
v 0.810230 1.063452 -0.763274
v 0.797441 -0.036548 -0.785334
v 0.810230 1.063452 -0.798123
v 0.775381 0.879445 -0.763274
v 0.775381 0.879445 -0.798123
v 0.810230 0.879445 -0.798123
v 0.810230 0.879445 -0.763274
v 0.784491 0.863495 -0.789013
v 0.801121 0.863495 -0.789013
v 0.801121 0.863495 -0.772383
v 0.784491 0.863495 -0.772383
v 0.781322 1.069793 -0.769215
v 0.781322 1.069793 -0.792182
v 0.804289 1.069793 -0.792182
v 0.804289 1.069793 -0.769215
v 0.784951 0.750989 -0.788553
v 0.785411 0.638484 -0.788093
v 0.785871 0.525979 -0.787633
v 0.786330 0.413474 -0.787174
v 0.786790 0.300968 -0.786714
v 0.787250 0.188463 -0.786254
v 0.787710 0.075958 -0.785794
v 0.800661 0.750989 -0.788553
v 0.800201 0.638484 -0.788093
v 0.799741 0.525979 -0.787633
v 0.799281 0.413474 -0.787174
v 0.798821 0.300968 -0.786714
v 0.798361 0.188463 -0.786254
v 0.797901 0.075958 -0.785794
v 0.800661 0.750989 -0.772843
v 0.800201 0.638484 -0.773303
v 0.799741 0.525979 -0.773763
v 0.799281 0.413474 -0.774223
v 0.798821 0.300968 -0.774683
v 0.798361 0.188463 -0.775143
v 0.797901 0.075958 -0.775603
v 0.787710 0.075958 -0.775603
v 0.787250 0.188463 -0.775143
v 0.786790 0.300968 -0.774683
v 0.786330 0.413474 -0.774223
v 0.785871 0.525979 -0.773763
v 0.785411 0.638484 -0.773303
v 0.784951 0.750990 -0.772843
v 0.723030 0.674908 -0.773303
v 0.722570 0.787414 -0.772843
v 0.800201 0.689386 -0.734048
v 0.799741 0.576881 -0.734508
v 0.786330 0.437643 -0.818968
v 0.786790 0.325138 -0.818508
v 0.832480 0.555774 -0.787633
v 0.832020 0.443269 -0.787174
vn -1.0000 -0.0000 -0.0000
vn -0.0000 -0.0000 -1.0000
vn 1.0000 -0.0000 -0.0000
vn -0.0000 -0.0000 1.0000
vn -0.0000 -1.0000 -0.0000
vn 0.7297 0.6838 -0.0000
vn -0.0000 -0.4959 0.8684
vn 0.8684 -0.4959 -0.0000
vn -0.0000 -0.4959 -0.8684
vn -0.8684 -0.4959 -0.0000
vn -1.0000 -0.0041 -0.0000
vn -0.0000 -0.0041 -1.0000
vn 1.0000 -0.0041 -0.0000
vn -0.0000 -0.0041 1.0000
vn -0.0000 1.0000 -0.0000
vn -0.7297 0.6838 -0.0000
vn -0.0000 0.6838 0.7297
vn -0.0000 0.6838 -0.7297
vn 0.0024 0.0041 -1.0000
vn 1.0000 -0.0041 0.0053
vn -1.0000 -0.0041 -0.0031
vn 0.0037 -0.0041 -1.0000
vt 0.583180 0.000000
vt 0.625000 0.000000
vt 0.625000 0.250000
vt 0.583180 0.250000
vt 0.625000 0.500000
vt 0.583180 0.500000
vt 0.625000 0.750000
vt 0.583180 0.750000
vt 0.625000 1.000000
vt 0.583180 1.000000
vt 0.125000 0.500000
vt 0.375000 0.500000
vt 0.375000 0.750000
vt 0.125000 0.750000
vt 0.579555 0.750000
vt 0.579555 1.000000
vt 0.579555 0.500000
vt 0.579555 0.250000
vt 0.579555 0.000000
vt 0.553986 0.000000
vt 0.553986 0.250000
vt 0.553986 0.500000
vt 0.553986 0.750000
vt 0.553986 1.000000
vt 0.875000 0.500000
vt 0.875000 0.750000
vt 0.400569 0.750000
vt 0.400569 1.000000
vt 0.375000 1.000000
vt 0.426139 0.750000
vt 0.426139 1.000000
vt 0.451708 0.750000
vt 0.451708 1.000000
vt 0.477278 0.750000
vt 0.477278 1.000000
vt 0.502847 0.750000
vt 0.502847 1.000000
vt 0.528416 0.750000
vt 0.528416 1.000000
vt 0.400569 0.500000
vt 0.426139 0.500000
vt 0.451708 0.500000
vt 0.477278 0.500000
vt 0.502847 0.500000
vt 0.528416 0.500000
vt 0.375000 0.250000
vt 0.400569 0.250000
vt 0.426139 0.250000
vt 0.451708 0.250000
vt 0.477278 0.250000
vt 0.502847 0.250000
vt 0.528416 0.250000
vt 0.375000 0.000000
vt 0.400569 0.000000
vt 0.426139 0.000000
vt 0.451708 0.000000
vt 0.477278 0.000000
vt 0.502847 0.000000
vt 0.528416 0.000000
s 0
usemtl Material.006
f 250/106/39 243/107/39 245/108/39 251/109/39
f 251/109/40 245/108/40 249/110/40 252/111/40
f 252/111/41 249/110/41 247/112/41 253/113/41
f 253/113/42 247/112/42 243/114/42 250/115/42
f 244/116/43 248/117/43 246/118/43 242/119/43
f 247/112/44 249/110/44 260/110/44 261/112/44
f 256/120/45 253/113/45 250/115/45 257/121/45
f 255/122/46 252/111/46 253/113/46 256/120/46
f 254/123/47 251/109/47 252/111/47 255/122/47
f 257/124/48 250/106/48 251/109/48 254/123/48
f 289/125/49 257/124/49 254/123/49 262/126/49
f 262/126/50 254/123/50 255/122/50 269/127/50
f 269/127/51 255/122/51 256/120/51 276/128/51
f 276/128/52 256/120/52 257/121/52 289/129/52
f 260/110/53 259/130/53 258/131/53 261/112/53
f 245/108/54 243/107/54 258/107/54 259/108/54
f 243/114/55 247/112/55 261/112/55 258/114/55
f 249/110/56 245/108/56 259/108/56 260/110/56
f 246/118/52 282/132/52 283/133/52 242/134/52
f 282/132/52 281/135/52 284/136/52 283/133/52
f 281/135/52 280/137/52 285/138/52 284/136/52
f 280/137/52 279/139/52 286/140/52 285/138/52
f 279/139/52 278/141/52 287/142/52 286/140/52
f 278/141/52 277/143/52 288/144/52 287/142/52
f 277/143/52 276/128/52 289/129/52 288/144/52
f 248/117/51 275/145/51 282/132/51 246/118/51
f 275/145/51 274/146/51 281/135/51 282/132/51
f 274/146/51 273/147/51 280/137/51 281/135/51
f 273/147/51 272/148/51 279/139/51 280/137/51
f 272/148/51 271/149/51 278/141/51 279/139/51
f 271/149/51 270/150/51 277/143/51 278/141/51
f 270/150/51 269/127/51 276/128/51 277/143/51
f 244/151/50 268/152/50 275/145/50 248/117/50
f 268/152/50 267/153/50 274/146/50 275/145/50
f 267/153/50 266/154/50 273/147/50 274/146/50
f 266/154/50 265/155/50 272/148/50 273/147/50
f 265/155/50 264/156/50 271/149/50 272/148/50
f 264/156/50 263/157/50 270/150/50 271/149/50
f 263/157/50 262/126/50 269/127/50 270/150/50
f 242/158/49 283/159/49 268/152/49 244/151/49
f 283/159/49 284/160/49 267/153/49 268/152/49
f 284/160/49 285/161/49 266/154/49 267/153/49
f 285/161/49 286/162/49 265/155/49 266/154/49
f 286/162/49 287/163/49 264/156/49 265/155/49
f 287/163/49 288/164/49 263/157/49 264/156/49
f 288/164/49 289/125/49 262/126/49 263/157/49
f 289/129/57 288/144/57 290/144/57 291/129/57
f 278/141/58 277/143/58 292/143/58 293/141/58
f 266/154/59 265/155/59 294/155/59 295/154/59
f 272/148/60 271/149/60 296/149/60 297/148/60
f 306/106/39 299/107/39 301/108/39 307/109/39
f 307/109/40 301/108/40 305/110/40 308/111/40
f 308/111/41 305/110/41 303/112/41 309/113/41
f 309/113/42 303/112/42 299/114/42 306/115/42
f 300/116/43 304/117/43 302/118/43 298/119/43
f 303/112/44 305/110/44 316/110/44 317/112/44
f 312/120/45 309/113/45 306/115/45 313/121/45
f 311/122/46 308/111/46 309/113/46 312/120/46
f 310/123/47 307/109/47 308/111/47 311/122/47
f 313/124/48 306/106/48 307/109/48 310/123/48
f 345/125/49 313/124/49 310/123/49 318/126/49
f 318/126/50 310/123/50 311/122/50 325/127/50
f 325/127/51 311/122/51 312/120/51 332/128/51
f 332/128/52 312/120/52 313/121/52 345/129/52
f 316/110/53 315/130/53 314/131/53 317/112/53
f 301/108/54 299/107/54 314/107/54 315/108/54
f 299/114/55 303/112/55 317/112/55 314/114/55
f 305/110/56 301/108/56 315/108/56 316/110/56
f 302/118/52 338/132/52 339/133/52 298/134/52
f 338/132/52 337/135/52 340/136/52 339/133/52
f 337/135/52 336/137/52 341/138/52 340/136/52
f 336/137/52 335/139/52 342/140/52 341/138/52
f 335/139/52 334/141/52 343/142/52 342/140/52
f 334/141/52 333/143/52 344/144/52 343/142/52
f 333/143/52 332/128/52 345/129/52 344/144/52
f 304/117/51 331/145/51 338/132/51 302/118/51
f 331/145/51 330/146/51 337/135/51 338/132/51
f 330/146/51 329/147/51 336/137/51 337/135/51
f 329/147/51 328/148/51 335/139/51 336/137/51
f 328/148/51 327/149/51 334/141/51 335/139/51
f 327/149/51 326/150/51 333/143/51 334/141/51
f 326/150/51 325/127/51 332/128/51 333/143/51
f 300/151/50 324/152/50 331/145/50 304/117/50
f 324/152/50 323/153/50 330/146/50 331/145/50
f 323/153/50 322/154/50 329/147/50 330/146/50
f 322/154/50 321/155/50 328/148/50 329/147/50
f 321/155/50 320/156/50 327/149/50 328/148/50
f 320/156/50 319/157/50 326/150/50 327/149/50
f 319/157/50 318/126/50 325/127/50 326/150/50
f 298/158/49 339/159/49 324/152/49 300/151/49
f 339/159/49 340/160/49 323/153/49 324/152/49
f 340/160/49 341/161/49 322/154/49 323/153/49
f 341/161/49 342/162/49 321/155/49 322/154/49
f 342/162/49 343/163/49 320/156/49 321/155/49
f 343/163/49 344/164/49 319/157/49 320/156/49
f 344/164/49 345/125/49 318/126/49 319/157/49
f 345/129/57 344/144/57 346/144/57 347/129/57
f 334/141/58 333/143/58 348/143/58 349/141/58
f 322/154/59 321/155/59 350/155/59 351/154/59
f 328/148/60 327/149/60 352/149/60 353/148/60
f 362/106/39 355/107/39 357/108/39 363/109/39
f 363/109/40 357/108/40 361/110/40 364/111/40
f 364/111/41 361/110/41 359/112/41 365/113/41
f 365/113/42 359/112/42 355/114/42 362/115/42
f 356/116/43 360/117/43 358/118/43 354/119/43
f 359/112/44 361/110/44 372/110/44 373/112/44
f 368/120/45 365/113/45 362/115/45 369/121/45
f 367/122/46 364/111/46 365/113/46 368/120/46
f 366/123/47 363/109/47 364/111/47 367/122/47
f 369/124/48 362/106/48 363/109/48 366/123/48
f 401/125/49 369/124/49 366/123/49 374/126/49
f 374/126/50 366/123/50 367/122/50 381/127/50
f 381/127/51 367/122/51 368/120/51 388/128/51
f 388/128/52 368/120/52 369/121/52 401/129/52
f 372/110/53 371/130/53 370/131/53 373/112/53
f 357/108/54 355/107/54 370/107/54 371/108/54
f 355/114/55 359/112/55 373/112/55 370/114/55
f 361/110/56 357/108/56 371/108/56 372/110/56
f 358/118/52 394/132/52 395/133/52 354/134/52
f 394/132/52 393/135/52 396/136/52 395/133/52
f 393/135/52 392/137/52 397/138/52 396/136/52
f 392/137/52 391/139/52 398/140/52 397/138/52
f 391/139/52 390/141/52 399/142/52 398/140/52
f 390/141/52 389/143/52 400/144/52 399/142/52
f 389/143/52 388/128/52 401/129/52 400/144/52
f 360/117/51 387/145/51 394/132/51 358/118/51
f 387/145/51 386/146/51 393/135/51 394/132/51
f 386/146/51 385/147/51 392/137/51 393/135/51
f 385/147/51 384/148/51 391/139/51 392/137/51
f 384/148/51 383/149/51 390/141/51 391/139/51
f 383/149/51 382/150/51 389/143/51 390/141/51
f 382/150/51 381/127/51 388/128/51 389/143/51
f 356/151/50 380/152/50 387/145/50 360/117/50
f 380/152/50 379/153/50 386/146/50 387/145/50
f 379/153/50 378/154/50 385/147/50 386/146/50
f 378/154/50 377/155/50 384/148/50 385/147/50
f 377/155/50 376/156/50 383/149/50 384/148/50
f 376/156/50 375/157/50 382/150/50 383/149/50
f 375/157/50 374/126/50 381/127/50 382/150/50
f 354/158/49 395/159/49 380/152/49 356/151/49
f 395/159/49 396/160/49 379/153/49 380/152/49
f 396/160/49 397/161/49 378/154/49 379/153/49
f 397/161/49 398/162/49 377/155/49 378/154/49
f 398/162/49 399/163/49 376/156/49 377/155/49
f 399/163/49 400/164/49 375/157/49 376/156/49
f 400/164/49 401/125/49 374/126/49 375/157/49
f 401/129/57 400/144/57 402/144/57 403/129/57
f 390/141/58 389/143/58 404/143/58 405/141/58
f 378/154/59 377/155/59 406/155/59 407/154/59
f 384/148/60 383/149/60 408/149/60 409/148/60
f 418/106/39 411/107/39 413/108/39 419/109/39
f 419/109/40 413/108/40 417/110/40 420/111/40
f 420/111/41 417/110/41 415/112/41 421/113/41
f 421/113/42 415/112/42 411/114/42 418/115/42
f 412/116/43 416/117/43 414/118/43 410/119/43
f 415/112/44 417/110/44 428/110/44 429/112/44
f 424/120/45 421/113/45 418/115/45 425/121/45
f 423/122/46 420/111/46 421/113/46 424/120/46
f 422/123/47 419/109/47 420/111/47 423/122/47
f 425/124/48 418/106/48 419/109/48 422/123/48
f 457/125/49 425/124/49 422/123/49 430/126/49
f 430/126/50 422/123/50 423/122/50 437/127/50
f 437/127/51 423/122/51 424/120/51 444/128/51
f 444/128/52 424/120/52 425/121/52 457/129/52
f 428/110/53 427/130/53 426/131/53 429/112/53
f 413/108/54 411/107/54 426/107/54 427/108/54
f 411/114/55 415/112/55 429/112/55 426/114/55
f 417/110/56 413/108/56 427/108/56 428/110/56
f 414/118/52 450/132/52 451/133/52 410/134/52
f 450/132/52 449/135/52 452/136/52 451/133/52
f 449/135/52 448/137/52 453/138/52 452/136/52
f 448/137/52 447/139/52 454/140/52 453/138/52
f 447/139/52 446/141/52 455/142/52 454/140/52
f 446/141/52 445/143/52 456/144/52 455/142/52
f 445/143/52 444/128/52 457/129/52 456/144/52
f 416/117/51 443/145/51 450/132/51 414/118/51
f 443/145/51 442/146/51 449/135/51 450/132/51
f 442/146/51 441/147/51 448/137/51 449/135/51
f 441/147/51 440/148/51 447/139/51 448/137/51
f 440/148/51 439/149/51 446/141/51 447/139/51
f 439/149/51 438/150/51 445/143/51 446/141/51
f 438/150/51 437/127/51 444/128/51 445/143/51
f 412/151/50 436/152/50 443/145/50 416/117/50
f 436/152/50 435/153/50 442/146/50 443/145/50
f 435/153/50 434/154/50 441/147/50 442/146/50
f 434/154/50 433/155/50 440/148/50 441/147/50
f 433/155/50 432/156/50 439/149/50 440/148/50
f 432/156/50 431/157/50 438/150/50 439/149/50
f 431/157/50 430/126/50 437/127/50 438/150/50
f 410/158/49 451/159/49 436/152/49 412/151/49
f 451/159/49 452/160/49 435/153/49 436/152/49
f 452/160/49 453/161/49 434/154/49 435/153/49
f 453/161/49 454/162/49 433/155/49 434/154/49
f 454/162/49 455/163/49 432/156/49 433/155/49
f 455/163/49 456/164/49 431/157/49 432/156/49
f 456/164/49 457/125/49 430/126/49 431/157/49
f 457/129/57 456/144/57 458/144/57 459/129/57
f 446/141/58 445/143/58 460/143/58 461/141/58
f 434/154/59 433/155/59 462/155/59 463/154/59
f 440/148/60 439/149/60 464/149/60 465/148/60
f 474/106/39 467/107/39 469/108/39 475/109/39
f 475/109/40 469/108/40 473/110/40 476/111/40
f 476/111/41 473/110/41 471/112/41 477/113/41
f 477/113/42 471/112/42 467/114/42 474/115/42
f 468/116/43 472/117/43 470/118/43 466/119/43
f 471/112/44 473/110/44 484/110/44 485/112/44
f 480/120/45 477/113/45 474/115/45 481/121/45
f 479/122/46 476/111/46 477/113/46 480/120/46
f 478/123/47 475/109/47 476/111/47 479/122/47
f 481/124/48 474/106/48 475/109/48 478/123/48
f 513/125/49 481/124/49 478/123/49 486/126/49
f 486/126/50 478/123/50 479/122/50 493/127/50
f 493/127/51 479/122/51 480/120/51 500/128/51
f 500/128/52 480/120/52 481/121/52 513/129/52
f 484/110/53 483/130/53 482/131/53 485/112/53
f 469/108/54 467/107/54 482/107/54 483/108/54
f 467/114/55 471/112/55 485/112/55 482/114/55
f 473/110/56 469/108/56 483/108/56 484/110/56
f 470/118/52 506/132/52 507/133/52 466/134/52
f 506/132/52 505/135/52 508/136/52 507/133/52
f 505/135/52 504/137/52 509/138/52 508/136/52
f 504/137/52 503/139/52 510/140/52 509/138/52
f 503/139/52 502/141/52 511/142/52 510/140/52
f 502/141/52 501/143/52 512/144/52 511/142/52
f 501/143/52 500/128/52 513/129/52 512/144/52
f 472/117/51 499/145/51 506/132/51 470/118/51
f 499/145/51 498/146/51 505/135/51 506/132/51
f 498/146/51 497/147/51 504/137/51 505/135/51
f 497/147/51 496/148/51 503/139/51 504/137/51
f 496/148/51 495/149/51 502/141/51 503/139/51
f 495/149/51 494/150/51 501/143/51 502/141/51
f 494/150/51 493/127/51 500/128/51 501/143/51
f 468/151/50 492/152/50 499/145/50 472/117/50
f 492/152/50 491/153/50 498/146/50 499/145/50
f 491/153/50 490/154/50 497/147/50 498/146/50
f 490/154/50 489/155/50 496/148/50 497/147/50
f 489/155/50 488/156/50 495/149/50 496/148/50
f 488/156/50 487/157/50 494/150/50 495/149/50
f 487/157/50 486/126/50 493/127/50 494/150/50
f 466/158/49 507/159/49 492/152/49 468/151/49
f 507/159/49 508/160/49 491/153/49 492/152/49
f 508/160/49 509/161/49 490/154/49 491/153/49
f 509/161/49 510/162/49 489/155/49 490/154/49
f 510/162/49 511/163/49 488/156/49 489/155/49
f 511/163/49 512/164/49 487/157/49 488/156/49
f 512/164/49 513/125/49 486/126/49 487/157/49
f 513/129/57 512/144/57 514/144/57 515/129/57
f 502/141/58 501/143/58 516/143/58 517/141/58
f 490/154/59 489/155/59 518/155/59 519/154/59
f 496/148/60 495/149/60 520/149/60 521/148/60
f 530/106/39 523/107/39 525/108/39 531/109/39
f 531/109/40 525/108/40 529/110/40 532/111/40
f 532/111/41 529/110/41 527/112/41 533/113/41
f 533/113/42 527/112/42 523/114/42 530/115/42
f 524/116/43 528/117/43 526/118/43 522/119/43
f 527/112/44 529/110/44 540/110/44 541/112/44
f 536/120/45 533/113/45 530/115/45 537/121/45
f 535/122/46 532/111/46 533/113/46 536/120/46
f 534/123/47 531/109/47 532/111/47 535/122/47
f 537/124/48 530/106/48 531/109/48 534/123/48
f 569/125/49 537/124/49 534/123/49 542/126/49
f 542/126/50 534/123/50 535/122/50 549/127/50
f 549/127/51 535/122/51 536/120/51 556/128/51
f 556/128/52 536/120/52 537/121/52 569/129/52
f 540/110/53 539/130/53 538/131/53 541/112/53
f 525/108/54 523/107/54 538/107/54 539/108/54
f 523/114/55 527/112/55 541/112/55 538/114/55
f 529/110/56 525/108/56 539/108/56 540/110/56
f 526/118/52 562/132/52 563/133/52 522/134/52
f 562/132/52 561/135/52 564/136/52 563/133/52
f 561/135/52 560/137/52 565/138/52 564/136/52
f 560/137/52 559/139/52 566/140/52 565/138/52
f 559/139/52 558/141/52 567/142/52 566/140/52
f 558/141/52 557/143/52 568/144/52 567/142/52
f 557/143/52 556/128/52 569/129/52 568/144/52
f 528/117/51 555/145/51 562/132/51 526/118/51
f 555/145/51 554/146/51 561/135/51 562/132/51
f 554/146/51 553/147/51 560/137/51 561/135/51
f 553/147/51 552/148/51 559/139/51 560/137/51
f 552/148/51 551/149/51 558/141/51 559/139/51
f 551/149/51 550/150/51 557/143/51 558/141/51
f 550/150/51 549/127/51 556/128/51 557/143/51
f 524/151/50 548/152/50 555/145/50 528/117/50
f 548/152/50 547/153/50 554/146/50 555/145/50
f 547/153/50 546/154/50 553/147/50 554/146/50
f 546/154/50 545/155/50 552/148/50 553/147/50
f 545/155/50 544/156/50 551/149/50 552/148/50
f 544/156/50 543/157/50 550/150/50 551/149/50
f 543/157/50 542/126/50 549/127/50 550/150/50
f 522/158/49 563/159/49 548/152/49 524/151/49
f 563/159/49 564/160/49 547/153/49 548/152/49
f 564/160/49 565/161/49 546/154/49 547/153/49
f 565/161/49 566/162/49 545/155/49 546/154/49
f 566/162/49 567/163/49 544/156/49 545/155/49
f 567/163/49 568/164/49 543/157/49 544/156/49
f 568/164/49 569/125/49 542/126/49 543/157/49
f 569/129/57 568/144/57 570/144/57 571/129/57
f 558/141/58 557/143/58 572/143/58 573/141/58
f 546/154/59 545/155/59 574/155/59 575/154/59
f 552/148/60 551/149/60 576/149/60 577/148/60
f 586/106/39 579/107/39 581/108/39 587/109/39
f 587/109/40 581/108/40 585/110/40 588/111/40
f 588/111/41 585/110/41 583/112/41 589/113/41
f 589/113/42 583/112/42 579/114/42 586/115/42
f 580/116/43 584/117/43 582/118/43 578/119/43
f 583/112/44 585/110/44 596/110/44 597/112/44
f 592/120/45 589/113/45 586/115/45 593/121/45
f 591/122/46 588/111/46 589/113/46 592/120/46
f 590/123/47 587/109/47 588/111/47 591/122/47
f 593/124/48 586/106/48 587/109/48 590/123/48
f 625/125/49 593/124/49 590/123/49 598/126/49
f 598/126/50 590/123/50 591/122/50 605/127/50
f 605/127/51 591/122/51 592/120/51 612/128/51
f 612/128/52 592/120/52 593/121/52 625/129/52
f 596/110/53 595/130/53 594/131/53 597/112/53
f 581/108/54 579/107/54 594/107/54 595/108/54
f 579/114/55 583/112/55 597/112/55 594/114/55
f 585/110/56 581/108/56 595/108/56 596/110/56
f 582/118/52 618/132/52 619/133/52 578/134/52
f 618/132/52 617/135/52 620/136/52 619/133/52
f 617/135/52 616/137/52 621/138/52 620/136/52
f 616/137/52 615/139/52 622/140/52 621/138/52
f 615/139/52 614/141/52 623/142/52 622/140/52
f 614/141/52 613/143/52 624/144/52 623/142/52
f 613/143/52 612/128/52 625/129/52 624/144/52
f 584/117/51 611/145/51 618/132/51 582/118/51
f 611/145/51 610/146/51 617/135/51 618/132/51
f 610/146/51 609/147/51 616/137/51 617/135/51
f 609/147/51 608/148/51 615/139/51 616/137/51
f 608/148/51 607/149/51 614/141/51 615/139/51
f 607/149/51 606/150/51 613/143/51 614/141/51
f 606/150/51 605/127/51 612/128/51 613/143/51
f 580/151/50 604/152/50 611/145/50 584/117/50
f 604/152/50 603/153/50 610/146/50 611/145/50
f 603/153/50 602/154/50 609/147/50 610/146/50
f 602/154/50 601/155/50 608/148/50 609/147/50
f 601/155/50 600/156/50 607/149/50 608/148/50
f 600/156/50 599/157/50 606/150/50 607/149/50
f 599/157/50 598/126/50 605/127/50 606/150/50
f 578/158/49 619/159/49 604/152/49 580/151/49
f 619/159/49 620/160/49 603/153/49 604/152/49
f 620/160/49 621/161/49 602/154/49 603/153/49
f 621/161/49 622/162/49 601/155/49 602/154/49
f 622/162/49 623/163/49 600/156/49 601/155/49
f 623/163/49 624/164/49 599/157/49 600/156/49
f 624/164/49 625/125/49 598/126/49 599/157/49
f 625/129/57 624/144/57 626/144/57 627/129/57
f 614/141/58 613/143/58 628/143/58 629/141/58
f 602/154/59 601/155/59 630/155/59 631/154/59
f 608/148/60 607/149/60 632/149/60 633/148/60
f 642/106/39 635/107/39 637/108/39 643/109/39
f 643/109/40 637/108/40 641/110/40 644/111/40
f 644/111/41 641/110/41 639/112/41 645/113/41
f 645/113/42 639/112/42 635/114/42 642/115/42
f 636/116/43 640/117/43 638/118/43 634/119/43
f 639/112/44 641/110/44 652/110/44 653/112/44
f 648/120/45 645/113/45 642/115/45 649/121/45
f 647/122/46 644/111/46 645/113/46 648/120/46
f 646/123/47 643/109/47 644/111/47 647/122/47
f 649/124/48 642/106/48 643/109/48 646/123/48
f 681/125/49 649/124/49 646/123/49 654/126/49
f 654/126/50 646/123/50 647/122/50 661/127/50
f 661/127/51 647/122/51 648/120/51 668/128/51
f 668/128/52 648/120/52 649/121/52 681/129/52
f 652/110/53 651/130/53 650/131/53 653/112/53
f 637/108/54 635/107/54 650/107/54 651/108/54
f 635/114/55 639/112/55 653/112/55 650/114/55
f 641/110/56 637/108/56 651/108/56 652/110/56
f 638/118/52 674/132/52 675/133/52 634/134/52
f 674/132/52 673/135/52 676/136/52 675/133/52
f 673/135/52 672/137/52 677/138/52 676/136/52
f 672/137/52 671/139/52 678/140/52 677/138/52
f 671/139/52 670/141/52 679/142/52 678/140/52
f 670/141/52 669/143/52 680/144/52 679/142/52
f 669/143/52 668/128/52 681/129/52 680/144/52
f 640/117/51 667/145/51 674/132/51 638/118/51
f 667/145/51 666/146/51 673/135/51 674/132/51
f 666/146/51 665/147/51 672/137/51 673/135/51
f 665/147/51 664/148/51 671/139/51 672/137/51
f 664/148/51 663/149/51 670/141/51 671/139/51
f 663/149/51 662/150/51 669/143/51 670/141/51
f 662/150/51 661/127/51 668/128/51 669/143/51
f 636/151/50 660/152/50 667/145/50 640/117/50
f 660/152/50 659/153/50 666/146/50 667/145/50
f 659/153/50 658/154/50 665/147/50 666/146/50
f 658/154/50 657/155/50 664/148/50 665/147/50
f 657/155/50 656/156/50 663/149/50 664/148/50
f 656/156/50 655/157/50 662/150/50 663/149/50
f 655/157/50 654/126/50 661/127/50 662/150/50
f 634/158/49 675/159/49 660/152/49 636/151/49
f 675/159/49 676/160/49 659/153/49 660/152/49
f 676/160/49 677/161/49 658/154/49 659/153/49
f 677/161/49 678/162/49 657/155/49 658/154/49
f 678/162/49 679/163/49 656/156/49 657/155/49
f 679/163/49 680/164/49 655/157/49 656/156/49
f 680/164/49 681/125/49 654/126/49 655/157/49
f 681/129/57 680/144/57 682/144/57 683/129/57
f 670/141/58 669/143/58 684/143/58 685/141/58
f 658/154/59 657/155/59 686/155/59 687/154/59
f 664/148/60 663/149/60 688/149/60 689/148/60
f 698/106/39 691/107/39 693/108/39 699/109/39
f 699/109/40 693/108/40 697/110/40 700/111/40
f 700/111/41 697/110/41 695/112/41 701/113/41
f 701/113/42 695/112/42 691/114/42 698/115/42
f 692/116/43 696/117/43 694/118/43 690/119/43
f 695/112/44 697/110/44 708/110/44 709/112/44
f 704/120/45 701/113/45 698/115/45 705/121/45
f 703/122/46 700/111/46 701/113/46 704/120/46
f 702/123/47 699/109/47 700/111/47 703/122/47
f 705/124/48 698/106/48 699/109/48 702/123/48
f 737/125/49 705/124/49 702/123/49 710/126/49
f 710/126/50 702/123/50 703/122/50 717/127/50
f 717/127/51 703/122/51 704/120/51 724/128/51
f 724/128/52 704/120/52 705/121/52 737/129/52
f 708/110/53 707/130/53 706/131/53 709/112/53
f 693/108/54 691/107/54 706/107/54 707/108/54
f 691/114/55 695/112/55 709/112/55 706/114/55
f 697/110/56 693/108/56 707/108/56 708/110/56
f 694/118/52 730/132/52 731/133/52 690/134/52
f 730/132/52 729/135/52 732/136/52 731/133/52
f 729/135/52 728/137/52 733/138/52 732/136/52
f 728/137/52 727/139/52 734/140/52 733/138/52
f 727/139/52 726/141/52 735/142/52 734/140/52
f 726/141/52 725/143/52 736/144/52 735/142/52
f 725/143/52 724/128/52 737/129/52 736/144/52
f 696/117/51 723/145/51 730/132/51 694/118/51
f 723/145/51 722/146/51 729/135/51 730/132/51
f 722/146/51 721/147/51 728/137/51 729/135/51
f 721/147/51 720/148/51 727/139/51 728/137/51
f 720/148/51 719/149/51 726/141/51 727/139/51
f 719/149/51 718/150/51 725/143/51 726/141/51
f 718/150/51 717/127/51 724/128/51 725/143/51
f 692/151/50 716/152/50 723/145/50 696/117/50
f 716/152/50 715/153/50 722/146/50 723/145/50
f 715/153/50 714/154/50 721/147/50 722/146/50
f 714/154/50 713/155/50 720/148/50 721/147/50
f 713/155/50 712/156/50 719/149/50 720/148/50
f 712/156/50 711/157/50 718/150/50 719/149/50
f 711/157/50 710/126/50 717/127/50 718/150/50
f 690/158/49 731/159/49 716/152/49 692/151/49
f 731/159/49 732/160/49 715/153/49 716/152/49
f 732/160/49 733/161/49 714/154/49 715/153/49
f 733/161/49 734/162/49 713/155/49 714/154/49
f 734/162/49 735/163/49 712/156/49 713/155/49
f 735/163/49 736/164/49 711/157/49 712/156/49
f 736/164/49 737/125/49 710/126/49 711/157/49
f 737/129/57 736/144/57 738/144/57 739/129/57
f 726/141/58 725/143/58 740/143/58 741/141/58
f 714/154/59 713/155/59 742/155/59 743/154/59
f 720/148/60 719/149/60 744/149/60 745/148/60
f 754/106/39 747/107/39 749/108/39 755/109/39
f 755/109/40 749/108/40 753/110/40 756/111/40
f 756/111/41 753/110/41 751/112/41 757/113/41
f 757/113/42 751/112/42 747/114/42 754/115/42
f 748/116/43 752/117/43 750/118/43 746/119/43
f 751/112/44 753/110/44 764/110/44 765/112/44
f 760/120/45 757/113/45 754/115/45 761/121/45
f 759/122/46 756/111/46 757/113/46 760/120/46
f 758/123/47 755/109/47 756/111/47 759/122/47
f 761/124/48 754/106/48 755/109/48 758/123/48
f 793/125/49 761/124/49 758/123/49 766/126/49
f 766/126/50 758/123/50 759/122/50 773/127/50
f 773/127/51 759/122/51 760/120/51 780/128/51
f 780/128/52 760/120/52 761/121/52 793/129/52
f 764/110/53 763/130/53 762/131/53 765/112/53
f 749/108/54 747/107/54 762/107/54 763/108/54
f 747/114/55 751/112/55 765/112/55 762/114/55
f 753/110/56 749/108/56 763/108/56 764/110/56
f 750/118/52 786/132/52 787/133/52 746/134/52
f 786/132/52 785/135/52 788/136/52 787/133/52
f 785/135/52 784/137/52 789/138/52 788/136/52
f 784/137/52 783/139/52 790/140/52 789/138/52
f 783/139/52 782/141/52 791/142/52 790/140/52
f 782/141/52 781/143/52 792/144/52 791/142/52
f 781/143/52 780/128/52 793/129/52 792/144/52
f 752/117/51 779/145/51 786/132/51 750/118/51
f 779/145/51 778/146/51 785/135/51 786/132/51
f 778/146/51 777/147/51 784/137/51 785/135/51
f 777/147/51 776/148/51 783/139/51 784/137/51
f 776/148/51 775/149/51 782/141/51 783/139/51
f 775/149/51 774/150/51 781/143/51 782/141/51
f 774/150/51 773/127/51 780/128/51 781/143/51
f 748/151/50 772/152/50 779/145/50 752/117/50
f 772/152/50 771/153/50 778/146/50 779/145/50
f 771/153/50 770/154/50 777/147/50 778/146/50
f 770/154/50 769/155/50 776/148/50 777/147/50
f 769/155/50 768/156/50 775/149/50 776/148/50
f 768/156/50 767/157/50 774/150/50 775/149/50
f 767/157/50 766/126/50 773/127/50 774/150/50
f 746/158/49 787/159/49 772/152/49 748/151/49
f 787/159/49 788/160/49 771/153/49 772/152/49
f 788/160/49 789/161/49 770/154/49 771/153/49
f 789/161/49 790/162/49 769/155/49 770/154/49
f 790/162/49 791/163/49 768/156/49 769/155/49
f 791/163/49 792/164/49 767/157/49 768/156/49
f 792/164/49 793/125/49 766/126/49 767/157/49
f 793/129/57 792/144/57 794/144/57 795/129/57
f 782/141/58 781/143/58 796/143/58 797/141/58
f 770/154/59 769/155/59 798/155/59 799/154/59
f 776/148/60 775/149/60 800/149/60 801/148/60
f 810/106/39 803/107/39 805/108/39 811/109/39
f 811/109/40 805/108/40 809/110/40 812/111/40
f 812/111/41 809/110/41 807/112/41 813/113/41
f 813/113/42 807/112/42 803/114/42 810/115/42
f 804/116/43 808/117/43 806/118/43 802/119/43
f 807/112/44 809/110/44 820/110/44 821/112/44
f 816/120/45 813/113/45 810/115/45 817/121/45
f 815/122/46 812/111/46 813/113/46 816/120/46
f 814/123/47 811/109/47 812/111/47 815/122/47
f 817/124/48 810/106/48 811/109/48 814/123/48
f 849/125/49 817/124/49 814/123/49 822/126/49
f 822/126/50 814/123/50 815/122/50 829/127/50
f 829/127/51 815/122/51 816/120/51 836/128/51
f 836/128/52 816/120/52 817/121/52 849/129/52
f 820/110/53 819/130/53 818/131/53 821/112/53
f 805/108/54 803/107/54 818/107/54 819/108/54
f 803/114/55 807/112/55 821/112/55 818/114/55
f 809/110/56 805/108/56 819/108/56 820/110/56
f 806/118/52 842/132/52 843/133/52 802/134/52
f 842/132/52 841/135/52 844/136/52 843/133/52
f 841/135/52 840/137/52 845/138/52 844/136/52
f 840/137/52 839/139/52 846/140/52 845/138/52
f 839/139/52 838/141/52 847/142/52 846/140/52
f 838/141/52 837/143/52 848/144/52 847/142/52
f 837/143/52 836/128/52 849/129/52 848/144/52
f 808/117/51 835/145/51 842/132/51 806/118/51
f 835/145/51 834/146/51 841/135/51 842/132/51
f 834/146/51 833/147/51 840/137/51 841/135/51
f 833/147/51 832/148/51 839/139/51 840/137/51
f 832/148/51 831/149/51 838/141/51 839/139/51
f 831/149/51 830/150/51 837/143/51 838/141/51
f 830/150/51 829/127/51 836/128/51 837/143/51
f 804/151/50 828/152/50 835/145/50 808/117/50
f 828/152/50 827/153/50 834/146/50 835/145/50
f 827/153/50 826/154/50 833/147/50 834/146/50
f 826/154/50 825/155/50 832/148/50 833/147/50
f 825/155/50 824/156/50 831/149/50 832/148/50
f 824/156/50 823/157/50 830/150/50 831/149/50
f 823/157/50 822/126/50 829/127/50 830/150/50
f 802/158/49 843/159/49 828/152/49 804/151/49
f 843/159/49 844/160/49 827/153/49 828/152/49
f 844/160/49 845/161/49 826/154/49 827/153/49
f 845/161/49 846/162/49 825/155/49 826/154/49
f 846/162/49 847/163/49 824/156/49 825/155/49
f 847/163/49 848/164/49 823/157/49 824/156/49
f 848/164/49 849/125/49 822/126/49 823/157/49
f 849/129/57 848/144/57 850/144/57 851/129/57
f 838/141/58 837/143/58 852/143/58 853/141/58
f 826/154/59 825/155/59 854/155/59 855/154/59
f 832/148/60 831/149/60 856/149/60 857/148/60
f 866/106/39 859/107/39 861/108/39 867/109/39
f 867/109/40 861/108/40 865/110/40 868/111/40
f 868/111/41 865/110/41 863/112/41 869/113/41
f 869/113/42 863/112/42 859/114/42 866/115/42
f 860/116/43 864/117/43 862/118/43 858/119/43
f 863/112/44 865/110/44 876/110/44 877/112/44
f 872/120/45 869/113/45 866/115/45 873/121/45
f 871/122/46 868/111/46 869/113/46 872/120/46
f 870/123/47 867/109/47 868/111/47 871/122/47
f 873/124/48 866/106/48 867/109/48 870/123/48
f 905/125/49 873/124/49 870/123/49 878/126/49
f 878/126/50 870/123/50 871/122/50 885/127/50
f 885/127/51 871/122/51 872/120/51 892/128/51
f 892/128/52 872/120/52 873/121/52 905/129/52
f 876/110/53 875/130/53 874/131/53 877/112/53
f 861/108/54 859/107/54 874/107/54 875/108/54
f 859/114/55 863/112/55 877/112/55 874/114/55
f 865/110/56 861/108/56 875/108/56 876/110/56
f 862/118/52 898/132/52 899/133/52 858/134/52
f 898/132/52 897/135/52 900/136/52 899/133/52
f 897/135/52 896/137/52 901/138/52 900/136/52
f 896/137/52 895/139/52 902/140/52 901/138/52
f 895/139/52 894/141/52 903/142/52 902/140/52
f 894/141/52 893/143/52 904/144/52 903/142/52
f 893/143/52 892/128/52 905/129/52 904/144/52
f 864/117/51 891/145/51 898/132/51 862/118/51
f 891/145/51 890/146/51 897/135/51 898/132/51
f 890/146/51 889/147/51 896/137/51 897/135/51
f 889/147/51 888/148/51 895/139/51 896/137/51
f 888/148/51 887/149/51 894/141/51 895/139/51
f 887/149/51 886/150/51 893/143/51 894/141/51
f 886/150/51 885/127/51 892/128/51 893/143/51
f 860/151/50 884/152/50 891/145/50 864/117/50
f 884/152/50 883/153/50 890/146/50 891/145/50
f 883/153/50 882/154/50 889/147/50 890/146/50
f 882/154/50 881/155/50 888/148/50 889/147/50
f 881/155/50 880/156/50 887/149/50 888/148/50
f 880/156/50 879/157/50 886/150/50 887/149/50
f 879/157/50 878/126/50 885/127/50 886/150/50
f 858/158/49 899/159/49 884/152/49 860/151/49
f 899/159/49 900/160/49 883/153/49 884/152/49
f 900/160/49 901/161/49 882/154/49 883/153/49
f 901/161/49 902/162/49 881/155/49 882/154/49
f 902/162/49 903/163/49 880/156/49 881/155/49
f 903/163/49 904/164/49 879/157/49 880/156/49
f 904/164/49 905/125/49 878/126/49 879/157/49
f 905/129/57 904/144/57 906/144/57 907/129/57
f 894/141/58 893/143/58 908/143/58 909/141/58
f 882/154/59 881/155/59 910/155/59 911/154/59
f 888/148/60 887/149/60 912/149/60 913/148/60
f 922/106/39 915/107/39 917/108/39 923/109/39
f 923/109/40 917/108/40 921/110/40 924/111/40
f 924/111/41 921/110/41 919/112/41 925/113/41
f 925/113/42 919/112/42 915/114/42 922/115/42
f 916/116/43 920/117/43 918/118/43 914/119/43
f 919/112/44 921/110/44 932/110/44 933/112/44
f 928/120/45 925/113/45 922/115/45 929/121/45
f 927/122/46 924/111/46 925/113/46 928/120/46
f 926/123/47 923/109/47 924/111/47 927/122/47
f 929/124/48 922/106/48 923/109/48 926/123/48
f 961/125/49 929/124/49 926/123/49 934/126/49
f 934/126/50 926/123/50 927/122/50 941/127/50
f 941/127/51 927/122/51 928/120/51 948/128/51
f 948/128/52 928/120/52 929/121/52 961/129/52
f 932/110/53 931/130/53 930/131/53 933/112/53
f 917/108/54 915/107/54 930/107/54 931/108/54
f 915/114/55 919/112/55 933/112/55 930/114/55
f 921/110/56 917/108/56 931/108/56 932/110/56
f 918/118/52 954/132/52 955/133/52 914/134/52
f 954/132/52 953/135/52 956/136/52 955/133/52
f 953/135/52 952/137/52 957/138/52 956/136/52
f 952/137/52 951/139/52 958/140/52 957/138/52
f 951/139/52 950/141/52 959/142/52 958/140/52
f 950/141/52 949/143/52 960/144/52 959/142/52
f 949/143/52 948/128/52 961/129/52 960/144/52
f 920/117/51 947/145/51 954/132/51 918/118/51
f 947/145/51 946/146/51 953/135/51 954/132/51
f 946/146/51 945/147/51 952/137/51 953/135/51
f 945/147/51 944/148/51 951/139/51 952/137/51
f 944/148/51 943/149/51 950/141/51 951/139/51
f 943/149/51 942/150/51 949/143/51 950/141/51
f 942/150/51 941/127/51 948/128/51 949/143/51
f 916/151/50 940/152/50 947/145/50 920/117/50
f 940/152/50 939/153/50 946/146/50 947/145/50
f 939/153/50 938/154/50 945/147/50 946/146/50
f 938/154/50 937/155/50 944/148/50 945/147/50
f 937/155/50 936/156/50 943/149/50 944/148/50
f 936/156/50 935/157/50 942/150/50 943/149/50
f 935/157/50 934/126/50 941/127/50 942/150/50
f 914/158/49 955/159/49 940/152/49 916/151/49
f 955/159/49 956/160/49 939/153/49 940/152/49
f 956/160/49 957/161/49 938/154/49 939/153/49
f 957/161/49 958/162/49 937/155/49 938/154/49
f 958/162/49 959/163/49 936/156/49 937/155/49
f 959/163/49 960/164/49 935/157/49 936/156/49
f 960/164/49 961/125/49 934/126/49 935/157/49
f 961/129/57 960/144/57 962/144/57 963/129/57
f 950/141/58 949/143/58 964/143/58 965/141/58
f 938/154/59 937/155/59 966/155/59 967/154/59
f 944/148/60 943/149/60 968/149/60 969/148/60
f 978/106/39 971/107/39 973/108/39 979/109/39
f 979/109/40 973/108/40 977/110/40 980/111/40
f 980/111/41 977/110/41 975/112/41 981/113/41
f 981/113/42 975/112/42 971/114/42 978/115/42
f 972/116/43 976/117/43 974/118/43 970/119/43
f 975/112/44 977/110/44 988/110/44 989/112/44
f 984/120/45 981/113/45 978/115/45 985/121/45
f 983/122/46 980/111/46 981/113/46 984/120/46
f 982/123/47 979/109/47 980/111/47 983/122/47
f 985/124/48 978/106/48 979/109/48 982/123/48
f 1017/125/49 985/124/49 982/123/49 990/126/49
f 990/126/50 982/123/50 983/122/50 997/127/50
f 997/127/51 983/122/51 984/120/51 1004/128/51
f 1004/128/52 984/120/52 985/121/52 1017/129/52
f 988/110/53 987/130/53 986/131/53 989/112/53
f 973/108/54 971/107/54 986/107/54 987/108/54
f 971/114/55 975/112/55 989/112/55 986/114/55
f 977/110/56 973/108/56 987/108/56 988/110/56
f 974/118/52 1010/132/52 1011/133/52 970/134/52
f 1010/132/52 1009/135/52 1012/136/52 1011/133/52
f 1009/135/52 1008/137/52 1013/138/52 1012/136/52
f 1008/137/52 1007/139/52 1014/140/52 1013/138/52
f 1007/139/52 1006/141/52 1015/142/52 1014/140/52
f 1006/141/52 1005/143/52 1016/144/52 1015/142/52
f 1005/143/52 1004/128/52 1017/129/52 1016/144/52
f 976/117/51 1003/145/51 1010/132/51 974/118/51
f 1003/145/51 1002/146/51 1009/135/51 1010/132/51
f 1002/146/51 1001/147/51 1008/137/51 1009/135/51
f 1001/147/51 1000/148/51 1007/139/51 1008/137/51
f 1000/148/51 999/149/51 1006/141/51 1007/139/51
f 999/149/51 998/150/51 1005/143/51 1006/141/51
f 998/150/51 997/127/51 1004/128/51 1005/143/51
f 972/151/50 996/152/50 1003/145/50 976/117/50
f 996/152/50 995/153/50 1002/146/50 1003/145/50
f 995/153/50 994/154/50 1001/147/50 1002/146/50
f 994/154/50 993/155/50 1000/148/50 1001/147/50
f 993/155/50 992/156/50 999/149/50 1000/148/50
f 992/156/50 991/157/50 998/150/50 999/149/50
f 991/157/50 990/126/50 997/127/50 998/150/50
f 970/158/49 1011/159/49 996/152/49 972/151/49
f 1011/159/49 1012/160/49 995/153/49 996/152/49
f 1012/160/49 1013/161/49 994/154/49 995/153/49
f 1013/161/49 1014/162/49 993/155/49 994/154/49
f 1014/162/49 1015/163/49 992/156/49 993/155/49
f 1015/163/49 1016/164/49 991/157/49 992/156/49
f 1016/164/49 1017/125/49 990/126/49 991/157/49
f 1017/129/57 1016/144/57 1018/144/57 1019/129/57
f 1006/141/58 1005/143/58 1020/143/58 1021/141/58
f 994/154/59 993/155/59 1022/155/59 1023/154/59
f 1000/148/60 999/149/60 1024/149/60 1025/148/60
f 1034/106/39 1027/107/39 1029/108/39 1035/109/39
f 1035/109/40 1029/108/40 1033/110/40 1036/111/40
f 1036/111/41 1033/110/41 1031/112/41 1037/113/41
f 1037/113/42 1031/112/42 1027/114/42 1034/115/42
f 1028/116/43 1032/117/43 1030/118/43 1026/119/43
f 1031/112/44 1033/110/44 1044/110/44 1045/112/44
f 1040/120/45 1037/113/45 1034/115/45 1041/121/45
f 1039/122/46 1036/111/46 1037/113/46 1040/120/46
f 1038/123/47 1035/109/47 1036/111/47 1039/122/47
f 1041/124/48 1034/106/48 1035/109/48 1038/123/48
f 1073/125/49 1041/124/49 1038/123/49 1046/126/49
f 1046/126/50 1038/123/50 1039/122/50 1053/127/50
f 1053/127/51 1039/122/51 1040/120/51 1060/128/51
f 1060/128/52 1040/120/52 1041/121/52 1073/129/52
f 1044/110/53 1043/130/53 1042/131/53 1045/112/53
f 1029/108/54 1027/107/54 1042/107/54 1043/108/54
f 1027/114/55 1031/112/55 1045/112/55 1042/114/55
f 1033/110/56 1029/108/56 1043/108/56 1044/110/56
f 1030/118/52 1066/132/52 1067/133/52 1026/134/52
f 1066/132/52 1065/135/52 1068/136/52 1067/133/52
f 1065/135/52 1064/137/52 1069/138/52 1068/136/52
f 1064/137/52 1063/139/52 1070/140/52 1069/138/52
f 1063/139/52 1062/141/52 1071/142/52 1070/140/52
f 1062/141/52 1061/143/52 1072/144/52 1071/142/52
f 1061/143/52 1060/128/52 1073/129/52 1072/144/52
f 1032/117/51 1059/145/51 1066/132/51 1030/118/51
f 1059/145/51 1058/146/51 1065/135/51 1066/132/51
f 1058/146/51 1057/147/51 1064/137/51 1065/135/51
f 1057/147/51 1056/148/51 1063/139/51 1064/137/51
f 1056/148/51 1055/149/51 1062/141/51 1063/139/51
f 1055/149/51 1054/150/51 1061/143/51 1062/141/51
f 1054/150/51 1053/127/51 1060/128/51 1061/143/51
f 1028/151/50 1052/152/50 1059/145/50 1032/117/50
f 1052/152/50 1051/153/50 1058/146/50 1059/145/50
f 1051/153/50 1050/154/50 1057/147/50 1058/146/50
f 1050/154/50 1049/155/50 1056/148/50 1057/147/50
f 1049/155/50 1048/156/50 1055/149/50 1056/148/50
f 1048/156/50 1047/157/50 1054/150/50 1055/149/50
f 1047/157/50 1046/126/50 1053/127/50 1054/150/50
f 1026/158/49 1067/159/49 1052/152/49 1028/151/49
f 1067/159/49 1068/160/49 1051/153/49 1052/152/49
f 1068/160/49 1069/161/49 1050/154/49 1051/153/49
f 1069/161/49 1070/162/49 1049/155/49 1050/154/49
f 1070/162/49 1071/163/49 1048/156/49 1049/155/49
f 1071/163/49 1072/164/49 1047/157/49 1048/156/49
f 1072/164/49 1073/125/49 1046/126/49 1047/157/49
f 1073/129/57 1072/144/57 1074/144/57 1075/129/57
f 1062/141/58 1061/143/58 1076/143/58 1077/141/58
f 1050/154/59 1049/155/59 1078/155/59 1079/154/59
f 1056/148/60 1055/149/60 1080/149/60 1081/148/60
f 1090/106/39 1083/107/39 1085/108/39 1091/109/39
f 1091/109/40 1085/108/40 1089/110/40 1092/111/40
f 1092/111/41 1089/110/41 1087/112/41 1093/113/41
f 1093/113/42 1087/112/42 1083/114/42 1090/115/42
f 1084/116/43 1088/117/43 1086/118/43 1082/119/43
f 1087/112/44 1089/110/44 1100/110/44 1101/112/44
f 1096/120/45 1093/113/45 1090/115/45 1097/121/45
f 1095/122/46 1092/111/46 1093/113/46 1096/120/46
f 1094/123/47 1091/109/47 1092/111/47 1095/122/47
f 1097/124/48 1090/106/48 1091/109/48 1094/123/48
f 1129/125/49 1097/124/49 1094/123/49 1102/126/49
f 1102/126/50 1094/123/50 1095/122/50 1109/127/50
f 1109/127/51 1095/122/51 1096/120/51 1116/128/51
f 1116/128/52 1096/120/52 1097/121/52 1129/129/52
f 1100/110/53 1099/130/53 1098/131/53 1101/112/53
f 1085/108/54 1083/107/54 1098/107/54 1099/108/54
f 1083/114/55 1087/112/55 1101/112/55 1098/114/55
f 1089/110/56 1085/108/56 1099/108/56 1100/110/56
f 1086/118/52 1122/132/52 1123/133/52 1082/134/52
f 1122/132/52 1121/135/52 1124/136/52 1123/133/52
f 1121/135/52 1120/137/52 1125/138/52 1124/136/52
f 1120/137/52 1119/139/52 1126/140/52 1125/138/52
f 1119/139/52 1118/141/52 1127/142/52 1126/140/52
f 1118/141/52 1117/143/52 1128/144/52 1127/142/52
f 1117/143/52 1116/128/52 1129/129/52 1128/144/52
f 1088/117/51 1115/145/51 1122/132/51 1086/118/51
f 1115/145/51 1114/146/51 1121/135/51 1122/132/51
f 1114/146/51 1113/147/51 1120/137/51 1121/135/51
f 1113/147/51 1112/148/51 1119/139/51 1120/137/51
f 1112/148/51 1111/149/51 1118/141/51 1119/139/51
f 1111/149/51 1110/150/51 1117/143/51 1118/141/51
f 1110/150/51 1109/127/51 1116/128/51 1117/143/51
f 1084/151/50 1108/152/50 1115/145/50 1088/117/50
f 1108/152/50 1107/153/50 1114/146/50 1115/145/50
f 1107/153/50 1106/154/50 1113/147/50 1114/146/50
f 1106/154/50 1105/155/50 1112/148/50 1113/147/50
f 1105/155/50 1104/156/50 1111/149/50 1112/148/50
f 1104/156/50 1103/157/50 1110/150/50 1111/149/50
f 1103/157/50 1102/126/50 1109/127/50 1110/150/50
f 1082/158/49 1123/159/49 1108/152/49 1084/151/49
f 1123/159/49 1124/160/49 1107/153/49 1108/152/49
f 1124/160/49 1125/161/49 1106/154/49 1107/153/49
f 1125/161/49 1126/162/49 1105/155/49 1106/154/49
f 1126/162/49 1127/163/49 1104/156/49 1105/155/49
f 1127/163/49 1128/164/49 1103/157/49 1104/156/49
f 1128/164/49 1129/125/49 1102/126/49 1103/157/49
f 1129/129/57 1128/144/57 1130/144/57 1131/129/57
f 1118/141/58 1117/143/58 1132/143/58 1133/141/58
f 1106/154/59 1105/155/59 1134/155/59 1135/154/59
f 1112/148/60 1111/149/60 1136/149/60 1137/148/60
f 1146/106/39 1139/107/39 1141/108/39 1147/109/39
f 1147/109/40 1141/108/40 1145/110/40 1148/111/40
f 1148/111/41 1145/110/41 1143/112/41 1149/113/41
f 1149/113/42 1143/112/42 1139/114/42 1146/115/42
f 1140/116/43 1144/117/43 1142/118/43 1138/119/43
f 1143/112/44 1145/110/44 1156/110/44 1157/112/44
f 1152/120/45 1149/113/45 1146/115/45 1153/121/45
f 1151/122/46 1148/111/46 1149/113/46 1152/120/46
f 1150/123/47 1147/109/47 1148/111/47 1151/122/47
f 1153/124/48 1146/106/48 1147/109/48 1150/123/48
f 1185/125/49 1153/124/49 1150/123/49 1158/126/49
f 1158/126/50 1150/123/50 1151/122/50 1165/127/50
f 1165/127/51 1151/122/51 1152/120/51 1172/128/51
f 1172/128/52 1152/120/52 1153/121/52 1185/129/52
f 1156/110/53 1155/130/53 1154/131/53 1157/112/53
f 1141/108/54 1139/107/54 1154/107/54 1155/108/54
f 1139/114/55 1143/112/55 1157/112/55 1154/114/55
f 1145/110/56 1141/108/56 1155/108/56 1156/110/56
f 1142/118/52 1178/132/52 1179/133/52 1138/134/52
f 1178/132/52 1177/135/52 1180/136/52 1179/133/52
f 1177/135/52 1176/137/52 1181/138/52 1180/136/52
f 1176/137/52 1175/139/52 1182/140/52 1181/138/52
f 1175/139/52 1174/141/52 1183/142/52 1182/140/52
f 1174/141/52 1173/143/52 1184/144/52 1183/142/52
f 1173/143/52 1172/128/52 1185/129/52 1184/144/52
f 1144/117/51 1171/145/51 1178/132/51 1142/118/51
f 1171/145/51 1170/146/51 1177/135/51 1178/132/51
f 1170/146/51 1169/147/51 1176/137/51 1177/135/51
f 1169/147/51 1168/148/51 1175/139/51 1176/137/51
f 1168/148/51 1167/149/51 1174/141/51 1175/139/51
f 1167/149/51 1166/150/51 1173/143/51 1174/141/51
f 1166/150/51 1165/127/51 1172/128/51 1173/143/51
f 1140/151/50 1164/152/50 1171/145/50 1144/117/50
f 1164/152/50 1163/153/50 1170/146/50 1171/145/50
f 1163/153/50 1162/154/50 1169/147/50 1170/146/50
f 1162/154/50 1161/155/50 1168/148/50 1169/147/50
f 1161/155/50 1160/156/50 1167/149/50 1168/148/50
f 1160/156/50 1159/157/50 1166/150/50 1167/149/50
f 1159/157/50 1158/126/50 1165/127/50 1166/150/50
f 1138/158/49 1179/159/49 1164/152/49 1140/151/49
f 1179/159/49 1180/160/49 1163/153/49 1164/152/49
f 1180/160/49 1181/161/49 1162/154/49 1163/153/49
f 1181/161/49 1182/162/49 1161/155/49 1162/154/49
f 1182/162/49 1183/163/49 1160/156/49 1161/155/49
f 1183/163/49 1184/164/49 1159/157/49 1160/156/49
f 1184/164/49 1185/125/49 1158/126/49 1159/157/49
f 1185/129/57 1184/144/57 1186/144/57 1187/129/57
f 1174/141/58 1173/143/58 1188/143/58 1189/141/58
f 1162/154/59 1161/155/59 1190/155/59 1191/154/59
f 1168/148/60 1167/149/60 1192/149/60 1193/148/60
f 1202/106/39 1195/107/39 1197/108/39 1203/109/39
f 1203/109/40 1197/108/40 1201/110/40 1204/111/40
f 1204/111/41 1201/110/41 1199/112/41 1205/113/41
f 1205/113/42 1199/112/42 1195/114/42 1202/115/42
f 1196/116/43 1200/117/43 1198/118/43 1194/119/43
f 1199/112/44 1201/110/44 1212/110/44 1213/112/44
f 1208/120/45 1205/113/45 1202/115/45 1209/121/45
f 1207/122/46 1204/111/46 1205/113/46 1208/120/46
f 1206/123/47 1203/109/47 1204/111/47 1207/122/47
f 1209/124/48 1202/106/48 1203/109/48 1206/123/48
f 1241/125/49 1209/124/49 1206/123/49 1214/126/49
f 1214/126/50 1206/123/50 1207/122/50 1221/127/50
f 1221/127/51 1207/122/51 1208/120/51 1228/128/51
f 1228/128/52 1208/120/52 1209/121/52 1241/129/52
f 1212/110/53 1211/130/53 1210/131/53 1213/112/53
f 1197/108/54 1195/107/54 1210/107/54 1211/108/54
f 1195/114/55 1199/112/55 1213/112/55 1210/114/55
f 1201/110/56 1197/108/56 1211/108/56 1212/110/56
f 1198/118/52 1234/132/52 1235/133/52 1194/134/52
f 1234/132/52 1233/135/52 1236/136/52 1235/133/52
f 1233/135/52 1232/137/52 1237/138/52 1236/136/52
f 1232/137/52 1231/139/52 1238/140/52 1237/138/52
f 1231/139/52 1230/141/52 1239/142/52 1238/140/52
f 1230/141/52 1229/143/52 1240/144/52 1239/142/52
f 1229/143/52 1228/128/52 1241/129/52 1240/144/52
f 1200/117/51 1227/145/51 1234/132/51 1198/118/51
f 1227/145/51 1226/146/51 1233/135/51 1234/132/51
f 1226/146/51 1225/147/51 1232/137/51 1233/135/51
f 1225/147/51 1224/148/51 1231/139/51 1232/137/51
f 1224/148/51 1223/149/51 1230/141/51 1231/139/51
f 1223/149/51 1222/150/51 1229/143/51 1230/141/51
f 1222/150/51 1221/127/51 1228/128/51 1229/143/51
f 1196/151/50 1220/152/50 1227/145/50 1200/117/50
f 1220/152/50 1219/153/50 1226/146/50 1227/145/50
f 1219/153/50 1218/154/50 1225/147/50 1226/146/50
f 1218/154/50 1217/155/50 1224/148/50 1225/147/50
f 1217/155/50 1216/156/50 1223/149/50 1224/148/50
f 1216/156/50 1215/157/50 1222/150/50 1223/149/50
f 1215/157/50 1214/126/50 1221/127/50 1222/150/50
f 1194/158/49 1235/159/49 1220/152/49 1196/151/49
f 1235/159/49 1236/160/49 1219/153/49 1220/152/49
f 1236/160/49 1237/161/49 1218/154/49 1219/153/49
f 1237/161/49 1238/162/49 1217/155/49 1218/154/49
f 1238/162/49 1239/163/49 1216/156/49 1217/155/49
f 1239/163/49 1240/164/49 1215/157/49 1216/156/49
f 1240/164/49 1241/125/49 1214/126/49 1215/157/49
f 1241/129/57 1240/144/57 1242/144/57 1243/129/57
f 1230/141/58 1229/143/58 1244/143/58 1245/141/58
f 1218/154/59 1217/155/59 1246/155/59 1247/154/59
f 1224/148/60 1223/149/60 1248/149/60 1249/148/60
f 1258/106/39 1251/107/39 1253/108/39 1259/109/39
f 1259/109/40 1253/108/40 1257/110/40 1260/111/40
f 1260/111/41 1257/110/41 1255/112/41 1261/113/41
f 1261/113/42 1255/112/42 1251/114/42 1258/115/42
f 1252/116/43 1256/117/43 1254/118/43 1250/119/43
f 1255/112/44 1257/110/44 1268/110/44 1269/112/44
f 1264/120/45 1261/113/45 1258/115/45 1265/121/45
f 1263/122/46 1260/111/46 1261/113/46 1264/120/46
f 1262/123/47 1259/109/47 1260/111/47 1263/122/47
f 1265/124/48 1258/106/48 1259/109/48 1262/123/48
f 1297/125/49 1265/124/49 1262/123/49 1270/126/49
f 1270/126/50 1262/123/50 1263/122/50 1277/127/50
f 1277/127/51 1263/122/51 1264/120/51 1284/128/51
f 1284/128/52 1264/120/52 1265/121/52 1297/129/52
f 1268/110/53 1267/130/53 1266/131/53 1269/112/53
f 1253/108/54 1251/107/54 1266/107/54 1267/108/54
f 1251/114/55 1255/112/55 1269/112/55 1266/114/55
f 1257/110/56 1253/108/56 1267/108/56 1268/110/56
f 1254/118/52 1290/132/52 1291/133/52 1250/134/52
f 1290/132/52 1289/135/52 1292/136/52 1291/133/52
f 1289/135/52 1288/137/52 1293/138/52 1292/136/52
f 1288/137/52 1287/139/52 1294/140/52 1293/138/52
f 1287/139/52 1286/141/52 1295/142/52 1294/140/52
f 1286/141/52 1285/143/52 1296/144/52 1295/142/52
f 1285/143/52 1284/128/52 1297/129/52 1296/144/52
f 1256/117/51 1283/145/51 1290/132/51 1254/118/51
f 1283/145/51 1282/146/51 1289/135/51 1290/132/51
f 1282/146/51 1281/147/51 1288/137/51 1289/135/51
f 1281/147/51 1280/148/51 1287/139/51 1288/137/51
f 1280/148/51 1279/149/51 1286/141/51 1287/139/51
f 1279/149/51 1278/150/51 1285/143/51 1286/141/51
f 1278/150/51 1277/127/51 1284/128/51 1285/143/51
f 1252/151/50 1276/152/50 1283/145/50 1256/117/50
f 1276/152/50 1275/153/50 1282/146/50 1283/145/50
f 1275/153/50 1274/154/50 1281/147/50 1282/146/50
f 1274/154/50 1273/155/50 1280/148/50 1281/147/50
f 1273/155/50 1272/156/50 1279/149/50 1280/148/50
f 1272/156/50 1271/157/50 1278/150/50 1279/149/50
f 1271/157/50 1270/126/50 1277/127/50 1278/150/50
f 1250/158/49 1291/159/49 1276/152/49 1252/151/49
f 1291/159/49 1292/160/49 1275/153/49 1276/152/49
f 1292/160/49 1293/161/49 1274/154/49 1275/153/49
f 1293/161/49 1294/162/49 1273/155/49 1274/154/49
f 1294/162/49 1295/163/49 1272/156/49 1273/155/49
f 1295/163/49 1296/164/49 1271/157/49 1272/156/49
f 1296/164/49 1297/125/49 1270/126/49 1271/157/49
f 1297/129/57 1296/144/57 1298/144/57 1299/129/57
f 1286/141/58 1285/143/58 1300/143/58 1301/141/58
f 1274/154/59 1273/155/59 1302/155/59 1303/154/59
f 1280/148/60 1279/149/60 1304/149/60 1305/148/60
f 1314/106/39 1307/107/39 1309/108/39 1315/109/39
f 1315/109/40 1309/108/40 1313/110/40 1316/111/40
f 1316/111/41 1313/110/41 1311/112/41 1317/113/41
f 1317/113/42 1311/112/42 1307/114/42 1314/115/42
f 1308/116/43 1312/117/43 1310/118/43 1306/119/43
f 1311/112/44 1313/110/44 1324/110/44 1325/112/44
f 1320/120/45 1317/113/45 1314/115/45 1321/121/45
f 1319/122/46 1316/111/46 1317/113/46 1320/120/46
f 1318/123/47 1315/109/47 1316/111/47 1319/122/47
f 1321/124/48 1314/106/48 1315/109/48 1318/123/48
f 1353/125/49 1321/124/49 1318/123/49 1326/126/49
f 1326/126/50 1318/123/50 1319/122/50 1333/127/50
f 1333/127/51 1319/122/51 1320/120/51 1340/128/51
f 1340/128/52 1320/120/52 1321/121/52 1353/129/52
f 1324/110/53 1323/130/53 1322/131/53 1325/112/53
f 1309/108/54 1307/107/54 1322/107/54 1323/108/54
f 1307/114/55 1311/112/55 1325/112/55 1322/114/55
f 1313/110/56 1309/108/56 1323/108/56 1324/110/56
f 1310/118/52 1346/132/52 1347/133/52 1306/134/52
f 1346/132/52 1345/135/52 1348/136/52 1347/133/52
f 1345/135/52 1344/137/52 1349/138/52 1348/136/52
f 1344/137/52 1343/139/52 1350/140/52 1349/138/52
f 1343/139/52 1342/141/52 1351/142/52 1350/140/52
f 1342/141/52 1341/143/52 1352/144/52 1351/142/52
f 1341/143/52 1340/128/52 1353/129/52 1352/144/52
f 1312/117/51 1339/145/51 1346/132/51 1310/118/51
f 1339/145/51 1338/146/51 1345/135/51 1346/132/51
f 1338/146/51 1337/147/51 1344/137/51 1345/135/51
f 1337/147/51 1336/148/51 1343/139/51 1344/137/51
f 1336/148/51 1335/149/51 1342/141/51 1343/139/51
f 1335/149/51 1334/150/51 1341/143/51 1342/141/51
f 1334/150/51 1333/127/51 1340/128/51 1341/143/51
f 1308/151/50 1332/152/50 1339/145/50 1312/117/50
f 1332/152/50 1331/153/50 1338/146/50 1339/145/50
f 1331/153/50 1330/154/50 1337/147/50 1338/146/50
f 1330/154/50 1329/155/50 1336/148/50 1337/147/50
f 1329/155/50 1328/156/50 1335/149/50 1336/148/50
f 1328/156/50 1327/157/50 1334/150/50 1335/149/50
f 1327/157/50 1326/126/50 1333/127/50 1334/150/50
f 1306/158/49 1347/159/49 1332/152/49 1308/151/49
f 1347/159/49 1348/160/49 1331/153/49 1332/152/49
f 1348/160/49 1349/161/49 1330/154/49 1331/153/49
f 1349/161/49 1350/162/49 1329/155/49 1330/154/49
f 1350/162/49 1351/163/49 1328/156/49 1329/155/49
f 1351/163/49 1352/164/49 1327/157/49 1328/156/49
f 1352/164/49 1353/125/49 1326/126/49 1327/157/49
f 1353/129/57 1352/144/57 1354/144/57 1355/129/57
f 1342/141/58 1341/143/58 1356/143/58 1357/141/58
f 1330/154/59 1329/155/59 1358/155/59 1359/154/59
f 1336/148/60 1335/149/60 1360/149/60 1361/148/60
f 1370/106/39 1363/107/39 1365/108/39 1371/109/39
f 1371/109/40 1365/108/40 1369/110/40 1372/111/40
f 1372/111/41 1369/110/41 1367/112/41 1373/113/41
f 1373/113/42 1367/112/42 1363/114/42 1370/115/42
f 1364/116/43 1368/117/43 1366/118/43 1362/119/43
f 1367/112/44 1369/110/44 1380/110/44 1381/112/44
f 1376/120/45 1373/113/45 1370/115/45 1377/121/45
f 1375/122/46 1372/111/46 1373/113/46 1376/120/46
f 1374/123/47 1371/109/47 1372/111/47 1375/122/47
f 1377/124/48 1370/106/48 1371/109/48 1374/123/48
f 1409/125/49 1377/124/49 1374/123/49 1382/126/49
f 1382/126/50 1374/123/50 1375/122/50 1389/127/50
f 1389/127/51 1375/122/51 1376/120/51 1396/128/51
f 1396/128/52 1376/120/52 1377/121/52 1409/129/52
f 1380/110/53 1379/130/53 1378/131/53 1381/112/53
f 1365/108/54 1363/107/54 1378/107/54 1379/108/54
f 1363/114/55 1367/112/55 1381/112/55 1378/114/55
f 1369/110/56 1365/108/56 1379/108/56 1380/110/56
f 1366/118/52 1402/132/52 1403/133/52 1362/134/52
f 1402/132/52 1401/135/52 1404/136/52 1403/133/52
f 1401/135/52 1400/137/52 1405/138/52 1404/136/52
f 1400/137/52 1399/139/52 1406/140/52 1405/138/52
f 1399/139/52 1398/141/52 1407/142/52 1406/140/52
f 1398/141/52 1397/143/52 1408/144/52 1407/142/52
f 1397/143/52 1396/128/52 1409/129/52 1408/144/52
f 1368/117/51 1395/145/51 1402/132/51 1366/118/51
f 1395/145/51 1394/146/51 1401/135/51 1402/132/51
f 1394/146/51 1393/147/51 1400/137/51 1401/135/51
f 1393/147/51 1392/148/51 1399/139/51 1400/137/51
f 1392/148/51 1391/149/51 1398/141/51 1399/139/51
f 1391/149/51 1390/150/51 1397/143/51 1398/141/51
f 1390/150/51 1389/127/51 1396/128/51 1397/143/51
f 1364/151/50 1388/152/50 1395/145/50 1368/117/50
f 1388/152/50 1387/153/50 1394/146/50 1395/145/50
f 1387/153/50 1386/154/50 1393/147/50 1394/146/50
f 1386/154/50 1385/155/50 1392/148/50 1393/147/50
f 1385/155/50 1384/156/50 1391/149/50 1392/148/50
f 1384/156/50 1383/157/50 1390/150/50 1391/149/50
f 1383/157/50 1382/126/50 1389/127/50 1390/150/50
f 1362/158/49 1403/159/49 1388/152/49 1364/151/49
f 1403/159/49 1404/160/49 1387/153/49 1388/152/49
f 1404/160/49 1405/161/49 1386/154/49 1387/153/49
f 1405/161/49 1406/162/49 1385/155/49 1386/154/49
f 1406/162/49 1407/163/49 1384/156/49 1385/155/49
f 1407/163/49 1408/164/49 1383/157/49 1384/156/49
f 1408/164/49 1409/125/49 1382/126/49 1383/157/49
f 1409/129/57 1408/144/57 1410/144/57 1411/129/57
f 1398/141/58 1397/143/58 1412/143/58 1413/141/58
f 1386/154/59 1385/155/59 1414/155/59 1415/154/59
f 1392/148/60 1391/149/60 1416/149/60 1417/148/60
f 1426/106/39 1419/107/39 1421/108/39 1427/109/39
f 1427/109/40 1421/108/40 1425/110/40 1428/111/40
f 1428/111/41 1425/110/41 1423/112/41 1429/113/41
f 1429/113/42 1423/112/42 1419/114/42 1426/115/42
f 1420/116/43 1424/117/43 1422/118/43 1418/119/43
f 1423/112/44 1425/110/44 1436/110/44 1437/112/44
f 1432/120/45 1429/113/45 1426/115/45 1433/121/45
f 1431/122/46 1428/111/46 1429/113/46 1432/120/46
f 1430/123/47 1427/109/47 1428/111/47 1431/122/47
f 1433/124/48 1426/106/48 1427/109/48 1430/123/48
f 1465/125/49 1433/124/49 1430/123/49 1438/126/49
f 1438/126/50 1430/123/50 1431/122/50 1445/127/50
f 1445/127/51 1431/122/51 1432/120/51 1452/128/51
f 1452/128/52 1432/120/52 1433/121/52 1465/129/52
f 1436/110/53 1435/130/53 1434/131/53 1437/112/53
f 1421/108/54 1419/107/54 1434/107/54 1435/108/54
f 1419/114/55 1423/112/55 1437/112/55 1434/114/55
f 1425/110/56 1421/108/56 1435/108/56 1436/110/56
f 1422/118/52 1458/132/52 1459/133/52 1418/134/52
f 1458/132/52 1457/135/52 1460/136/52 1459/133/52
f 1457/135/52 1456/137/52 1461/138/52 1460/136/52
f 1456/137/52 1455/139/52 1462/140/52 1461/138/52
f 1455/139/52 1454/141/52 1463/142/52 1462/140/52
f 1454/141/52 1453/143/52 1464/144/52 1463/142/52
f 1453/143/52 1452/128/52 1465/129/52 1464/144/52
f 1424/117/51 1451/145/51 1458/132/51 1422/118/51
f 1451/145/51 1450/146/51 1457/135/51 1458/132/51
f 1450/146/51 1449/147/51 1456/137/51 1457/135/51
f 1449/147/51 1448/148/51 1455/139/51 1456/137/51
f 1448/148/51 1447/149/51 1454/141/51 1455/139/51
f 1447/149/51 1446/150/51 1453/143/51 1454/141/51
f 1446/150/51 1445/127/51 1452/128/51 1453/143/51
f 1420/151/50 1444/152/50 1451/145/50 1424/117/50
f 1444/152/50 1443/153/50 1450/146/50 1451/145/50
f 1443/153/50 1442/154/50 1449/147/50 1450/146/50
f 1442/154/50 1441/155/50 1448/148/50 1449/147/50
f 1441/155/50 1440/156/50 1447/149/50 1448/148/50
f 1440/156/50 1439/157/50 1446/150/50 1447/149/50
f 1439/157/50 1438/126/50 1445/127/50 1446/150/50
f 1418/158/49 1459/159/49 1444/152/49 1420/151/49
f 1459/159/49 1460/160/49 1443/153/49 1444/152/49
f 1460/160/49 1461/161/49 1442/154/49 1443/153/49
f 1461/161/49 1462/162/49 1441/155/49 1442/154/49
f 1462/162/49 1463/163/49 1440/156/49 1441/155/49
f 1463/163/49 1464/164/49 1439/157/49 1440/156/49
f 1464/164/49 1465/125/49 1438/126/49 1439/157/49
f 1465/129/57 1464/144/57 1466/144/57 1467/129/57
f 1454/141/58 1453/143/58 1468/143/58 1469/141/58
f 1442/154/59 1441/155/59 1470/155/59 1471/154/59
f 1448/148/60 1447/149/60 1472/149/60 1473/148/60
f 1482/106/39 1475/107/39 1477/108/39 1483/109/39
f 1483/109/40 1477/108/40 1481/110/40 1484/111/40
f 1484/111/41 1481/110/41 1479/112/41 1485/113/41
f 1485/113/42 1479/112/42 1475/114/42 1482/115/42
f 1476/116/43 1480/117/43 1478/118/43 1474/119/43
f 1479/112/44 1481/110/44 1492/110/44 1493/112/44
f 1488/120/45 1485/113/45 1482/115/45 1489/121/45
f 1487/122/46 1484/111/46 1485/113/46 1488/120/46
f 1486/123/47 1483/109/47 1484/111/47 1487/122/47
f 1489/124/48 1482/106/48 1483/109/48 1486/123/48
f 1521/125/49 1489/124/49 1486/123/49 1494/126/49
f 1494/126/50 1486/123/50 1487/122/50 1501/127/50
f 1501/127/51 1487/122/51 1488/120/51 1508/128/51
f 1508/128/52 1488/120/52 1489/121/52 1521/129/52
f 1492/110/53 1491/130/53 1490/131/53 1493/112/53
f 1477/108/54 1475/107/54 1490/107/54 1491/108/54
f 1475/114/55 1479/112/55 1493/112/55 1490/114/55
f 1481/110/56 1477/108/56 1491/108/56 1492/110/56
f 1478/118/52 1514/132/52 1515/133/52 1474/134/52
f 1514/132/52 1513/135/52 1516/136/52 1515/133/52
f 1513/135/52 1512/137/52 1517/138/52 1516/136/52
f 1512/137/52 1511/139/52 1518/140/52 1517/138/52
f 1511/139/52 1510/141/52 1519/142/52 1518/140/52
f 1510/141/52 1509/143/52 1520/144/52 1519/142/52
f 1509/143/52 1508/128/52 1521/129/52 1520/144/52
f 1480/117/51 1507/145/51 1514/132/51 1478/118/51
f 1507/145/51 1506/146/51 1513/135/51 1514/132/51
f 1506/146/51 1505/147/51 1512/137/51 1513/135/51
f 1505/147/51 1504/148/51 1511/139/51 1512/137/51
f 1504/148/51 1503/149/51 1510/141/51 1511/139/51
f 1503/149/51 1502/150/51 1509/143/51 1510/141/51
f 1502/150/51 1501/127/51 1508/128/51 1509/143/51
f 1476/151/50 1500/152/50 1507/145/50 1480/117/50
f 1500/152/50 1499/153/50 1506/146/50 1507/145/50
f 1499/153/50 1498/154/50 1505/147/50 1506/146/50
f 1498/154/50 1497/155/50 1504/148/50 1505/147/50
f 1497/155/50 1496/156/50 1503/149/50 1504/148/50
f 1496/156/50 1495/157/50 1502/150/50 1503/149/50
f 1495/157/50 1494/126/50 1501/127/50 1502/150/50
f 1474/158/49 1515/159/49 1500/152/49 1476/151/49
f 1515/159/49 1516/160/49 1499/153/49 1500/152/49
f 1516/160/49 1517/161/49 1498/154/49 1499/153/49
f 1517/161/49 1518/162/49 1497/155/49 1498/154/49
f 1518/162/49 1519/163/49 1496/156/49 1497/155/49
f 1519/163/49 1520/164/49 1495/157/49 1496/156/49
f 1520/164/49 1521/125/49 1494/126/49 1495/157/49
f 1521/129/57 1520/144/57 1522/144/57 1523/129/57
f 1510/141/58 1509/143/58 1524/143/58 1525/141/58
f 1498/154/59 1497/155/59 1526/155/59 1527/154/59
f 1504/148/60 1503/149/60 1528/149/60 1529/148/60
f 1538/106/39 1531/107/39 1533/108/39 1539/109/39
f 1539/109/40 1533/108/40 1537/110/40 1540/111/40
f 1540/111/41 1537/110/41 1535/112/41 1541/113/41
f 1541/113/42 1535/112/42 1531/114/42 1538/115/42
f 1532/116/43 1536/117/43 1534/118/43 1530/119/43
f 1535/112/44 1537/110/44 1548/110/44 1549/112/44
f 1544/120/45 1541/113/45 1538/115/45 1545/121/45
f 1543/122/46 1540/111/46 1541/113/46 1544/120/46
f 1542/123/47 1539/109/47 1540/111/47 1543/122/47
f 1545/124/48 1538/106/48 1539/109/48 1542/123/48
f 1577/125/49 1545/124/49 1542/123/49 1550/126/49
f 1550/126/50 1542/123/50 1543/122/50 1557/127/50
f 1557/127/51 1543/122/51 1544/120/51 1564/128/51
f 1564/128/52 1544/120/52 1545/121/52 1577/129/52
f 1548/110/53 1547/130/53 1546/131/53 1549/112/53
f 1533/108/54 1531/107/54 1546/107/54 1547/108/54
f 1531/114/55 1535/112/55 1549/112/55 1546/114/55
f 1537/110/56 1533/108/56 1547/108/56 1548/110/56
f 1534/118/52 1570/132/52 1571/133/52 1530/134/52
f 1570/132/52 1569/135/52 1572/136/52 1571/133/52
f 1569/135/52 1568/137/52 1573/138/52 1572/136/52
f 1568/137/52 1567/139/52 1574/140/52 1573/138/52
f 1567/139/52 1566/141/52 1575/142/52 1574/140/52
f 1566/141/52 1565/143/52 1576/144/52 1575/142/52
f 1565/143/52 1564/128/52 1577/129/52 1576/144/52
f 1536/117/51 1563/145/51 1570/132/51 1534/118/51
f 1563/145/51 1562/146/51 1569/135/51 1570/132/51
f 1562/146/51 1561/147/51 1568/137/51 1569/135/51
f 1561/147/51 1560/148/51 1567/139/51 1568/137/51
f 1560/148/51 1559/149/51 1566/141/51 1567/139/51
f 1559/149/51 1558/150/51 1565/143/51 1566/141/51
f 1558/150/51 1557/127/51 1564/128/51 1565/143/51
f 1532/151/50 1556/152/50 1563/145/50 1536/117/50
f 1556/152/50 1555/153/50 1562/146/50 1563/145/50
f 1555/153/50 1554/154/50 1561/147/50 1562/146/50
f 1554/154/50 1553/155/50 1560/148/50 1561/147/50
f 1553/155/50 1552/156/50 1559/149/50 1560/148/50
f 1552/156/50 1551/157/50 1558/150/50 1559/149/50
f 1551/157/50 1550/126/50 1557/127/50 1558/150/50
f 1530/158/49 1571/159/49 1556/152/49 1532/151/49
f 1571/159/49 1572/160/49 1555/153/49 1556/152/49
f 1572/160/49 1573/161/49 1554/154/49 1555/153/49
f 1573/161/49 1574/162/49 1553/155/49 1554/154/49
f 1574/162/49 1575/163/49 1552/156/49 1553/155/49
f 1575/163/49 1576/164/49 1551/157/49 1552/156/49
f 1576/164/49 1577/125/49 1550/126/49 1551/157/49
f 1577/129/57 1576/144/57 1578/144/57 1579/129/57
f 1566/141/58 1565/143/58 1580/143/58 1581/141/58
f 1554/154/59 1553/155/59 1582/155/59 1583/154/59
f 1560/148/60 1559/149/60 1584/149/60 1585/148/60
f 1594/106/39 1587/107/39 1589/108/39 1595/109/39
f 1595/109/40 1589/108/40 1593/110/40 1596/111/40
f 1596/111/41 1593/110/41 1591/112/41 1597/113/41
f 1597/113/42 1591/112/42 1587/114/42 1594/115/42
f 1588/116/43 1592/117/43 1590/118/43 1586/119/43
f 1591/112/44 1593/110/44 1604/110/44 1605/112/44
f 1600/120/45 1597/113/45 1594/115/45 1601/121/45
f 1599/122/46 1596/111/46 1597/113/46 1600/120/46
f 1598/123/47 1595/109/47 1596/111/47 1599/122/47
f 1601/124/48 1594/106/48 1595/109/48 1598/123/48
f 1633/125/49 1601/124/49 1598/123/49 1606/126/49
f 1606/126/50 1598/123/50 1599/122/50 1613/127/50
f 1613/127/51 1599/122/51 1600/120/51 1620/128/51
f 1620/128/52 1600/120/52 1601/121/52 1633/129/52
f 1604/110/53 1603/130/53 1602/131/53 1605/112/53
f 1589/108/54 1587/107/54 1602/107/54 1603/108/54
f 1587/114/55 1591/112/55 1605/112/55 1602/114/55
f 1593/110/56 1589/108/56 1603/108/56 1604/110/56
f 1590/118/52 1626/132/52 1627/133/52 1586/134/52
f 1626/132/52 1625/135/52 1628/136/52 1627/133/52
f 1625/135/52 1624/137/52 1629/138/52 1628/136/52
f 1624/137/52 1623/139/52 1630/140/52 1629/138/52
f 1623/139/52 1622/141/52 1631/142/52 1630/140/52
f 1622/141/52 1621/143/52 1632/144/52 1631/142/52
f 1621/143/52 1620/128/52 1633/129/52 1632/144/52
f 1592/117/51 1619/145/51 1626/132/51 1590/118/51
f 1619/145/51 1618/146/51 1625/135/51 1626/132/51
f 1618/146/51 1617/147/51 1624/137/51 1625/135/51
f 1617/147/51 1616/148/51 1623/139/51 1624/137/51
f 1616/148/51 1615/149/51 1622/141/51 1623/139/51
f 1615/149/51 1614/150/51 1621/143/51 1622/141/51
f 1614/150/51 1613/127/51 1620/128/51 1621/143/51
f 1588/151/50 1612/152/50 1619/145/50 1592/117/50
f 1612/152/50 1611/153/50 1618/146/50 1619/145/50
f 1611/153/50 1610/154/50 1617/147/50 1618/146/50
f 1610/154/50 1609/155/50 1616/148/50 1617/147/50
f 1609/155/50 1608/156/50 1615/149/50 1616/148/50
f 1608/156/50 1607/157/50 1614/150/50 1615/149/50
f 1607/157/50 1606/126/50 1613/127/50 1614/150/50
f 1586/158/49 1627/159/49 1612/152/49 1588/151/49
f 1627/159/49 1628/160/49 1611/153/49 1612/152/49
f 1628/160/49 1629/161/49 1610/154/49 1611/153/49
f 1629/161/49 1630/162/49 1609/155/49 1610/154/49
f 1630/162/49 1631/163/49 1608/156/49 1609/155/49
f 1631/163/49 1632/164/49 1607/157/49 1608/156/49
f 1632/164/49 1633/125/49 1606/126/49 1607/157/49
f 1633/129/57 1632/144/57 1634/144/57 1635/129/57
f 1622/141/58 1621/143/58 1636/143/58 1637/141/58
f 1610/154/59 1609/155/59 1638/155/59 1639/154/59
f 1616/148/60 1615/149/60 1640/149/60 1641/148/60
f 1650/106/39 1643/107/39 1645/108/39 1651/109/39
f 1651/109/40 1645/108/40 1649/110/40 1652/111/40
f 1652/111/41 1649/110/41 1647/112/41 1653/113/41
f 1653/113/42 1647/112/42 1643/114/42 1650/115/42
f 1644/116/43 1648/117/43 1646/118/43 1642/119/43
f 1647/112/44 1649/110/44 1660/110/44 1661/112/44
f 1656/120/45 1653/113/45 1650/115/45 1657/121/45
f 1655/122/46 1652/111/46 1653/113/46 1656/120/46
f 1654/123/47 1651/109/47 1652/111/47 1655/122/47
f 1657/124/48 1650/106/48 1651/109/48 1654/123/48
f 1689/125/49 1657/124/49 1654/123/49 1662/126/49
f 1662/126/50 1654/123/50 1655/122/50 1669/127/50
f 1669/127/51 1655/122/51 1656/120/51 1676/128/51
f 1676/128/52 1656/120/52 1657/121/52 1689/129/52
f 1660/110/53 1659/130/53 1658/131/53 1661/112/53
f 1645/108/54 1643/107/54 1658/107/54 1659/108/54
f 1643/114/55 1647/112/55 1661/112/55 1658/114/55
f 1649/110/56 1645/108/56 1659/108/56 1660/110/56
f 1646/118/52 1682/132/52 1683/133/52 1642/134/52
f 1682/132/52 1681/135/52 1684/136/52 1683/133/52
f 1681/135/52 1680/137/52 1685/138/52 1684/136/52
f 1680/137/52 1679/139/52 1686/140/52 1685/138/52
f 1679/139/52 1678/141/52 1687/142/52 1686/140/52
f 1678/141/52 1677/143/52 1688/144/52 1687/142/52
f 1677/143/52 1676/128/52 1689/129/52 1688/144/52
f 1648/117/51 1675/145/51 1682/132/51 1646/118/51
f 1675/145/51 1674/146/51 1681/135/51 1682/132/51
f 1674/146/51 1673/147/51 1680/137/51 1681/135/51
f 1673/147/51 1672/148/51 1679/139/51 1680/137/51
f 1672/148/51 1671/149/51 1678/141/51 1679/139/51
f 1671/149/51 1670/150/51 1677/143/51 1678/141/51
f 1670/150/51 1669/127/51 1676/128/51 1677/143/51
f 1644/151/50 1668/152/50 1675/145/50 1648/117/50
f 1668/152/50 1667/153/50 1674/146/50 1675/145/50
f 1667/153/50 1666/154/50 1673/147/50 1674/146/50
f 1666/154/50 1665/155/50 1672/148/50 1673/147/50
f 1665/155/50 1664/156/50 1671/149/50 1672/148/50
f 1664/156/50 1663/157/50 1670/150/50 1671/149/50
f 1663/157/50 1662/126/50 1669/127/50 1670/150/50
f 1642/158/49 1683/159/49 1668/152/49 1644/151/49
f 1683/159/49 1684/160/49 1667/153/49 1668/152/49
f 1684/160/49 1685/161/49 1666/154/49 1667/153/49
f 1685/161/49 1686/162/49 1665/155/49 1666/154/49
f 1686/162/49 1687/163/49 1664/156/49 1665/155/49
f 1687/163/49 1688/164/49 1663/157/49 1664/156/49
f 1688/164/49 1689/125/49 1662/126/49 1663/157/49
f 1689/129/57 1688/144/57 1690/144/57 1691/129/57
f 1678/141/58 1677/143/58 1692/143/58 1693/141/58
f 1666/154/59 1665/155/59 1694/155/59 1695/154/59
f 1672/148/60 1671/149/60 1696/149/60 1697/148/60
f 1706/106/39 1699/107/39 1701/108/39 1707/109/39
f 1707/109/40 1701/108/40 1705/110/40 1708/111/40
f 1708/111/41 1705/110/41 1703/112/41 1709/113/41
f 1709/113/42 1703/112/42 1699/114/42 1706/115/42
f 1700/116/43 1704/117/43 1702/118/43 1698/119/43
f 1703/112/44 1705/110/44 1716/110/44 1717/112/44
f 1712/120/45 1709/113/45 1706/115/45 1713/121/45
f 1711/122/46 1708/111/46 1709/113/46 1712/120/46
f 1710/123/47 1707/109/47 1708/111/47 1711/122/47
f 1713/124/48 1706/106/48 1707/109/48 1710/123/48
f 1745/125/49 1713/124/49 1710/123/49 1718/126/49
f 1718/126/50 1710/123/50 1711/122/50 1725/127/50
f 1725/127/51 1711/122/51 1712/120/51 1732/128/51
f 1732/128/52 1712/120/52 1713/121/52 1745/129/52
f 1716/110/53 1715/130/53 1714/131/53 1717/112/53
f 1701/108/54 1699/107/54 1714/107/54 1715/108/54
f 1699/114/55 1703/112/55 1717/112/55 1714/114/55
f 1705/110/56 1701/108/56 1715/108/56 1716/110/56
f 1702/118/52 1738/132/52 1739/133/52 1698/134/52
f 1738/132/52 1737/135/52 1740/136/52 1739/133/52
f 1737/135/52 1736/137/52 1741/138/52 1740/136/52
f 1736/137/52 1735/139/52 1742/140/52 1741/138/52
f 1735/139/52 1734/141/52 1743/142/52 1742/140/52
f 1734/141/52 1733/143/52 1744/144/52 1743/142/52
f 1733/143/52 1732/128/52 1745/129/52 1744/144/52
f 1704/117/51 1731/145/51 1738/132/51 1702/118/51
f 1731/145/51 1730/146/51 1737/135/51 1738/132/51
f 1730/146/51 1729/147/51 1736/137/51 1737/135/51
f 1729/147/51 1728/148/51 1735/139/51 1736/137/51
f 1728/148/51 1727/149/51 1734/141/51 1735/139/51
f 1727/149/51 1726/150/51 1733/143/51 1734/141/51
f 1726/150/51 1725/127/51 1732/128/51 1733/143/51
f 1700/151/50 1724/152/50 1731/145/50 1704/117/50
f 1724/152/50 1723/153/50 1730/146/50 1731/145/50
f 1723/153/50 1722/154/50 1729/147/50 1730/146/50
f 1722/154/50 1721/155/50 1728/148/50 1729/147/50
f 1721/155/50 1720/156/50 1727/149/50 1728/148/50
f 1720/156/50 1719/157/50 1726/150/50 1727/149/50
f 1719/157/50 1718/126/50 1725/127/50 1726/150/50
f 1698/158/49 1739/159/49 1724/152/49 1700/151/49
f 1739/159/49 1740/160/49 1723/153/49 1724/152/49
f 1740/160/49 1741/161/49 1722/154/49 1723/153/49
f 1741/161/49 1742/162/49 1721/155/49 1722/154/49
f 1742/162/49 1743/163/49 1720/156/49 1721/155/49
f 1743/163/49 1744/164/49 1719/157/49 1720/156/49
f 1744/164/49 1745/125/49 1718/126/49 1719/157/49
f 1745/129/57 1744/144/57 1746/144/57 1747/129/57
f 1734/141/58 1733/143/58 1748/143/58 1749/141/58
f 1722/154/59 1721/155/59 1750/155/59 1751/154/59
f 1728/148/60 1727/149/60 1752/149/60 1753/148/60
f 1762/106/39 1755/107/39 1757/108/39 1763/109/39
f 1763/109/40 1757/108/40 1761/110/40 1764/111/40
f 1764/111/41 1761/110/41 1759/112/41 1765/113/41
f 1765/113/42 1759/112/42 1755/114/42 1762/115/42
f 1756/116/43 1760/117/43 1758/118/43 1754/119/43
f 1759/112/44 1761/110/44 1772/110/44 1773/112/44
f 1768/120/45 1765/113/45 1762/115/45 1769/121/45
f 1767/122/46 1764/111/46 1765/113/46 1768/120/46
f 1766/123/47 1763/109/47 1764/111/47 1767/122/47
f 1769/124/48 1762/106/48 1763/109/48 1766/123/48
f 1801/125/49 1769/124/49 1766/123/49 1774/126/49
f 1774/126/50 1766/123/50 1767/122/50 1781/127/50
f 1781/127/51 1767/122/51 1768/120/51 1788/128/51
f 1788/128/52 1768/120/52 1769/121/52 1801/129/52
f 1772/110/53 1771/130/53 1770/131/53 1773/112/53
f 1757/108/54 1755/107/54 1770/107/54 1771/108/54
f 1755/114/55 1759/112/55 1773/112/55 1770/114/55
f 1761/110/56 1757/108/56 1771/108/56 1772/110/56
f 1758/118/52 1794/132/52 1795/133/52 1754/134/52
f 1794/132/52 1793/135/52 1796/136/52 1795/133/52
f 1793/135/52 1792/137/52 1797/138/52 1796/136/52
f 1792/137/52 1791/139/52 1798/140/52 1797/138/52
f 1791/139/52 1790/141/52 1799/142/52 1798/140/52
f 1790/141/52 1789/143/52 1800/144/52 1799/142/52
f 1789/143/52 1788/128/52 1801/129/52 1800/144/52
f 1760/117/51 1787/145/51 1794/132/51 1758/118/51
f 1787/145/51 1786/146/51 1793/135/51 1794/132/51
f 1786/146/51 1785/147/51 1792/137/51 1793/135/51
f 1785/147/51 1784/148/51 1791/139/51 1792/137/51
f 1784/148/51 1783/149/51 1790/141/51 1791/139/51
f 1783/149/51 1782/150/51 1789/143/51 1790/141/51
f 1782/150/51 1781/127/51 1788/128/51 1789/143/51
f 1756/151/50 1780/152/50 1787/145/50 1760/117/50
f 1780/152/50 1779/153/50 1786/146/50 1787/145/50
f 1779/153/50 1778/154/50 1785/147/50 1786/146/50
f 1778/154/50 1777/155/50 1784/148/50 1785/147/50
f 1777/155/50 1776/156/50 1783/149/50 1784/148/50
f 1776/156/50 1775/157/50 1782/150/50 1783/149/50
f 1775/157/50 1774/126/50 1781/127/50 1782/150/50
f 1754/158/49 1795/159/49 1780/152/49 1756/151/49
f 1795/159/49 1796/160/49 1779/153/49 1780/152/49
f 1796/160/49 1797/161/49 1778/154/49 1779/153/49
f 1797/161/49 1798/162/49 1777/155/49 1778/154/49
f 1798/162/49 1799/163/49 1776/156/49 1777/155/49
f 1799/163/49 1800/164/49 1775/157/49 1776/156/49
f 1800/164/49 1801/125/49 1774/126/49 1775/157/49
f 1801/129/57 1800/144/57 1802/144/57 1803/129/57
f 1790/141/58 1789/143/58 1804/143/58 1805/141/58
f 1778/154/59 1777/155/59 1806/155/59 1807/154/59
f 1784/148/60 1783/149/60 1808/149/60 1809/148/60
f 1818/106/39 1811/107/39 1813/108/39 1819/109/39
f 1819/109/40 1813/108/40 1817/110/40 1820/111/40
f 1820/111/41 1817/110/41 1815/112/41 1821/113/41
f 1821/113/42 1815/112/42 1811/114/42 1818/115/42
f 1812/116/43 1816/117/43 1814/118/43 1810/119/43
f 1815/112/44 1817/110/44 1828/110/44 1829/112/44
f 1824/120/45 1821/113/45 1818/115/45 1825/121/45
f 1823/122/46 1820/111/46 1821/113/46 1824/120/46
f 1822/123/47 1819/109/47 1820/111/47 1823/122/47
f 1825/124/48 1818/106/48 1819/109/48 1822/123/48
f 1857/125/49 1825/124/49 1822/123/49 1830/126/49
f 1830/126/50 1822/123/50 1823/122/50 1837/127/50
f 1837/127/51 1823/122/51 1824/120/51 1844/128/51
f 1844/128/52 1824/120/52 1825/121/52 1857/129/52
f 1828/110/53 1827/130/53 1826/131/53 1829/112/53
f 1813/108/54 1811/107/54 1826/107/54 1827/108/54
f 1811/114/55 1815/112/55 1829/112/55 1826/114/55
f 1817/110/56 1813/108/56 1827/108/56 1828/110/56
f 1814/118/52 1850/132/52 1851/133/52 1810/134/52
f 1850/132/52 1849/135/52 1852/136/52 1851/133/52
f 1849/135/52 1848/137/52 1853/138/52 1852/136/52
f 1848/137/52 1847/139/52 1854/140/52 1853/138/52
f 1847/139/52 1846/141/52 1855/142/52 1854/140/52
f 1846/141/52 1845/143/52 1856/144/52 1855/142/52
f 1845/143/52 1844/128/52 1857/129/52 1856/144/52
f 1816/117/51 1843/145/51 1850/132/51 1814/118/51
f 1843/145/51 1842/146/51 1849/135/51 1850/132/51
f 1842/146/51 1841/147/51 1848/137/51 1849/135/51
f 1841/147/51 1840/148/51 1847/139/51 1848/137/51
f 1840/148/51 1839/149/51 1846/141/51 1847/139/51
f 1839/149/51 1838/150/51 1845/143/51 1846/141/51
f 1838/150/51 1837/127/51 1844/128/51 1845/143/51
f 1812/151/50 1836/152/50 1843/145/50 1816/117/50
f 1836/152/50 1835/153/50 1842/146/50 1843/145/50
f 1835/153/50 1834/154/50 1841/147/50 1842/146/50
f 1834/154/50 1833/155/50 1840/148/50 1841/147/50
f 1833/155/50 1832/156/50 1839/149/50 1840/148/50
f 1832/156/50 1831/157/50 1838/150/50 1839/149/50
f 1831/157/50 1830/126/50 1837/127/50 1838/150/50
f 1810/158/49 1851/159/49 1836/152/49 1812/151/49
f 1851/159/49 1852/160/49 1835/153/49 1836/152/49
f 1852/160/49 1853/161/49 1834/154/49 1835/153/49
f 1853/161/49 1854/162/49 1833/155/49 1834/154/49
f 1854/162/49 1855/163/49 1832/156/49 1833/155/49
f 1855/163/49 1856/164/49 1831/157/49 1832/156/49
f 1856/164/49 1857/125/49 1830/126/49 1831/157/49
f 1857/129/57 1856/144/57 1858/144/57 1859/129/57
f 1846/141/58 1845/143/58 1860/143/58 1861/141/58
f 1834/154/59 1833/155/59 1862/155/59 1863/154/59
f 1840/148/60 1839/149/60 1864/149/60 1865/148/60
f 1874/106/39 1867/107/39 1869/108/39 1875/109/39
f 1875/109/40 1869/108/40 1873/110/40 1876/111/40
f 1876/111/41 1873/110/41 1871/112/41 1877/113/41
f 1877/113/42 1871/112/42 1867/114/42 1874/115/42
f 1868/116/43 1872/117/43 1870/118/43 1866/119/43
f 1871/112/44 1873/110/44 1884/110/44 1885/112/44
f 1880/120/45 1877/113/45 1874/115/45 1881/121/45
f 1879/122/46 1876/111/46 1877/113/46 1880/120/46
f 1878/123/47 1875/109/47 1876/111/47 1879/122/47
f 1881/124/48 1874/106/48 1875/109/48 1878/123/48
f 1913/125/49 1881/124/49 1878/123/49 1886/126/49
f 1886/126/50 1878/123/50 1879/122/50 1893/127/50
f 1893/127/51 1879/122/51 1880/120/51 1900/128/51
f 1900/128/52 1880/120/52 1881/121/52 1913/129/52
f 1884/110/53 1883/130/53 1882/131/53 1885/112/53
f 1869/108/54 1867/107/54 1882/107/54 1883/108/54
f 1867/114/55 1871/112/55 1885/112/55 1882/114/55
f 1873/110/56 1869/108/56 1883/108/56 1884/110/56
f 1870/118/52 1906/132/52 1907/133/52 1866/134/52
f 1906/132/52 1905/135/52 1908/136/52 1907/133/52
f 1905/135/52 1904/137/52 1909/138/52 1908/136/52
f 1904/137/52 1903/139/52 1910/140/52 1909/138/52
f 1903/139/52 1902/141/52 1911/142/52 1910/140/52
f 1902/141/52 1901/143/52 1912/144/52 1911/142/52
f 1901/143/52 1900/128/52 1913/129/52 1912/144/52
f 1872/117/51 1899/145/51 1906/132/51 1870/118/51
f 1899/145/51 1898/146/51 1905/135/51 1906/132/51
f 1898/146/51 1897/147/51 1904/137/51 1905/135/51
f 1897/147/51 1896/148/51 1903/139/51 1904/137/51
f 1896/148/51 1895/149/51 1902/141/51 1903/139/51
f 1895/149/51 1894/150/51 1901/143/51 1902/141/51
f 1894/150/51 1893/127/51 1900/128/51 1901/143/51
f 1868/151/50 1892/152/50 1899/145/50 1872/117/50
f 1892/152/50 1891/153/50 1898/146/50 1899/145/50
f 1891/153/50 1890/154/50 1897/147/50 1898/146/50
f 1890/154/50 1889/155/50 1896/148/50 1897/147/50
f 1889/155/50 1888/156/50 1895/149/50 1896/148/50
f 1888/156/50 1887/157/50 1894/150/50 1895/149/50
f 1887/157/50 1886/126/50 1893/127/50 1894/150/50
f 1866/158/49 1907/159/49 1892/152/49 1868/151/49
f 1907/159/49 1908/160/49 1891/153/49 1892/152/49
f 1908/160/49 1909/161/49 1890/154/49 1891/153/49
f 1909/161/49 1910/162/49 1889/155/49 1890/154/49
f 1910/162/49 1911/163/49 1888/156/49 1889/155/49
f 1911/163/49 1912/164/49 1887/157/49 1888/156/49
f 1912/164/49 1913/125/49 1886/126/49 1887/157/49
f 1913/129/57 1912/144/57 1914/144/57 1915/129/57
f 1902/141/58 1901/143/58 1916/143/58 1917/141/58
f 1890/154/59 1889/155/59 1918/155/59 1919/154/59
f 1896/148/60 1895/149/60 1920/149/60 1921/148/60
f 1930/106/39 1923/107/39 1925/108/39 1931/109/39
f 1931/109/40 1925/108/40 1929/110/40 1932/111/40
f 1932/111/41 1929/110/41 1927/112/41 1933/113/41
f 1933/113/42 1927/112/42 1923/114/42 1930/115/42
f 1924/116/43 1928/117/43 1926/118/43 1922/119/43
f 1927/112/44 1929/110/44 1940/110/44 1941/112/44
f 1936/120/45 1933/113/45 1930/115/45 1937/121/45
f 1935/122/46 1932/111/46 1933/113/46 1936/120/46
f 1934/123/47 1931/109/47 1932/111/47 1935/122/47
f 1937/124/48 1930/106/48 1931/109/48 1934/123/48
f 1969/125/49 1937/124/49 1934/123/49 1942/126/49
f 1942/126/50 1934/123/50 1935/122/50 1949/127/50
f 1949/127/51 1935/122/51 1936/120/51 1956/128/51
f 1956/128/52 1936/120/52 1937/121/52 1969/129/52
f 1940/110/53 1939/130/53 1938/131/53 1941/112/53
f 1925/108/54 1923/107/54 1938/107/54 1939/108/54
f 1923/114/55 1927/112/55 1941/112/55 1938/114/55
f 1929/110/56 1925/108/56 1939/108/56 1940/110/56
f 1926/118/52 1962/132/52 1963/133/52 1922/134/52
f 1962/132/52 1961/135/52 1964/136/52 1963/133/52
f 1961/135/52 1960/137/52 1965/138/52 1964/136/52
f 1960/137/52 1959/139/52 1966/140/52 1965/138/52
f 1959/139/52 1958/141/52 1967/142/52 1966/140/52
f 1958/141/52 1957/143/52 1968/144/52 1967/142/52
f 1957/143/52 1956/128/52 1969/129/52 1968/144/52
f 1928/117/51 1955/145/51 1962/132/51 1926/118/51
f 1955/145/51 1954/146/51 1961/135/51 1962/132/51
f 1954/146/51 1953/147/51 1960/137/51 1961/135/51
f 1953/147/51 1952/148/51 1959/139/51 1960/137/51
f 1952/148/51 1951/149/51 1958/141/51 1959/139/51
f 1951/149/51 1950/150/51 1957/143/51 1958/141/51
f 1950/150/51 1949/127/51 1956/128/51 1957/143/51
f 1924/151/50 1948/152/50 1955/145/50 1928/117/50
f 1948/152/50 1947/153/50 1954/146/50 1955/145/50
f 1947/153/50 1946/154/50 1953/147/50 1954/146/50
f 1946/154/50 1945/155/50 1952/148/50 1953/147/50
f 1945/155/50 1944/156/50 1951/149/50 1952/148/50
f 1944/156/50 1943/157/50 1950/150/50 1951/149/50
f 1943/157/50 1942/126/50 1949/127/50 1950/150/50
f 1922/158/49 1963/159/49 1948/152/49 1924/151/49
f 1963/159/49 1964/160/49 1947/153/49 1948/152/49
f 1964/160/49 1965/161/49 1946/154/49 1947/153/49
f 1965/161/49 1966/162/49 1945/155/49 1946/154/49
f 1966/162/49 1967/163/49 1944/156/49 1945/155/49
f 1967/163/49 1968/164/49 1943/157/49 1944/156/49
f 1968/164/49 1969/125/49 1942/126/49 1943/157/49
f 1969/129/57 1968/144/57 1970/144/57 1971/129/57
f 1958/141/58 1957/143/58 1972/143/58 1973/141/58
f 1946/154/59 1945/155/59 1974/155/59 1975/154/59
f 1952/148/60 1951/149/60 1976/149/60 1977/148/60
f 1986/106/39 1979/107/39 1981/108/39 1987/109/39
f 1987/109/40 1981/108/40 1985/110/40 1988/111/40
f 1988/111/41 1985/110/41 1983/112/41 1989/113/41
f 1989/113/42 1983/112/42 1979/114/42 1986/115/42
f 1980/116/43 1984/117/43 1982/118/43 1978/119/43
f 1983/112/44 1985/110/44 1996/110/44 1997/112/44
f 1992/120/45 1989/113/45 1986/115/45 1993/121/45
f 1991/122/46 1988/111/46 1989/113/46 1992/120/46
f 1990/123/47 1987/109/47 1988/111/47 1991/122/47
f 1993/124/48 1986/106/48 1987/109/48 1990/123/48
f 2025/125/49 1993/124/49 1990/123/49 1998/126/49
f 1998/126/50 1990/123/50 1991/122/50 2005/127/50
f 2005/127/51 1991/122/51 1992/120/51 2012/128/51
f 2012/128/52 1992/120/52 1993/121/52 2025/129/52
f 1996/110/53 1995/130/53 1994/131/53 1997/112/53
f 1981/108/54 1979/107/54 1994/107/54 1995/108/54
f 1979/114/55 1983/112/55 1997/112/55 1994/114/55
f 1985/110/56 1981/108/56 1995/108/56 1996/110/56
f 1982/118/52 2018/132/52 2019/133/52 1978/134/52
f 2018/132/52 2017/135/52 2020/136/52 2019/133/52
f 2017/135/52 2016/137/52 2021/138/52 2020/136/52
f 2016/137/52 2015/139/52 2022/140/52 2021/138/52
f 2015/139/52 2014/141/52 2023/142/52 2022/140/52
f 2014/141/52 2013/143/52 2024/144/52 2023/142/52
f 2013/143/52 2012/128/52 2025/129/52 2024/144/52
f 1984/117/51 2011/145/51 2018/132/51 1982/118/51
f 2011/145/51 2010/146/51 2017/135/51 2018/132/51
f 2010/146/51 2009/147/51 2016/137/51 2017/135/51
f 2009/147/51 2008/148/51 2015/139/51 2016/137/51
f 2008/148/51 2007/149/51 2014/141/51 2015/139/51
f 2007/149/51 2006/150/51 2013/143/51 2014/141/51
f 2006/150/51 2005/127/51 2012/128/51 2013/143/51
f 1980/151/50 2004/152/50 2011/145/50 1984/117/50
f 2004/152/50 2003/153/50 2010/146/50 2011/145/50
f 2003/153/50 2002/154/50 2009/147/50 2010/146/50
f 2002/154/50 2001/155/50 2008/148/50 2009/147/50
f 2001/155/50 2000/156/50 2007/149/50 2008/148/50
f 2000/156/50 1999/157/50 2006/150/50 2007/149/50
f 1999/157/50 1998/126/50 2005/127/50 2006/150/50
f 1978/158/49 2019/159/49 2004/152/49 1980/151/49
f 2019/159/49 2020/160/49 2003/153/49 2004/152/49
f 2020/160/49 2021/161/49 2002/154/49 2003/153/49
f 2021/161/49 2022/162/49 2001/155/49 2002/154/49
f 2022/162/49 2023/163/49 2000/156/49 2001/155/49
f 2023/163/49 2024/164/49 1999/157/49 2000/156/49
f 2024/164/49 2025/125/49 1998/126/49 1999/157/49
f 2025/129/57 2024/144/57 2026/144/57 2027/129/57
f 2014/141/58 2013/143/58 2028/143/58 2029/141/58
f 2002/154/59 2001/155/59 2030/155/59 2031/154/59
f 2008/148/60 2007/149/60 2032/149/60 2033/148/60
f 2042/106/39 2035/107/39 2037/108/39 2043/109/39
f 2043/109/40 2037/108/40 2041/110/40 2044/111/40
f 2044/111/41 2041/110/41 2039/112/41 2045/113/41
f 2045/113/42 2039/112/42 2035/114/42 2042/115/42
f 2036/116/43 2040/117/43 2038/118/43 2034/119/43
f 2039/112/44 2041/110/44 2052/110/44 2053/112/44
f 2048/120/45 2045/113/45 2042/115/45 2049/121/45
f 2047/122/46 2044/111/46 2045/113/46 2048/120/46
f 2046/123/47 2043/109/47 2044/111/47 2047/122/47
f 2049/124/48 2042/106/48 2043/109/48 2046/123/48
f 2081/125/49 2049/124/49 2046/123/49 2054/126/49
f 2054/126/50 2046/123/50 2047/122/50 2061/127/50
f 2061/127/51 2047/122/51 2048/120/51 2068/128/51
f 2068/128/52 2048/120/52 2049/121/52 2081/129/52
f 2052/110/53 2051/130/53 2050/131/53 2053/112/53
f 2037/108/54 2035/107/54 2050/107/54 2051/108/54
f 2035/114/55 2039/112/55 2053/112/55 2050/114/55
f 2041/110/56 2037/108/56 2051/108/56 2052/110/56
f 2038/118/52 2074/132/52 2075/133/52 2034/134/52
f 2074/132/52 2073/135/52 2076/136/52 2075/133/52
f 2073/135/52 2072/137/52 2077/138/52 2076/136/52
f 2072/137/52 2071/139/52 2078/140/52 2077/138/52
f 2071/139/52 2070/141/52 2079/142/52 2078/140/52
f 2070/141/52 2069/143/52 2080/144/52 2079/142/52
f 2069/143/52 2068/128/52 2081/129/52 2080/144/52
f 2040/117/51 2067/145/51 2074/132/51 2038/118/51
f 2067/145/51 2066/146/51 2073/135/51 2074/132/51
f 2066/146/51 2065/147/51 2072/137/51 2073/135/51
f 2065/147/51 2064/148/51 2071/139/51 2072/137/51
f 2064/148/51 2063/149/51 2070/141/51 2071/139/51
f 2063/149/51 2062/150/51 2069/143/51 2070/141/51
f 2062/150/51 2061/127/51 2068/128/51 2069/143/51
f 2036/151/50 2060/152/50 2067/145/50 2040/117/50
f 2060/152/50 2059/153/50 2066/146/50 2067/145/50
f 2059/153/50 2058/154/50 2065/147/50 2066/146/50
f 2058/154/50 2057/155/50 2064/148/50 2065/147/50
f 2057/155/50 2056/156/50 2063/149/50 2064/148/50
f 2056/156/50 2055/157/50 2062/150/50 2063/149/50
f 2055/157/50 2054/126/50 2061/127/50 2062/150/50
f 2034/158/49 2075/159/49 2060/152/49 2036/151/49
f 2075/159/49 2076/160/49 2059/153/49 2060/152/49
f 2076/160/49 2077/161/49 2058/154/49 2059/153/49
f 2077/161/49 2078/162/49 2057/155/49 2058/154/49
f 2078/162/49 2079/163/49 2056/156/49 2057/155/49
f 2079/163/49 2080/164/49 2055/157/49 2056/156/49
f 2080/164/49 2081/125/49 2054/126/49 2055/157/49
f 2081/129/57 2080/144/57 2082/144/57 2083/129/57
f 2070/141/58 2069/143/58 2084/143/58 2085/141/58
f 2058/154/59 2057/155/59 2086/155/59 2087/154/59
f 2064/148/60 2063/149/60 2088/149/60 2089/148/60
f 2098/106/39 2091/107/39 2093/108/39 2099/109/39
f 2099/109/40 2093/108/40 2097/110/40 2100/111/40
f 2100/111/41 2097/110/41 2095/112/41 2101/113/41
f 2101/113/42 2095/112/42 2091/114/42 2098/115/42
f 2092/116/43 2096/117/43 2094/118/43 2090/119/43
f 2095/112/44 2097/110/44 2108/110/44 2109/112/44
f 2104/120/45 2101/113/45 2098/115/45 2105/121/45
f 2103/122/46 2100/111/46 2101/113/46 2104/120/46
f 2102/123/47 2099/109/47 2100/111/47 2103/122/47
f 2105/124/48 2098/106/48 2099/109/48 2102/123/48
f 2137/125/49 2105/124/49 2102/123/49 2110/126/49
f 2110/126/50 2102/123/50 2103/122/50 2117/127/50
f 2117/127/51 2103/122/51 2104/120/51 2124/128/51
f 2124/128/52 2104/120/52 2105/121/52 2137/129/52
f 2108/110/53 2107/130/53 2106/131/53 2109/112/53
f 2093/108/54 2091/107/54 2106/107/54 2107/108/54
f 2091/114/55 2095/112/55 2109/112/55 2106/114/55
f 2097/110/56 2093/108/56 2107/108/56 2108/110/56
f 2094/118/52 2130/132/52 2131/133/52 2090/134/52
f 2130/132/52 2129/135/52 2132/136/52 2131/133/52
f 2129/135/52 2128/137/52 2133/138/52 2132/136/52
f 2128/137/52 2127/139/52 2134/140/52 2133/138/52
f 2127/139/52 2126/141/52 2135/142/52 2134/140/52
f 2126/141/52 2125/143/52 2136/144/52 2135/142/52
f 2125/143/52 2124/128/52 2137/129/52 2136/144/52
f 2096/117/51 2123/145/51 2130/132/51 2094/118/51
f 2123/145/51 2122/146/51 2129/135/51 2130/132/51
f 2122/146/51 2121/147/51 2128/137/51 2129/135/51
f 2121/147/51 2120/148/51 2127/139/51 2128/137/51
f 2120/148/51 2119/149/51 2126/141/51 2127/139/51
f 2119/149/51 2118/150/51 2125/143/51 2126/141/51
f 2118/150/51 2117/127/51 2124/128/51 2125/143/51
f 2092/151/50 2116/152/50 2123/145/50 2096/117/50
f 2116/152/50 2115/153/50 2122/146/50 2123/145/50
f 2115/153/50 2114/154/50 2121/147/50 2122/146/50
f 2114/154/50 2113/155/50 2120/148/50 2121/147/50
f 2113/155/50 2112/156/50 2119/149/50 2120/148/50
f 2112/156/50 2111/157/50 2118/150/50 2119/149/50
f 2111/157/50 2110/126/50 2117/127/50 2118/150/50
f 2090/158/49 2131/159/49 2116/152/49 2092/151/49
f 2131/159/49 2132/160/49 2115/153/49 2116/152/49
f 2132/160/49 2133/161/49 2114/154/49 2115/153/49
f 2133/161/49 2134/162/49 2113/155/49 2114/154/49
f 2134/162/49 2135/163/49 2112/156/49 2113/155/49
f 2135/163/49 2136/164/49 2111/157/49 2112/156/49
f 2136/164/49 2137/125/49 2110/126/49 2111/157/49
f 2137/129/57 2136/144/57 2138/144/57 2139/129/57
f 2126/141/58 2125/143/58 2140/143/58 2141/141/58
f 2114/154/59 2113/155/59 2142/155/59 2143/154/59
f 2120/148/60 2119/149/60 2144/149/60 2145/148/60
f 2154/106/39 2147/107/39 2149/108/39 2155/109/39
f 2155/109/40 2149/108/40 2153/110/40 2156/111/40
f 2156/111/41 2153/110/41 2151/112/41 2157/113/41
f 2157/113/42 2151/112/42 2147/114/42 2154/115/42
f 2148/116/43 2152/117/43 2150/118/43 2146/119/43
f 2151/112/44 2153/110/44 2164/110/44 2165/112/44
f 2160/120/45 2157/113/45 2154/115/45 2161/121/45
f 2159/122/46 2156/111/46 2157/113/46 2160/120/46
f 2158/123/47 2155/109/47 2156/111/47 2159/122/47
f 2161/124/48 2154/106/48 2155/109/48 2158/123/48
f 2193/125/49 2161/124/49 2158/123/49 2166/126/49
f 2166/126/50 2158/123/50 2159/122/50 2173/127/50
f 2173/127/51 2159/122/51 2160/120/51 2180/128/51
f 2180/128/52 2160/120/52 2161/121/52 2193/129/52
f 2164/110/53 2163/130/53 2162/131/53 2165/112/53
f 2149/108/54 2147/107/54 2162/107/54 2163/108/54
f 2147/114/55 2151/112/55 2165/112/55 2162/114/55
f 2153/110/56 2149/108/56 2163/108/56 2164/110/56
f 2150/118/52 2186/132/52 2187/133/52 2146/134/52
f 2186/132/52 2185/135/52 2188/136/52 2187/133/52
f 2185/135/52 2184/137/52 2189/138/52 2188/136/52
f 2184/137/52 2183/139/52 2190/140/52 2189/138/52
f 2183/139/52 2182/141/52 2191/142/52 2190/140/52
f 2182/141/52 2181/143/52 2192/144/52 2191/142/52
f 2181/143/52 2180/128/52 2193/129/52 2192/144/52
f 2152/117/51 2179/145/51 2186/132/51 2150/118/51
f 2179/145/51 2178/146/51 2185/135/51 2186/132/51
f 2178/146/51 2177/147/51 2184/137/51 2185/135/51
f 2177/147/51 2176/148/51 2183/139/51 2184/137/51
f 2176/148/51 2175/149/51 2182/141/51 2183/139/51
f 2175/149/51 2174/150/51 2181/143/51 2182/141/51
f 2174/150/51 2173/127/51 2180/128/51 2181/143/51
f 2148/151/50 2172/152/50 2179/145/50 2152/117/50
f 2172/152/50 2171/153/50 2178/146/50 2179/145/50
f 2171/153/50 2170/154/50 2177/147/50 2178/146/50
f 2170/154/50 2169/155/50 2176/148/50 2177/147/50
f 2169/155/50 2168/156/50 2175/149/50 2176/148/50
f 2168/156/50 2167/157/50 2174/150/50 2175/149/50
f 2167/157/50 2166/126/50 2173/127/50 2174/150/50
f 2146/158/49 2187/159/49 2172/152/49 2148/151/49
f 2187/159/49 2188/160/49 2171/153/49 2172/152/49
f 2188/160/49 2189/161/49 2170/154/49 2171/153/49
f 2189/161/49 2190/162/49 2169/155/49 2170/154/49
f 2190/162/49 2191/163/49 2168/156/49 2169/155/49
f 2191/163/49 2192/164/49 2167/157/49 2168/156/49
f 2192/164/49 2193/125/49 2166/126/49 2167/157/49
f 2193/129/57 2192/144/57 2194/144/57 2195/129/57
f 2182/141/58 2181/143/58 2196/143/58 2197/141/58
f 2170/154/59 2169/155/59 2198/155/59 2199/154/59
f 2176/148/60 2175/149/60 2200/149/60 2201/148/60
f 2210/106/39 2203/107/39 2205/108/39 2211/109/39
f 2211/109/40 2205/108/40 2209/110/40 2212/111/40
f 2212/111/41 2209/110/41 2207/112/41 2213/113/41
f 2213/113/42 2207/112/42 2203/114/42 2210/115/42
f 2204/116/43 2208/117/43 2206/118/43 2202/119/43
f 2207/112/44 2209/110/44 2220/110/44 2221/112/44
f 2216/120/45 2213/113/45 2210/115/45 2217/121/45
f 2215/122/46 2212/111/46 2213/113/46 2216/120/46
f 2214/123/47 2211/109/47 2212/111/47 2215/122/47
f 2217/124/48 2210/106/48 2211/109/48 2214/123/48
f 2249/125/49 2217/124/49 2214/123/49 2222/126/49
f 2222/126/50 2214/123/50 2215/122/50 2229/127/50
f 2229/127/51 2215/122/51 2216/120/51 2236/128/51
f 2236/128/52 2216/120/52 2217/121/52 2249/129/52
f 2220/110/53 2219/130/53 2218/131/53 2221/112/53
f 2205/108/54 2203/107/54 2218/107/54 2219/108/54
f 2203/114/55 2207/112/55 2221/112/55 2218/114/55
f 2209/110/56 2205/108/56 2219/108/56 2220/110/56
f 2206/118/52 2242/132/52 2243/133/52 2202/134/52
f 2242/132/52 2241/135/52 2244/136/52 2243/133/52
f 2241/135/52 2240/137/52 2245/138/52 2244/136/52
f 2240/137/52 2239/139/52 2246/140/52 2245/138/52
f 2239/139/52 2238/141/52 2247/142/52 2246/140/52
f 2238/141/52 2237/143/52 2248/144/52 2247/142/52
f 2237/143/52 2236/128/52 2249/129/52 2248/144/52
f 2208/117/51 2235/145/51 2242/132/51 2206/118/51
f 2235/145/51 2234/146/51 2241/135/51 2242/132/51
f 2234/146/51 2233/147/51 2240/137/51 2241/135/51
f 2233/147/51 2232/148/51 2239/139/51 2240/137/51
f 2232/148/51 2231/149/51 2238/141/51 2239/139/51
f 2231/149/51 2230/150/51 2237/143/51 2238/141/51
f 2230/150/51 2229/127/51 2236/128/51 2237/143/51
f 2204/151/50 2228/152/50 2235/145/50 2208/117/50
f 2228/152/50 2227/153/50 2234/146/50 2235/145/50
f 2227/153/50 2226/154/50 2233/147/50 2234/146/50
f 2226/154/50 2225/155/50 2232/148/50 2233/147/50
f 2225/155/50 2224/156/50 2231/149/50 2232/148/50
f 2224/156/50 2223/157/50 2230/150/50 2231/149/50
f 2223/157/50 2222/126/50 2229/127/50 2230/150/50
f 2202/158/49 2243/159/49 2228/152/49 2204/151/49
f 2243/159/49 2244/160/49 2227/153/49 2228/152/49
f 2244/160/49 2245/161/49 2226/154/49 2227/153/49
f 2245/161/49 2246/162/49 2225/155/49 2226/154/49
f 2246/162/49 2247/163/49 2224/156/49 2225/155/49
f 2247/163/49 2248/164/49 2223/157/49 2224/156/49
f 2248/164/49 2249/125/49 2222/126/49 2223/157/49
f 2249/129/57 2248/144/57 2250/144/57 2251/129/57
f 2238/141/58 2237/143/58 2252/143/58 2253/141/58
f 2226/154/59 2225/155/59 2254/155/59 2255/154/59
f 2232/148/60 2231/149/60 2256/149/60 2257/148/60
f 2266/106/39 2259/107/39 2261/108/39 2267/109/39
f 2267/109/40 2261/108/40 2265/110/40 2268/111/40
f 2268/111/41 2265/110/41 2263/112/41 2269/113/41
f 2269/113/42 2263/112/42 2259/114/42 2266/115/42
f 2260/116/43 2264/117/43 2262/118/43 2258/119/43
f 2263/112/44 2265/110/44 2276/110/44 2277/112/44
f 2272/120/45 2269/113/45 2266/115/45 2273/121/45
f 2271/122/46 2268/111/46 2269/113/46 2272/120/46
f 2270/123/47 2267/109/47 2268/111/47 2271/122/47
f 2273/124/48 2266/106/48 2267/109/48 2270/123/48
f 2305/125/49 2273/124/49 2270/123/49 2278/126/49
f 2278/126/50 2270/123/50 2271/122/50 2285/127/50
f 2285/127/51 2271/122/51 2272/120/51 2292/128/51
f 2292/128/52 2272/120/52 2273/121/52 2305/129/52
f 2276/110/53 2275/130/53 2274/131/53 2277/112/53
f 2261/108/54 2259/107/54 2274/107/54 2275/108/54
f 2259/114/55 2263/112/55 2277/112/55 2274/114/55
f 2265/110/56 2261/108/56 2275/108/56 2276/110/56
f 2262/118/52 2298/132/52 2299/133/52 2258/134/52
f 2298/132/52 2297/135/52 2300/136/52 2299/133/52
f 2297/135/52 2296/137/52 2301/138/52 2300/136/52
f 2296/137/52 2295/139/52 2302/140/52 2301/138/52
f 2295/139/52 2294/141/52 2303/142/52 2302/140/52
f 2294/141/52 2293/143/52 2304/144/52 2303/142/52
f 2293/143/52 2292/128/52 2305/129/52 2304/144/52
f 2264/117/51 2291/145/51 2298/132/51 2262/118/51
f 2291/145/51 2290/146/51 2297/135/51 2298/132/51
f 2290/146/51 2289/147/51 2296/137/51 2297/135/51
f 2289/147/51 2288/148/51 2295/139/51 2296/137/51
f 2288/148/51 2287/149/51 2294/141/51 2295/139/51
f 2287/149/51 2286/150/51 2293/143/51 2294/141/51
f 2286/150/51 2285/127/51 2292/128/51 2293/143/51
f 2260/151/50 2284/152/50 2291/145/50 2264/117/50
f 2284/152/50 2283/153/50 2290/146/50 2291/145/50
f 2283/153/50 2282/154/50 2289/147/50 2290/146/50
f 2282/154/50 2281/155/50 2288/148/50 2289/147/50
f 2281/155/50 2280/156/50 2287/149/50 2288/148/50
f 2280/156/50 2279/157/50 2286/150/50 2287/149/50
f 2279/157/50 2278/126/50 2285/127/50 2286/150/50
f 2258/158/49 2299/159/49 2284/152/49 2260/151/49
f 2299/159/49 2300/160/49 2283/153/49 2284/152/49
f 2300/160/49 2301/161/49 2282/154/49 2283/153/49
f 2301/161/49 2302/162/49 2281/155/49 2282/154/49
f 2302/162/49 2303/163/49 2280/156/49 2281/155/49
f 2303/163/49 2304/164/49 2279/157/49 2280/156/49
f 2304/164/49 2305/125/49 2278/126/49 2279/157/49
f 2305/129/57 2304/144/57 2306/144/57 2307/129/57
f 2294/141/58 2293/143/58 2308/143/58 2309/141/58
f 2282/154/59 2281/155/59 2310/155/59 2311/154/59
f 2288/148/60 2287/149/60 2312/149/60 2313/148/60
f 2322/106/39 2315/107/39 2317/108/39 2323/109/39
f 2323/109/40 2317/108/40 2321/110/40 2324/111/40
f 2324/111/41 2321/110/41 2319/112/41 2325/113/41
f 2325/113/42 2319/112/42 2315/114/42 2322/115/42
f 2316/116/43 2320/117/43 2318/118/43 2314/119/43
f 2319/112/44 2321/110/44 2332/110/44 2333/112/44
f 2328/120/45 2325/113/45 2322/115/45 2329/121/45
f 2327/122/46 2324/111/46 2325/113/46 2328/120/46
f 2326/123/47 2323/109/47 2324/111/47 2327/122/47
f 2329/124/48 2322/106/48 2323/109/48 2326/123/48
f 2361/125/49 2329/124/49 2326/123/49 2334/126/49
f 2334/126/50 2326/123/50 2327/122/50 2341/127/50
f 2341/127/51 2327/122/51 2328/120/51 2348/128/51
f 2348/128/52 2328/120/52 2329/121/52 2361/129/52
f 2332/110/53 2331/130/53 2330/131/53 2333/112/53
f 2317/108/54 2315/107/54 2330/107/54 2331/108/54
f 2315/114/55 2319/112/55 2333/112/55 2330/114/55
f 2321/110/56 2317/108/56 2331/108/56 2332/110/56
f 2318/118/52 2354/132/52 2355/133/52 2314/134/52
f 2354/132/52 2353/135/52 2356/136/52 2355/133/52
f 2353/135/52 2352/137/52 2357/138/52 2356/136/52
f 2352/137/52 2351/139/52 2358/140/52 2357/138/52
f 2351/139/52 2350/141/52 2359/142/52 2358/140/52
f 2350/141/52 2349/143/52 2360/144/52 2359/142/52
f 2349/143/52 2348/128/52 2361/129/52 2360/144/52
f 2320/117/51 2347/145/51 2354/132/51 2318/118/51
f 2347/145/51 2346/146/51 2353/135/51 2354/132/51
f 2346/146/51 2345/147/51 2352/137/51 2353/135/51
f 2345/147/51 2344/148/51 2351/139/51 2352/137/51
f 2344/148/51 2343/149/51 2350/141/51 2351/139/51
f 2343/149/51 2342/150/51 2349/143/51 2350/141/51
f 2342/150/51 2341/127/51 2348/128/51 2349/143/51
f 2316/151/50 2340/152/50 2347/145/50 2320/117/50
f 2340/152/50 2339/153/50 2346/146/50 2347/145/50
f 2339/153/50 2338/154/50 2345/147/50 2346/146/50
f 2338/154/50 2337/155/50 2344/148/50 2345/147/50
f 2337/155/50 2336/156/50 2343/149/50 2344/148/50
f 2336/156/50 2335/157/50 2342/150/50 2343/149/50
f 2335/157/50 2334/126/50 2341/127/50 2342/150/50
f 2314/158/49 2355/159/49 2340/152/49 2316/151/49
f 2355/159/49 2356/160/49 2339/153/49 2340/152/49
f 2356/160/49 2357/161/49 2338/154/49 2339/153/49
f 2357/161/49 2358/162/49 2337/155/49 2338/154/49
f 2358/162/49 2359/163/49 2336/156/49 2337/155/49
f 2359/163/49 2360/164/49 2335/157/49 2336/156/49
f 2360/164/49 2361/125/49 2334/126/49 2335/157/49
f 2361/129/57 2360/144/57 2362/144/57 2363/129/57
f 2350/141/58 2349/143/58 2364/143/58 2365/141/58
f 2338/154/59 2337/155/59 2366/155/59 2367/154/59
f 2344/148/60 2343/149/60 2368/149/60 2369/148/60
f 2378/106/39 2371/107/39 2373/108/39 2379/109/39
f 2379/109/40 2373/108/40 2377/110/40 2380/111/40
f 2380/111/41 2377/110/41 2375/112/41 2381/113/41
f 2381/113/42 2375/112/42 2371/114/42 2378/115/42
f 2372/116/43 2376/117/43 2374/118/43 2370/119/43
f 2375/112/44 2377/110/44 2388/110/44 2389/112/44
f 2384/120/45 2381/113/45 2378/115/45 2385/121/45
f 2383/122/46 2380/111/46 2381/113/46 2384/120/46
f 2382/123/47 2379/109/47 2380/111/47 2383/122/47
f 2385/124/48 2378/106/48 2379/109/48 2382/123/48
f 2417/125/49 2385/124/49 2382/123/49 2390/126/49
f 2390/126/50 2382/123/50 2383/122/50 2397/127/50
f 2397/127/51 2383/122/51 2384/120/51 2404/128/51
f 2404/128/52 2384/120/52 2385/121/52 2417/129/52
f 2388/110/53 2387/130/53 2386/131/53 2389/112/53
f 2373/108/54 2371/107/54 2386/107/54 2387/108/54
f 2371/114/55 2375/112/55 2389/112/55 2386/114/55
f 2377/110/56 2373/108/56 2387/108/56 2388/110/56
f 2374/118/52 2410/132/52 2411/133/52 2370/134/52
f 2410/132/52 2409/135/52 2412/136/52 2411/133/52
f 2409/135/52 2408/137/52 2413/138/52 2412/136/52
f 2408/137/52 2407/139/52 2414/140/52 2413/138/52
f 2407/139/52 2406/141/52 2415/142/52 2414/140/52
f 2406/141/52 2405/143/52 2416/144/52 2415/142/52
f 2405/143/52 2404/128/52 2417/129/52 2416/144/52
f 2376/117/51 2403/145/51 2410/132/51 2374/118/51
f 2403/145/51 2402/146/51 2409/135/51 2410/132/51
f 2402/146/51 2401/147/51 2408/137/51 2409/135/51
f 2401/147/51 2400/148/51 2407/139/51 2408/137/51
f 2400/148/51 2399/149/51 2406/141/51 2407/139/51
f 2399/149/51 2398/150/51 2405/143/51 2406/141/51
f 2398/150/51 2397/127/51 2404/128/51 2405/143/51
f 2372/151/50 2396/152/50 2403/145/50 2376/117/50
f 2396/152/50 2395/153/50 2402/146/50 2403/145/50
f 2395/153/50 2394/154/50 2401/147/50 2402/146/50
f 2394/154/50 2393/155/50 2400/148/50 2401/147/50
f 2393/155/50 2392/156/50 2399/149/50 2400/148/50
f 2392/156/50 2391/157/50 2398/150/50 2399/149/50
f 2391/157/50 2390/126/50 2397/127/50 2398/150/50
f 2370/158/49 2411/159/49 2396/152/49 2372/151/49
f 2411/159/49 2412/160/49 2395/153/49 2396/152/49
f 2412/160/49 2413/161/49 2394/154/49 2395/153/49
f 2413/161/49 2414/162/49 2393/155/49 2394/154/49
f 2414/162/49 2415/163/49 2392/156/49 2393/155/49
f 2415/163/49 2416/164/49 2391/157/49 2392/156/49
f 2416/164/49 2417/125/49 2390/126/49 2391/157/49
f 2417/129/57 2416/144/57 2418/144/57 2419/129/57
f 2406/141/58 2405/143/58 2420/143/58 2421/141/58
f 2394/154/59 2393/155/59 2422/155/59 2423/154/59
f 2400/148/60 2399/149/60 2424/149/60 2425/148/60
f 2434/106/39 2427/107/39 2429/108/39 2435/109/39
f 2435/109/40 2429/108/40 2433/110/40 2436/111/40
f 2436/111/41 2433/110/41 2431/112/41 2437/113/41
f 2437/113/42 2431/112/42 2427/114/42 2434/115/42
f 2428/116/43 2432/117/43 2430/118/43 2426/119/43
f 2431/112/44 2433/110/44 2444/110/44 2445/112/44
f 2440/120/45 2437/113/45 2434/115/45 2441/121/45
f 2439/122/46 2436/111/46 2437/113/46 2440/120/46
f 2438/123/47 2435/109/47 2436/111/47 2439/122/47
f 2441/124/48 2434/106/48 2435/109/48 2438/123/48
f 2473/125/49 2441/124/49 2438/123/49 2446/126/49
f 2446/126/50 2438/123/50 2439/122/50 2453/127/50
f 2453/127/51 2439/122/51 2440/120/51 2460/128/51
f 2460/128/52 2440/120/52 2441/121/52 2473/129/52
f 2444/110/53 2443/130/53 2442/131/53 2445/112/53
f 2429/108/54 2427/107/54 2442/107/54 2443/108/54
f 2427/114/55 2431/112/55 2445/112/55 2442/114/55
f 2433/110/56 2429/108/56 2443/108/56 2444/110/56
f 2430/118/52 2466/132/52 2467/133/52 2426/134/52
f 2466/132/52 2465/135/52 2468/136/52 2467/133/52
f 2465/135/52 2464/137/52 2469/138/52 2468/136/52
f 2464/137/52 2463/139/52 2470/140/52 2469/138/52
f 2463/139/52 2462/141/52 2471/142/52 2470/140/52
f 2462/141/52 2461/143/52 2472/144/52 2471/142/52
f 2461/143/52 2460/128/52 2473/129/52 2472/144/52
f 2432/117/51 2459/145/51 2466/132/51 2430/118/51
f 2459/145/51 2458/146/51 2465/135/51 2466/132/51
f 2458/146/51 2457/147/51 2464/137/51 2465/135/51
f 2457/147/51 2456/148/51 2463/139/51 2464/137/51
f 2456/148/51 2455/149/51 2462/141/51 2463/139/51
f 2455/149/51 2454/150/51 2461/143/51 2462/141/51
f 2454/150/51 2453/127/51 2460/128/51 2461/143/51
f 2428/151/50 2452/152/50 2459/145/50 2432/117/50
f 2452/152/50 2451/153/50 2458/146/50 2459/145/50
f 2451/153/50 2450/154/50 2457/147/50 2458/146/50
f 2450/154/50 2449/155/50 2456/148/50 2457/147/50
f 2449/155/50 2448/156/50 2455/149/50 2456/148/50
f 2448/156/50 2447/157/50 2454/150/50 2455/149/50
f 2447/157/50 2446/126/50 2453/127/50 2454/150/50
f 2426/158/49 2467/159/49 2452/152/49 2428/151/49
f 2467/159/49 2468/160/49 2451/153/49 2452/152/49
f 2468/160/49 2469/161/49 2450/154/49 2451/153/49
f 2469/161/49 2470/162/49 2449/155/49 2450/154/49
f 2470/162/49 2471/163/49 2448/156/49 2449/155/49
f 2471/163/49 2472/164/49 2447/157/49 2448/156/49
f 2472/164/49 2473/125/49 2446/126/49 2447/157/49
f 2473/129/57 2472/144/57 2474/144/57 2475/129/57
f 2462/141/58 2461/143/58 2476/143/58 2477/141/58
f 2450/154/59 2449/155/59 2478/155/59 2479/154/59
f 2456/148/60 2455/149/60 2480/149/60 2481/148/60
f 2490/106/39 2483/107/39 2485/108/39 2491/109/39
f 2491/109/40 2485/108/40 2489/110/40 2492/111/40
f 2492/111/41 2489/110/41 2487/112/41 2493/113/41
f 2493/113/42 2487/112/42 2483/114/42 2490/115/42
f 2484/116/43 2488/117/43 2486/118/43 2482/119/43
f 2487/112/44 2489/110/44 2500/110/44 2501/112/44
f 2496/120/45 2493/113/45 2490/115/45 2497/121/45
f 2495/122/46 2492/111/46 2493/113/46 2496/120/46
f 2494/123/47 2491/109/47 2492/111/47 2495/122/47
f 2497/124/48 2490/106/48 2491/109/48 2494/123/48
f 2529/125/49 2497/124/49 2494/123/49 2502/126/49
f 2502/126/50 2494/123/50 2495/122/50 2509/127/50
f 2509/127/51 2495/122/51 2496/120/51 2516/128/51
f 2516/128/52 2496/120/52 2497/121/52 2529/129/52
f 2500/110/53 2499/130/53 2498/131/53 2501/112/53
f 2485/108/54 2483/107/54 2498/107/54 2499/108/54
f 2483/114/55 2487/112/55 2501/112/55 2498/114/55
f 2489/110/56 2485/108/56 2499/108/56 2500/110/56
f 2486/118/52 2522/132/52 2523/133/52 2482/134/52
f 2522/132/52 2521/135/52 2524/136/52 2523/133/52
f 2521/135/52 2520/137/52 2525/138/52 2524/136/52
f 2520/137/52 2519/139/52 2526/140/52 2525/138/52
f 2519/139/52 2518/141/52 2527/142/52 2526/140/52
f 2518/141/52 2517/143/52 2528/144/52 2527/142/52
f 2517/143/52 2516/128/52 2529/129/52 2528/144/52
f 2488/117/51 2515/145/51 2522/132/51 2486/118/51
f 2515/145/51 2514/146/51 2521/135/51 2522/132/51
f 2514/146/51 2513/147/51 2520/137/51 2521/135/51
f 2513/147/51 2512/148/51 2519/139/51 2520/137/51
f 2512/148/51 2511/149/51 2518/141/51 2519/139/51
f 2511/149/51 2510/150/51 2517/143/51 2518/141/51
f 2510/150/51 2509/127/51 2516/128/51 2517/143/51
f 2484/151/50 2508/152/50 2515/145/50 2488/117/50
f 2508/152/50 2507/153/50 2514/146/50 2515/145/50
f 2507/153/50 2506/154/50 2513/147/50 2514/146/50
f 2506/154/50 2505/155/50 2512/148/50 2513/147/50
f 2505/155/50 2504/156/50 2511/149/50 2512/148/50
f 2504/156/50 2503/157/50 2510/150/50 2511/149/50
f 2503/157/50 2502/126/50 2509/127/50 2510/150/50
f 2482/158/49 2523/159/49 2508/152/49 2484/151/49
f 2523/159/49 2524/160/49 2507/153/49 2508/152/49
f 2524/160/49 2525/161/49 2506/154/49 2507/153/49
f 2525/161/49 2526/162/49 2505/155/49 2506/154/49
f 2526/162/49 2527/163/49 2504/156/49 2505/155/49
f 2527/163/49 2528/164/49 2503/157/49 2504/156/49
f 2528/164/49 2529/125/49 2502/126/49 2503/157/49
f 2529/129/57 2528/144/57 2530/144/57 2531/129/57
f 2518/141/58 2517/143/58 2532/143/58 2533/141/58
f 2506/154/59 2505/155/59 2534/155/59 2535/154/59
f 2512/148/60 2511/149/60 2536/149/60 2537/148/60
f 2546/106/39 2539/107/39 2541/108/39 2547/109/39
f 2547/109/40 2541/108/40 2545/110/40 2548/111/40
f 2548/111/41 2545/110/41 2543/112/41 2549/113/41
f 2549/113/42 2543/112/42 2539/114/42 2546/115/42
f 2540/116/43 2544/117/43 2542/118/43 2538/119/43
f 2543/112/44 2545/110/44 2556/110/44 2557/112/44
f 2552/120/45 2549/113/45 2546/115/45 2553/121/45
f 2551/122/46 2548/111/46 2549/113/46 2552/120/46
f 2550/123/47 2547/109/47 2548/111/47 2551/122/47
f 2553/124/48 2546/106/48 2547/109/48 2550/123/48
f 2585/125/49 2553/124/49 2550/123/49 2558/126/49
f 2558/126/50 2550/123/50 2551/122/50 2565/127/50
f 2565/127/51 2551/122/51 2552/120/51 2572/128/51
f 2572/128/52 2552/120/52 2553/121/52 2585/129/52
f 2556/110/53 2555/130/53 2554/131/53 2557/112/53
f 2541/108/54 2539/107/54 2554/107/54 2555/108/54
f 2539/114/55 2543/112/55 2557/112/55 2554/114/55
f 2545/110/56 2541/108/56 2555/108/56 2556/110/56
f 2542/118/52 2578/132/52 2579/133/52 2538/134/52
f 2578/132/52 2577/135/52 2580/136/52 2579/133/52
f 2577/135/52 2576/137/52 2581/138/52 2580/136/52
f 2576/137/52 2575/139/52 2582/140/52 2581/138/52
f 2575/139/52 2574/141/52 2583/142/52 2582/140/52
f 2574/141/52 2573/143/52 2584/144/52 2583/142/52
f 2573/143/52 2572/128/52 2585/129/52 2584/144/52
f 2544/117/51 2571/145/51 2578/132/51 2542/118/51
f 2571/145/51 2570/146/51 2577/135/51 2578/132/51
f 2570/146/51 2569/147/51 2576/137/51 2577/135/51
f 2569/147/51 2568/148/51 2575/139/51 2576/137/51
f 2568/148/51 2567/149/51 2574/141/51 2575/139/51
f 2567/149/51 2566/150/51 2573/143/51 2574/141/51
f 2566/150/51 2565/127/51 2572/128/51 2573/143/51
f 2540/151/50 2564/152/50 2571/145/50 2544/117/50
f 2564/152/50 2563/153/50 2570/146/50 2571/145/50
f 2563/153/50 2562/154/50 2569/147/50 2570/146/50
f 2562/154/50 2561/155/50 2568/148/50 2569/147/50
f 2561/155/50 2560/156/50 2567/149/50 2568/148/50
f 2560/156/50 2559/157/50 2566/150/50 2567/149/50
f 2559/157/50 2558/126/50 2565/127/50 2566/150/50
f 2538/158/49 2579/159/49 2564/152/49 2540/151/49
f 2579/159/49 2580/160/49 2563/153/49 2564/152/49
f 2580/160/49 2581/161/49 2562/154/49 2563/153/49
f 2581/161/49 2582/162/49 2561/155/49 2562/154/49
f 2582/162/49 2583/163/49 2560/156/49 2561/155/49
f 2583/163/49 2584/164/49 2559/157/49 2560/156/49
f 2584/164/49 2585/125/49 2558/126/49 2559/157/49
f 2585/129/57 2584/144/57 2586/144/57 2587/129/57
f 2574/141/58 2573/143/58 2588/143/58 2589/141/58
f 2562/154/59 2561/155/59 2590/155/59 2591/154/59
f 2568/148/60 2567/149/60 2592/149/60 2593/148/60
f 2602/106/39 2595/107/39 2597/108/39 2603/109/39
f 2603/109/40 2597/108/40 2601/110/40 2604/111/40
f 2604/111/41 2601/110/41 2599/112/41 2605/113/41
f 2605/113/42 2599/112/42 2595/114/42 2602/115/42
f 2596/116/43 2600/117/43 2598/118/43 2594/119/43
f 2599/112/44 2601/110/44 2612/110/44 2613/112/44
f 2608/120/45 2605/113/45 2602/115/45 2609/121/45
f 2607/122/46 2604/111/46 2605/113/46 2608/120/46
f 2606/123/47 2603/109/47 2604/111/47 2607/122/47
f 2609/124/48 2602/106/48 2603/109/48 2606/123/48
f 2641/125/49 2609/124/49 2606/123/49 2614/126/49
f 2614/126/50 2606/123/50 2607/122/50 2621/127/50
f 2621/127/51 2607/122/51 2608/120/51 2628/128/51
f 2628/128/52 2608/120/52 2609/121/52 2641/129/52
f 2612/110/53 2611/130/53 2610/131/53 2613/112/53
f 2597/108/54 2595/107/54 2610/107/54 2611/108/54
f 2595/114/55 2599/112/55 2613/112/55 2610/114/55
f 2601/110/56 2597/108/56 2611/108/56 2612/110/56
f 2598/118/52 2634/132/52 2635/133/52 2594/134/52
f 2634/132/52 2633/135/52 2636/136/52 2635/133/52
f 2633/135/52 2632/137/52 2637/138/52 2636/136/52
f 2632/137/52 2631/139/52 2638/140/52 2637/138/52
f 2631/139/52 2630/141/52 2639/142/52 2638/140/52
f 2630/141/52 2629/143/52 2640/144/52 2639/142/52
f 2629/143/52 2628/128/52 2641/129/52 2640/144/52
f 2600/117/51 2627/145/51 2634/132/51 2598/118/51
f 2627/145/51 2626/146/51 2633/135/51 2634/132/51
f 2626/146/51 2625/147/51 2632/137/51 2633/135/51
f 2625/147/51 2624/148/51 2631/139/51 2632/137/51
f 2624/148/51 2623/149/51 2630/141/51 2631/139/51
f 2623/149/51 2622/150/51 2629/143/51 2630/141/51
f 2622/150/51 2621/127/51 2628/128/51 2629/143/51
f 2596/151/50 2620/152/50 2627/145/50 2600/117/50
f 2620/152/50 2619/153/50 2626/146/50 2627/145/50
f 2619/153/50 2618/154/50 2625/147/50 2626/146/50
f 2618/154/50 2617/155/50 2624/148/50 2625/147/50
f 2617/155/50 2616/156/50 2623/149/50 2624/148/50
f 2616/156/50 2615/157/50 2622/150/50 2623/149/50
f 2615/157/50 2614/126/50 2621/127/50 2622/150/50
f 2594/158/49 2635/159/49 2620/152/49 2596/151/49
f 2635/159/49 2636/160/49 2619/153/49 2620/152/49
f 2636/160/49 2637/161/49 2618/154/49 2619/153/49
f 2637/161/49 2638/162/49 2617/155/49 2618/154/49
f 2638/162/49 2639/163/49 2616/156/49 2617/155/49
f 2639/163/49 2640/164/49 2615/157/49 2616/156/49
f 2640/164/49 2641/125/49 2614/126/49 2615/157/49
f 2641/129/57 2640/144/57 2642/144/57 2643/129/57
f 2630/141/58 2629/143/58 2644/143/58 2645/141/58
f 2618/154/59 2617/155/59 2646/155/59 2647/154/59
f 2624/148/60 2623/149/60 2648/149/60 2649/148/60
f 2658/106/39 2651/107/39 2653/108/39 2659/109/39
f 2659/109/40 2653/108/40 2657/110/40 2660/111/40
f 2660/111/41 2657/110/41 2655/112/41 2661/113/41
f 2661/113/42 2655/112/42 2651/114/42 2658/115/42
f 2652/116/43 2656/117/43 2654/118/43 2650/119/43
f 2655/112/44 2657/110/44 2668/110/44 2669/112/44
f 2664/120/45 2661/113/45 2658/115/45 2665/121/45
f 2663/122/46 2660/111/46 2661/113/46 2664/120/46
f 2662/123/47 2659/109/47 2660/111/47 2663/122/47
f 2665/124/48 2658/106/48 2659/109/48 2662/123/48
f 2697/125/49 2665/124/49 2662/123/49 2670/126/49
f 2670/126/50 2662/123/50 2663/122/50 2677/127/50
f 2677/127/51 2663/122/51 2664/120/51 2684/128/51
f 2684/128/52 2664/120/52 2665/121/52 2697/129/52
f 2668/110/53 2667/130/53 2666/131/53 2669/112/53
f 2653/108/54 2651/107/54 2666/107/54 2667/108/54
f 2651/114/55 2655/112/55 2669/112/55 2666/114/55
f 2657/110/56 2653/108/56 2667/108/56 2668/110/56
f 2654/118/52 2690/132/52 2691/133/52 2650/134/52
f 2690/132/52 2689/135/52 2692/136/52 2691/133/52
f 2689/135/52 2688/137/52 2693/138/52 2692/136/52
f 2688/137/52 2687/139/52 2694/140/52 2693/138/52
f 2687/139/52 2686/141/52 2695/142/52 2694/140/52
f 2686/141/52 2685/143/52 2696/144/52 2695/142/52
f 2685/143/52 2684/128/52 2697/129/52 2696/144/52
f 2656/117/51 2683/145/51 2690/132/51 2654/118/51
f 2683/145/51 2682/146/51 2689/135/51 2690/132/51
f 2682/146/51 2681/147/51 2688/137/51 2689/135/51
f 2681/147/51 2680/148/51 2687/139/51 2688/137/51
f 2680/148/51 2679/149/51 2686/141/51 2687/139/51
f 2679/149/51 2678/150/51 2685/143/51 2686/141/51
f 2678/150/51 2677/127/51 2684/128/51 2685/143/51
f 2652/151/50 2676/152/50 2683/145/50 2656/117/50
f 2676/152/50 2675/153/50 2682/146/50 2683/145/50
f 2675/153/50 2674/154/50 2681/147/50 2682/146/50
f 2674/154/50 2673/155/50 2680/148/50 2681/147/50
f 2673/155/50 2672/156/50 2679/149/50 2680/148/50
f 2672/156/50 2671/157/50 2678/150/50 2679/149/50
f 2671/157/50 2670/126/50 2677/127/50 2678/150/50
f 2650/158/49 2691/159/49 2676/152/49 2652/151/49
f 2691/159/49 2692/160/49 2675/153/49 2676/152/49
f 2692/160/49 2693/161/49 2674/154/49 2675/153/49
f 2693/161/49 2694/162/49 2673/155/49 2674/154/49
f 2694/162/49 2695/163/49 2672/156/49 2673/155/49
f 2695/163/49 2696/164/49 2671/157/49 2672/156/49
f 2696/164/49 2697/125/49 2670/126/49 2671/157/49
f 2697/129/57 2696/144/57 2698/144/57 2699/129/57
f 2686/141/58 2685/143/58 2700/143/58 2701/141/58
f 2674/154/59 2673/155/59 2702/155/59 2703/154/59
f 2680/148/60 2679/149/60 2704/149/60 2705/148/60
f 2714/106/39 2707/107/39 2709/108/39 2715/109/39
f 2715/109/40 2709/108/40 2713/110/40 2716/111/40
f 2716/111/41 2713/110/41 2711/112/41 2717/113/41
f 2717/113/42 2711/112/42 2707/114/42 2714/115/42
f 2708/116/43 2712/117/43 2710/118/43 2706/119/43
f 2711/112/44 2713/110/44 2724/110/44 2725/112/44
f 2720/120/45 2717/113/45 2714/115/45 2721/121/45
f 2719/122/46 2716/111/46 2717/113/46 2720/120/46
f 2718/123/47 2715/109/47 2716/111/47 2719/122/47
f 2721/124/48 2714/106/48 2715/109/48 2718/123/48
f 2753/125/49 2721/124/49 2718/123/49 2726/126/49
f 2726/126/50 2718/123/50 2719/122/50 2733/127/50
f 2733/127/51 2719/122/51 2720/120/51 2740/128/51
f 2740/128/52 2720/120/52 2721/121/52 2753/129/52
f 2724/110/53 2723/130/53 2722/131/53 2725/112/53
f 2709/108/54 2707/107/54 2722/107/54 2723/108/54
f 2707/114/55 2711/112/55 2725/112/55 2722/114/55
f 2713/110/56 2709/108/56 2723/108/56 2724/110/56
f 2710/118/52 2746/132/52 2747/133/52 2706/134/52
f 2746/132/52 2745/135/52 2748/136/52 2747/133/52
f 2745/135/52 2744/137/52 2749/138/52 2748/136/52
f 2744/137/52 2743/139/52 2750/140/52 2749/138/52
f 2743/139/52 2742/141/52 2751/142/52 2750/140/52
f 2742/141/52 2741/143/52 2752/144/52 2751/142/52
f 2741/143/52 2740/128/52 2753/129/52 2752/144/52
f 2712/117/51 2739/145/51 2746/132/51 2710/118/51
f 2739/145/51 2738/146/51 2745/135/51 2746/132/51
f 2738/146/51 2737/147/51 2744/137/51 2745/135/51
f 2737/147/51 2736/148/51 2743/139/51 2744/137/51
f 2736/148/51 2735/149/51 2742/141/51 2743/139/51
f 2735/149/51 2734/150/51 2741/143/51 2742/141/51
f 2734/150/51 2733/127/51 2740/128/51 2741/143/51
f 2708/151/50 2732/152/50 2739/145/50 2712/117/50
f 2732/152/50 2731/153/50 2738/146/50 2739/145/50
f 2731/153/50 2730/154/50 2737/147/50 2738/146/50
f 2730/154/50 2729/155/50 2736/148/50 2737/147/50
f 2729/155/50 2728/156/50 2735/149/50 2736/148/50
f 2728/156/50 2727/157/50 2734/150/50 2735/149/50
f 2727/157/50 2726/126/50 2733/127/50 2734/150/50
f 2706/158/49 2747/159/49 2732/152/49 2708/151/49
f 2747/159/49 2748/160/49 2731/153/49 2732/152/49
f 2748/160/49 2749/161/49 2730/154/49 2731/153/49
f 2749/161/49 2750/162/49 2729/155/49 2730/154/49
f 2750/162/49 2751/163/49 2728/156/49 2729/155/49
f 2751/163/49 2752/164/49 2727/157/49 2728/156/49
f 2752/164/49 2753/125/49 2726/126/49 2727/157/49
f 2753/129/57 2752/144/57 2754/144/57 2755/129/57
f 2742/141/58 2741/143/58 2756/143/58 2757/141/58
f 2730/154/59 2729/155/59 2758/155/59 2759/154/59
f 2736/148/60 2735/149/60 2760/149/60 2761/148/60
f 2770/106/39 2763/107/39 2765/108/39 2771/109/39
f 2771/109/40 2765/108/40 2769/110/40 2772/111/40
f 2772/111/41 2769/110/41 2767/112/41 2773/113/41
f 2773/113/42 2767/112/42 2763/114/42 2770/115/42
f 2764/116/43 2768/117/43 2766/118/43 2762/119/43
f 2767/112/44 2769/110/44 2780/110/44 2781/112/44
f 2776/120/45 2773/113/45 2770/115/45 2777/121/45
f 2775/122/46 2772/111/46 2773/113/46 2776/120/46
f 2774/123/47 2771/109/47 2772/111/47 2775/122/47
f 2777/124/48 2770/106/48 2771/109/48 2774/123/48
f 2809/125/49 2777/124/49 2774/123/49 2782/126/49
f 2782/126/50 2774/123/50 2775/122/50 2789/127/50
f 2789/127/51 2775/122/51 2776/120/51 2796/128/51
f 2796/128/52 2776/120/52 2777/121/52 2809/129/52
f 2780/110/53 2779/130/53 2778/131/53 2781/112/53
f 2765/108/54 2763/107/54 2778/107/54 2779/108/54
f 2763/114/55 2767/112/55 2781/112/55 2778/114/55
f 2769/110/56 2765/108/56 2779/108/56 2780/110/56
f 2766/118/52 2802/132/52 2803/133/52 2762/134/52
f 2802/132/52 2801/135/52 2804/136/52 2803/133/52
f 2801/135/52 2800/137/52 2805/138/52 2804/136/52
f 2800/137/52 2799/139/52 2806/140/52 2805/138/52
f 2799/139/52 2798/141/52 2807/142/52 2806/140/52
f 2798/141/52 2797/143/52 2808/144/52 2807/142/52
f 2797/143/52 2796/128/52 2809/129/52 2808/144/52
f 2768/117/51 2795/145/51 2802/132/51 2766/118/51
f 2795/145/51 2794/146/51 2801/135/51 2802/132/51
f 2794/146/51 2793/147/51 2800/137/51 2801/135/51
f 2793/147/51 2792/148/51 2799/139/51 2800/137/51
f 2792/148/51 2791/149/51 2798/141/51 2799/139/51
f 2791/149/51 2790/150/51 2797/143/51 2798/141/51
f 2790/150/51 2789/127/51 2796/128/51 2797/143/51
f 2764/151/50 2788/152/50 2795/145/50 2768/117/50
f 2788/152/50 2787/153/50 2794/146/50 2795/145/50
f 2787/153/50 2786/154/50 2793/147/50 2794/146/50
f 2786/154/50 2785/155/50 2792/148/50 2793/147/50
f 2785/155/50 2784/156/50 2791/149/50 2792/148/50
f 2784/156/50 2783/157/50 2790/150/50 2791/149/50
f 2783/157/50 2782/126/50 2789/127/50 2790/150/50
f 2762/158/49 2803/159/49 2788/152/49 2764/151/49
f 2803/159/49 2804/160/49 2787/153/49 2788/152/49
f 2804/160/49 2805/161/49 2786/154/49 2787/153/49
f 2805/161/49 2806/162/49 2785/155/49 2786/154/49
f 2806/162/49 2807/163/49 2784/156/49 2785/155/49
f 2807/163/49 2808/164/49 2783/157/49 2784/156/49
f 2808/164/49 2809/125/49 2782/126/49 2783/157/49
f 2809/129/57 2808/144/57 2810/144/57 2811/129/57
f 2798/141/58 2797/143/58 2812/143/58 2813/141/58
f 2786/154/59 2785/155/59 2814/155/59 2815/154/59
f 2792/148/60 2791/149/60 2816/149/60 2817/148/60
f 2826/106/39 2819/107/39 2821/108/39 2827/109/39
f 2827/109/40 2821/108/40 2825/110/40 2828/111/40
f 2828/111/41 2825/110/41 2823/112/41 2829/113/41
f 2829/113/42 2823/112/42 2819/114/42 2826/115/42
f 2820/116/43 2824/117/43 2822/118/43 2818/119/43
f 2823/112/44 2825/110/44 2836/110/44 2837/112/44
f 2832/120/45 2829/113/45 2826/115/45 2833/121/45
f 2831/122/46 2828/111/46 2829/113/46 2832/120/46
f 2830/123/47 2827/109/47 2828/111/47 2831/122/47
f 2833/124/48 2826/106/48 2827/109/48 2830/123/48
f 2865/125/49 2833/124/49 2830/123/49 2838/126/49
f 2838/126/50 2830/123/50 2831/122/50 2845/127/50
f 2845/127/51 2831/122/51 2832/120/51 2852/128/51
f 2852/128/52 2832/120/52 2833/121/52 2865/129/52
f 2836/110/53 2835/130/53 2834/131/53 2837/112/53
f 2821/108/54 2819/107/54 2834/107/54 2835/108/54
f 2819/114/55 2823/112/55 2837/112/55 2834/114/55
f 2825/110/56 2821/108/56 2835/108/56 2836/110/56
f 2822/118/52 2858/132/52 2859/133/52 2818/134/52
f 2858/132/52 2857/135/52 2860/136/52 2859/133/52
f 2857/135/52 2856/137/52 2861/138/52 2860/136/52
f 2856/137/52 2855/139/52 2862/140/52 2861/138/52
f 2855/139/52 2854/141/52 2863/142/52 2862/140/52
f 2854/141/52 2853/143/52 2864/144/52 2863/142/52
f 2853/143/52 2852/128/52 2865/129/52 2864/144/52
f 2824/117/51 2851/145/51 2858/132/51 2822/118/51
f 2851/145/51 2850/146/51 2857/135/51 2858/132/51
f 2850/146/51 2849/147/51 2856/137/51 2857/135/51
f 2849/147/51 2848/148/51 2855/139/51 2856/137/51
f 2848/148/51 2847/149/51 2854/141/51 2855/139/51
f 2847/149/51 2846/150/51 2853/143/51 2854/141/51
f 2846/150/51 2845/127/51 2852/128/51 2853/143/51
f 2820/151/50 2844/152/50 2851/145/50 2824/117/50
f 2844/152/50 2843/153/50 2850/146/50 2851/145/50
f 2843/153/50 2842/154/50 2849/147/50 2850/146/50
f 2842/154/50 2841/155/50 2848/148/50 2849/147/50
f 2841/155/50 2840/156/50 2847/149/50 2848/148/50
f 2840/156/50 2839/157/50 2846/150/50 2847/149/50
f 2839/157/50 2838/126/50 2845/127/50 2846/150/50
f 2818/158/49 2859/159/49 2844/152/49 2820/151/49
f 2859/159/49 2860/160/49 2843/153/49 2844/152/49
f 2860/160/49 2861/161/49 2842/154/49 2843/153/49
f 2861/161/49 2862/162/49 2841/155/49 2842/154/49
f 2862/162/49 2863/163/49 2840/156/49 2841/155/49
f 2863/163/49 2864/164/49 2839/157/49 2840/156/49
f 2864/164/49 2865/125/49 2838/126/49 2839/157/49
f 2865/129/57 2864/144/57 2866/144/57 2867/129/57
f 2854/141/58 2853/143/58 2868/143/58 2869/141/58
f 2842/154/59 2841/155/59 2870/155/59 2871/154/59
f 2848/148/60 2847/149/60 2872/149/60 2873/148/60
f 2882/106/39 2875/107/39 2877/108/39 2883/109/39
f 2883/109/40 2877/108/40 2881/110/40 2884/111/40
f 2884/111/41 2881/110/41 2879/112/41 2885/113/41
f 2885/113/42 2879/112/42 2875/114/42 2882/115/42
f 2876/116/43 2880/117/43 2878/118/43 2874/119/43
f 2879/112/44 2881/110/44 2892/110/44 2893/112/44
f 2888/120/45 2885/113/45 2882/115/45 2889/121/45
f 2887/122/46 2884/111/46 2885/113/46 2888/120/46
f 2886/123/47 2883/109/47 2884/111/47 2887/122/47
f 2889/124/48 2882/106/48 2883/109/48 2886/123/48
f 2921/125/49 2889/124/49 2886/123/49 2894/126/49
f 2894/126/50 2886/123/50 2887/122/50 2901/127/50
f 2901/127/51 2887/122/51 2888/120/51 2908/128/51
f 2908/128/52 2888/120/52 2889/121/52 2921/129/52
f 2892/110/53 2891/130/53 2890/131/53 2893/112/53
f 2877/108/54 2875/107/54 2890/107/54 2891/108/54
f 2875/114/55 2879/112/55 2893/112/55 2890/114/55
f 2881/110/56 2877/108/56 2891/108/56 2892/110/56
f 2878/118/52 2914/132/52 2915/133/52 2874/134/52
f 2914/132/52 2913/135/52 2916/136/52 2915/133/52
f 2913/135/52 2912/137/52 2917/138/52 2916/136/52
f 2912/137/52 2911/139/52 2918/140/52 2917/138/52
f 2911/139/52 2910/141/52 2919/142/52 2918/140/52
f 2910/141/52 2909/143/52 2920/144/52 2919/142/52
f 2909/143/52 2908/128/52 2921/129/52 2920/144/52
f 2880/117/51 2907/145/51 2914/132/51 2878/118/51
f 2907/145/51 2906/146/51 2913/135/51 2914/132/51
f 2906/146/51 2905/147/51 2912/137/51 2913/135/51
f 2905/147/51 2904/148/51 2911/139/51 2912/137/51
f 2904/148/51 2903/149/51 2910/141/51 2911/139/51
f 2903/149/51 2902/150/51 2909/143/51 2910/141/51
f 2902/150/51 2901/127/51 2908/128/51 2909/143/51
f 2876/151/50 2900/152/50 2907/145/50 2880/117/50
f 2900/152/50 2899/153/50 2906/146/50 2907/145/50
f 2899/153/50 2898/154/50 2905/147/50 2906/146/50
f 2898/154/50 2897/155/50 2904/148/50 2905/147/50
f 2897/155/50 2896/156/50 2903/149/50 2904/148/50
f 2896/156/50 2895/157/50 2902/150/50 2903/149/50
f 2895/157/50 2894/126/50 2901/127/50 2902/150/50
f 2874/158/49 2915/159/49 2900/152/49 2876/151/49
f 2915/159/49 2916/160/49 2899/153/49 2900/152/49
f 2916/160/49 2917/161/49 2898/154/49 2899/153/49
f 2917/161/49 2918/162/49 2897/155/49 2898/154/49
f 2918/162/49 2919/163/49 2896/156/49 2897/155/49
f 2919/163/49 2920/164/49 2895/157/49 2896/156/49
f 2920/164/49 2921/125/49 2894/126/49 2895/157/49
f 2921/129/57 2920/144/57 2922/144/57 2923/129/57
f 2910/141/58 2909/143/58 2924/143/58 2925/141/58
f 2898/154/59 2897/155/59 2926/155/59 2927/154/59
f 2904/148/60 2903/149/60 2928/149/60 2929/148/60
f 2938/106/39 2931/107/39 2933/108/39 2939/109/39
f 2939/109/40 2933/108/40 2937/110/40 2940/111/40
f 2940/111/41 2937/110/41 2935/112/41 2941/113/41
f 2941/113/42 2935/112/42 2931/114/42 2938/115/42
f 2932/116/43 2936/117/43 2934/118/43 2930/119/43
f 2935/112/44 2937/110/44 2948/110/44 2949/112/44
f 2944/120/45 2941/113/45 2938/115/45 2945/121/45
f 2943/122/46 2940/111/46 2941/113/46 2944/120/46
f 2942/123/47 2939/109/47 2940/111/47 2943/122/47
f 2945/124/48 2938/106/48 2939/109/48 2942/123/48
f 2977/125/49 2945/124/49 2942/123/49 2950/126/49
f 2950/126/50 2942/123/50 2943/122/50 2957/127/50
f 2957/127/51 2943/122/51 2944/120/51 2964/128/51
f 2964/128/52 2944/120/52 2945/121/52 2977/129/52
f 2948/110/53 2947/130/53 2946/131/53 2949/112/53
f 2933/108/54 2931/107/54 2946/107/54 2947/108/54
f 2931/114/55 2935/112/55 2949/112/55 2946/114/55
f 2937/110/56 2933/108/56 2947/108/56 2948/110/56
f 2934/118/52 2970/132/52 2971/133/52 2930/134/52
f 2970/132/52 2969/135/52 2972/136/52 2971/133/52
f 2969/135/52 2968/137/52 2973/138/52 2972/136/52
f 2968/137/52 2967/139/52 2974/140/52 2973/138/52
f 2967/139/52 2966/141/52 2975/142/52 2974/140/52
f 2966/141/52 2965/143/52 2976/144/52 2975/142/52
f 2965/143/52 2964/128/52 2977/129/52 2976/144/52
f 2936/117/51 2963/145/51 2970/132/51 2934/118/51
f 2963/145/51 2962/146/51 2969/135/51 2970/132/51
f 2962/146/51 2961/147/51 2968/137/51 2969/135/51
f 2961/147/51 2960/148/51 2967/139/51 2968/137/51
f 2960/148/51 2959/149/51 2966/141/51 2967/139/51
f 2959/149/51 2958/150/51 2965/143/51 2966/141/51
f 2958/150/51 2957/127/51 2964/128/51 2965/143/51
f 2932/151/50 2956/152/50 2963/145/50 2936/117/50
f 2956/152/50 2955/153/50 2962/146/50 2963/145/50
f 2955/153/50 2954/154/50 2961/147/50 2962/146/50
f 2954/154/50 2953/155/50 2960/148/50 2961/147/50
f 2953/155/50 2952/156/50 2959/149/50 2960/148/50
f 2952/156/50 2951/157/50 2958/150/50 2959/149/50
f 2951/157/50 2950/126/50 2957/127/50 2958/150/50
f 2930/158/49 2971/159/49 2956/152/49 2932/151/49
f 2971/159/49 2972/160/49 2955/153/49 2956/152/49
f 2972/160/49 2973/161/49 2954/154/49 2955/153/49
f 2973/161/49 2974/162/49 2953/155/49 2954/154/49
f 2974/162/49 2975/163/49 2952/156/49 2953/155/49
f 2975/163/49 2976/164/49 2951/157/49 2952/156/49
f 2976/164/49 2977/125/49 2950/126/49 2951/157/49
f 2977/129/57 2976/144/57 2978/144/57 2979/129/57
f 2966/141/58 2965/143/58 2980/143/58 2981/141/58
f 2954/154/59 2953/155/59 2982/155/59 2983/154/59
f 2960/148/60 2959/149/60 2984/149/60 2985/148/60
f 2994/106/39 2987/107/39 2989/108/39 2995/109/39
f 2995/109/40 2989/108/40 2993/110/40 2996/111/40
f 2996/111/41 2993/110/41 2991/112/41 2997/113/41
f 2997/113/42 2991/112/42 2987/114/42 2994/115/42
f 2988/116/43 2992/117/43 2990/118/43 2986/119/43
f 2991/112/44 2993/110/44 3004/110/44 3005/112/44
f 3000/120/45 2997/113/45 2994/115/45 3001/121/45
f 2999/122/46 2996/111/46 2997/113/46 3000/120/46
f 2998/123/47 2995/109/47 2996/111/47 2999/122/47
f 3001/124/48 2994/106/48 2995/109/48 2998/123/48
f 3033/125/49 3001/124/49 2998/123/49 3006/126/49
f 3006/126/50 2998/123/50 2999/122/50 3013/127/50
f 3013/127/51 2999/122/51 3000/120/51 3020/128/51
f 3020/128/52 3000/120/52 3001/121/52 3033/129/52
f 3004/110/53 3003/130/53 3002/131/53 3005/112/53
f 2989/108/54 2987/107/54 3002/107/54 3003/108/54
f 2987/114/55 2991/112/55 3005/112/55 3002/114/55
f 2993/110/56 2989/108/56 3003/108/56 3004/110/56
f 2990/118/52 3026/132/52 3027/133/52 2986/134/52
f 3026/132/52 3025/135/52 3028/136/52 3027/133/52
f 3025/135/52 3024/137/52 3029/138/52 3028/136/52
f 3024/137/52 3023/139/52 3030/140/52 3029/138/52
f 3023/139/52 3022/141/52 3031/142/52 3030/140/52
f 3022/141/52 3021/143/52 3032/144/52 3031/142/52
f 3021/143/52 3020/128/52 3033/129/52 3032/144/52
f 2992/117/51 3019/145/51 3026/132/51 2990/118/51
f 3019/145/51 3018/146/51 3025/135/51 3026/132/51
f 3018/146/51 3017/147/51 3024/137/51 3025/135/51
f 3017/147/51 3016/148/51 3023/139/51 3024/137/51
f 3016/148/51 3015/149/51 3022/141/51 3023/139/51
f 3015/149/51 3014/150/51 3021/143/51 3022/141/51
f 3014/150/51 3013/127/51 3020/128/51 3021/143/51
f 2988/151/50 3012/152/50 3019/145/50 2992/117/50
f 3012/152/50 3011/153/50 3018/146/50 3019/145/50
f 3011/153/50 3010/154/50 3017/147/50 3018/146/50
f 3010/154/50 3009/155/50 3016/148/50 3017/147/50
f 3009/155/50 3008/156/50 3015/149/50 3016/148/50
f 3008/156/50 3007/157/50 3014/150/50 3015/149/50
f 3007/157/50 3006/126/50 3013/127/50 3014/150/50
f 2986/158/49 3027/159/49 3012/152/49 2988/151/49
f 3027/159/49 3028/160/49 3011/153/49 3012/152/49
f 3028/160/49 3029/161/49 3010/154/49 3011/153/49
f 3029/161/49 3030/162/49 3009/155/49 3010/154/49
f 3030/162/49 3031/163/49 3008/156/49 3009/155/49
f 3031/163/49 3032/164/49 3007/157/49 3008/156/49
f 3032/164/49 3033/125/49 3006/126/49 3007/157/49
f 3033/129/57 3032/144/57 3034/144/57 3035/129/57
f 3022/141/58 3021/143/58 3036/143/58 3037/141/58
f 3010/154/59 3009/155/59 3038/155/59 3039/154/59
f 3016/148/60 3015/149/60 3040/149/60 3041/148/60
f 3050/106/39 3043/107/39 3045/108/39 3051/109/39
f 3051/109/40 3045/108/40 3049/110/40 3052/111/40
f 3052/111/41 3049/110/41 3047/112/41 3053/113/41
f 3053/113/42 3047/112/42 3043/114/42 3050/115/42
f 3044/116/43 3048/117/43 3046/118/43 3042/119/43
f 3047/112/44 3049/110/44 3060/110/44 3061/112/44
f 3056/120/45 3053/113/45 3050/115/45 3057/121/45
f 3055/122/46 3052/111/46 3053/113/46 3056/120/46
f 3054/123/47 3051/109/47 3052/111/47 3055/122/47
f 3057/124/48 3050/106/48 3051/109/48 3054/123/48
f 3089/125/49 3057/124/49 3054/123/49 3062/126/49
f 3062/126/50 3054/123/50 3055/122/50 3069/127/50
f 3069/127/51 3055/122/51 3056/120/51 3076/128/51
f 3076/128/52 3056/120/52 3057/121/52 3089/129/52
f 3060/110/53 3059/130/53 3058/131/53 3061/112/53
f 3045/108/54 3043/107/54 3058/107/54 3059/108/54
f 3043/114/55 3047/112/55 3061/112/55 3058/114/55
f 3049/110/56 3045/108/56 3059/108/56 3060/110/56
f 3046/118/52 3082/132/52 3083/133/52 3042/134/52
f 3082/132/52 3081/135/52 3084/136/52 3083/133/52
f 3081/135/52 3080/137/52 3085/138/52 3084/136/52
f 3080/137/52 3079/139/52 3086/140/52 3085/138/52
f 3079/139/52 3078/141/52 3087/142/52 3086/140/52
f 3078/141/52 3077/143/52 3088/144/52 3087/142/52
f 3077/143/52 3076/128/52 3089/129/52 3088/144/52
f 3048/117/51 3075/145/51 3082/132/51 3046/118/51
f 3075/145/51 3074/146/51 3081/135/51 3082/132/51
f 3074/146/51 3073/147/51 3080/137/51 3081/135/51
f 3073/147/51 3072/148/51 3079/139/51 3080/137/51
f 3072/148/51 3071/149/51 3078/141/51 3079/139/51
f 3071/149/51 3070/150/51 3077/143/51 3078/141/51
f 3070/150/51 3069/127/51 3076/128/51 3077/143/51
f 3044/151/50 3068/152/50 3075/145/50 3048/117/50
f 3068/152/50 3067/153/50 3074/146/50 3075/145/50
f 3067/153/50 3066/154/50 3073/147/50 3074/146/50
f 3066/154/50 3065/155/50 3072/148/50 3073/147/50
f 3065/155/50 3064/156/50 3071/149/50 3072/148/50
f 3064/156/50 3063/157/50 3070/150/50 3071/149/50
f 3063/157/50 3062/126/50 3069/127/50 3070/150/50
f 3042/158/49 3083/159/49 3068/152/49 3044/151/49
f 3083/159/49 3084/160/49 3067/153/49 3068/152/49
f 3084/160/49 3085/161/49 3066/154/49 3067/153/49
f 3085/161/49 3086/162/49 3065/155/49 3066/154/49
f 3086/162/49 3087/163/49 3064/156/49 3065/155/49
f 3087/163/49 3088/164/49 3063/157/49 3064/156/49
f 3088/164/49 3089/125/49 3062/126/49 3063/157/49
f 3089/129/57 3088/144/57 3090/144/57 3091/129/57
f 3078/141/58 3077/143/58 3092/143/58 3093/141/58
f 3066/154/59 3065/155/59 3094/155/59 3095/154/59
f 3072/148/60 3071/149/60 3096/149/60 3097/148/60
f 3106/106/39 3099/107/39 3101/108/39 3107/109/39
f 3107/109/40 3101/108/40 3105/110/40 3108/111/40
f 3108/111/41 3105/110/41 3103/112/41 3109/113/41
f 3109/113/42 3103/112/42 3099/114/42 3106/115/42
f 3100/116/43 3104/117/43 3102/118/43 3098/119/43
f 3103/112/44 3105/110/44 3116/110/44 3117/112/44
f 3112/120/45 3109/113/45 3106/115/45 3113/121/45
f 3111/122/46 3108/111/46 3109/113/46 3112/120/46
f 3110/123/47 3107/109/47 3108/111/47 3111/122/47
f 3113/124/48 3106/106/48 3107/109/48 3110/123/48
f 3145/125/49 3113/124/49 3110/123/49 3118/126/49
f 3118/126/50 3110/123/50 3111/122/50 3125/127/50
f 3125/127/51 3111/122/51 3112/120/51 3132/128/51
f 3132/128/52 3112/120/52 3113/121/52 3145/129/52
f 3116/110/53 3115/130/53 3114/131/53 3117/112/53
f 3101/108/54 3099/107/54 3114/107/54 3115/108/54
f 3099/114/55 3103/112/55 3117/112/55 3114/114/55
f 3105/110/56 3101/108/56 3115/108/56 3116/110/56
f 3102/118/52 3138/132/52 3139/133/52 3098/134/52
f 3138/132/52 3137/135/52 3140/136/52 3139/133/52
f 3137/135/52 3136/137/52 3141/138/52 3140/136/52
f 3136/137/52 3135/139/52 3142/140/52 3141/138/52
f 3135/139/52 3134/141/52 3143/142/52 3142/140/52
f 3134/141/52 3133/143/52 3144/144/52 3143/142/52
f 3133/143/52 3132/128/52 3145/129/52 3144/144/52
f 3104/117/51 3131/145/51 3138/132/51 3102/118/51
f 3131/145/51 3130/146/51 3137/135/51 3138/132/51
f 3130/146/51 3129/147/51 3136/137/51 3137/135/51
f 3129/147/51 3128/148/51 3135/139/51 3136/137/51
f 3128/148/51 3127/149/51 3134/141/51 3135/139/51
f 3127/149/51 3126/150/51 3133/143/51 3134/141/51
f 3126/150/51 3125/127/51 3132/128/51 3133/143/51
f 3100/151/50 3124/152/50 3131/145/50 3104/117/50
f 3124/152/50 3123/153/50 3130/146/50 3131/145/50
f 3123/153/50 3122/154/50 3129/147/50 3130/146/50
f 3122/154/50 3121/155/50 3128/148/50 3129/147/50
f 3121/155/50 3120/156/50 3127/149/50 3128/148/50
f 3120/156/50 3119/157/50 3126/150/50 3127/149/50
f 3119/157/50 3118/126/50 3125/127/50 3126/150/50
f 3098/158/49 3139/159/49 3124/152/49 3100/151/49
f 3139/159/49 3140/160/49 3123/153/49 3124/152/49
f 3140/160/49 3141/161/49 3122/154/49 3123/153/49
f 3141/161/49 3142/162/49 3121/155/49 3122/154/49
f 3142/162/49 3143/163/49 3120/156/49 3121/155/49
f 3143/163/49 3144/164/49 3119/157/49 3120/156/49
f 3144/164/49 3145/125/49 3118/126/49 3119/157/49
f 3145/129/57 3144/144/57 3146/144/57 3147/129/57
f 3134/141/58 3133/143/58 3148/143/58 3149/141/58
f 3122/154/59 3121/155/59 3150/155/59 3151/154/59
f 3128/148/60 3127/149/60 3152/149/60 3153/148/60
f 3162/106/39 3155/107/39 3157/108/39 3163/109/39
f 3163/109/40 3157/108/40 3161/110/40 3164/111/40
f 3164/111/41 3161/110/41 3159/112/41 3165/113/41
f 3165/113/42 3159/112/42 3155/114/42 3162/115/42
f 3156/116/43 3160/117/43 3158/118/43 3154/119/43
f 3159/112/44 3161/110/44 3172/110/44 3173/112/44
f 3168/120/45 3165/113/45 3162/115/45 3169/121/45
f 3167/122/46 3164/111/46 3165/113/46 3168/120/46
f 3166/123/47 3163/109/47 3164/111/47 3167/122/47
f 3169/124/48 3162/106/48 3163/109/48 3166/123/48
f 3201/125/49 3169/124/49 3166/123/49 3174/126/49
f 3174/126/50 3166/123/50 3167/122/50 3181/127/50
f 3181/127/51 3167/122/51 3168/120/51 3188/128/51
f 3188/128/52 3168/120/52 3169/121/52 3201/129/52
f 3172/110/53 3171/130/53 3170/131/53 3173/112/53
f 3157/108/54 3155/107/54 3170/107/54 3171/108/54
f 3155/114/55 3159/112/55 3173/112/55 3170/114/55
f 3161/110/56 3157/108/56 3171/108/56 3172/110/56
f 3158/118/52 3194/132/52 3195/133/52 3154/134/52
f 3194/132/52 3193/135/52 3196/136/52 3195/133/52
f 3193/135/52 3192/137/52 3197/138/52 3196/136/52
f 3192/137/52 3191/139/52 3198/140/52 3197/138/52
f 3191/139/52 3190/141/52 3199/142/52 3198/140/52
f 3190/141/52 3189/143/52 3200/144/52 3199/142/52
f 3189/143/52 3188/128/52 3201/129/52 3200/144/52
f 3160/117/51 3187/145/51 3194/132/51 3158/118/51
f 3187/145/51 3186/146/51 3193/135/51 3194/132/51
f 3186/146/51 3185/147/51 3192/137/51 3193/135/51
f 3185/147/51 3184/148/51 3191/139/51 3192/137/51
f 3184/148/51 3183/149/51 3190/141/51 3191/139/51
f 3183/149/51 3182/150/51 3189/143/51 3190/141/51
f 3182/150/51 3181/127/51 3188/128/51 3189/143/51
f 3156/151/50 3180/152/50 3187/145/50 3160/117/50
f 3180/152/50 3179/153/50 3186/146/50 3187/145/50
f 3179/153/50 3178/154/50 3185/147/50 3186/146/50
f 3178/154/50 3177/155/50 3184/148/50 3185/147/50
f 3177/155/50 3176/156/50 3183/149/50 3184/148/50
f 3176/156/50 3175/157/50 3182/150/50 3183/149/50
f 3175/157/50 3174/126/50 3181/127/50 3182/150/50
f 3154/158/49 3195/159/49 3180/152/49 3156/151/49
f 3195/159/49 3196/160/49 3179/153/49 3180/152/49
f 3196/160/49 3197/161/49 3178/154/49 3179/153/49
f 3197/161/49 3198/162/49 3177/155/49 3178/154/49
f 3198/162/49 3199/163/49 3176/156/49 3177/155/49
f 3199/163/49 3200/164/49 3175/157/49 3176/156/49
f 3200/164/49 3201/125/49 3174/126/49 3175/157/49
f 3201/129/57 3200/144/57 3202/144/57 3203/129/57
f 3190/141/58 3189/143/58 3204/143/58 3205/141/58
f 3178/154/59 3177/155/59 3206/155/59 3207/154/59
f 3184/148/60 3183/149/60 3208/149/60 3209/148/60
f 3218/106/39 3211/107/39 3213/108/39 3219/109/39
f 3219/109/40 3213/108/40 3217/110/40 3220/111/40
f 3220/111/41 3217/110/41 3215/112/41 3221/113/41
f 3221/113/42 3215/112/42 3211/114/42 3218/115/42
f 3212/116/43 3216/117/43 3214/118/43 3210/119/43
f 3215/112/44 3217/110/44 3228/110/44 3229/112/44
f 3224/120/45 3221/113/45 3218/115/45 3225/121/45
f 3223/122/46 3220/111/46 3221/113/46 3224/120/46
f 3222/123/47 3219/109/47 3220/111/47 3223/122/47
f 3225/124/48 3218/106/48 3219/109/48 3222/123/48
f 3257/125/49 3225/124/49 3222/123/49 3230/126/49
f 3230/126/50 3222/123/50 3223/122/50 3237/127/50
f 3237/127/51 3223/122/51 3224/120/51 3244/128/51
f 3244/128/52 3224/120/52 3225/121/52 3257/129/52
f 3228/110/53 3227/130/53 3226/131/53 3229/112/53
f 3213/108/54 3211/107/54 3226/107/54 3227/108/54
f 3211/114/55 3215/112/55 3229/112/55 3226/114/55
f 3217/110/56 3213/108/56 3227/108/56 3228/110/56
f 3214/118/52 3250/132/52 3251/133/52 3210/134/52
f 3250/132/52 3249/135/52 3252/136/52 3251/133/52
f 3249/135/52 3248/137/52 3253/138/52 3252/136/52
f 3248/137/52 3247/139/52 3254/140/52 3253/138/52
f 3247/139/52 3246/141/52 3255/142/52 3254/140/52
f 3246/141/52 3245/143/52 3256/144/52 3255/142/52
f 3245/143/52 3244/128/52 3257/129/52 3256/144/52
f 3216/117/51 3243/145/51 3250/132/51 3214/118/51
f 3243/145/51 3242/146/51 3249/135/51 3250/132/51
f 3242/146/51 3241/147/51 3248/137/51 3249/135/51
f 3241/147/51 3240/148/51 3247/139/51 3248/137/51
f 3240/148/51 3239/149/51 3246/141/51 3247/139/51
f 3239/149/51 3238/150/51 3245/143/51 3246/141/51
f 3238/150/51 3237/127/51 3244/128/51 3245/143/51
f 3212/151/50 3236/152/50 3243/145/50 3216/117/50
f 3236/152/50 3235/153/50 3242/146/50 3243/145/50
f 3235/153/50 3234/154/50 3241/147/50 3242/146/50
f 3234/154/50 3233/155/50 3240/148/50 3241/147/50
f 3233/155/50 3232/156/50 3239/149/50 3240/148/50
f 3232/156/50 3231/157/50 3238/150/50 3239/149/50
f 3231/157/50 3230/126/50 3237/127/50 3238/150/50
f 3210/158/49 3251/159/49 3236/152/49 3212/151/49
f 3251/159/49 3252/160/49 3235/153/49 3236/152/49
f 3252/160/49 3253/161/49 3234/154/49 3235/153/49
f 3253/161/49 3254/162/49 3233/155/49 3234/154/49
f 3254/162/49 3255/163/49 3232/156/49 3233/155/49
f 3255/163/49 3256/164/49 3231/157/49 3232/156/49
f 3256/164/49 3257/125/49 3230/126/49 3231/157/49
f 3257/129/57 3256/144/57 3258/144/57 3259/129/57
f 3246/141/58 3245/143/58 3260/143/58 3261/141/58
f 3234/154/59 3233/155/59 3262/155/59 3263/154/59
f 3240/148/60 3239/149/60 3264/149/60 3265/148/60
f 3274/106/39 3267/107/39 3269/108/39 3275/109/39
f 3275/109/40 3269/108/40 3273/110/40 3276/111/40
f 3276/111/41 3273/110/41 3271/112/41 3277/113/41
f 3277/113/42 3271/112/42 3267/114/42 3274/115/42
f 3268/116/43 3272/117/43 3270/118/43 3266/119/43
f 3271/112/44 3273/110/44 3284/110/44 3285/112/44
f 3280/120/45 3277/113/45 3274/115/45 3281/121/45
f 3279/122/46 3276/111/46 3277/113/46 3280/120/46
f 3278/123/47 3275/109/47 3276/111/47 3279/122/47
f 3281/124/48 3274/106/48 3275/109/48 3278/123/48
f 3313/125/49 3281/124/49 3278/123/49 3286/126/49
f 3286/126/50 3278/123/50 3279/122/50 3293/127/50
f 3293/127/51 3279/122/51 3280/120/51 3300/128/51
f 3300/128/52 3280/120/52 3281/121/52 3313/129/52
f 3284/110/53 3283/130/53 3282/131/53 3285/112/53
f 3269/108/54 3267/107/54 3282/107/54 3283/108/54
f 3267/114/55 3271/112/55 3285/112/55 3282/114/55
f 3273/110/56 3269/108/56 3283/108/56 3284/110/56
f 3270/118/52 3306/132/52 3307/133/52 3266/134/52
f 3306/132/52 3305/135/52 3308/136/52 3307/133/52
f 3305/135/52 3304/137/52 3309/138/52 3308/136/52
f 3304/137/52 3303/139/52 3310/140/52 3309/138/52
f 3303/139/52 3302/141/52 3311/142/52 3310/140/52
f 3302/141/52 3301/143/52 3312/144/52 3311/142/52
f 3301/143/52 3300/128/52 3313/129/52 3312/144/52
f 3272/117/51 3299/145/51 3306/132/51 3270/118/51
f 3299/145/51 3298/146/51 3305/135/51 3306/132/51
f 3298/146/51 3297/147/51 3304/137/51 3305/135/51
f 3297/147/51 3296/148/51 3303/139/51 3304/137/51
f 3296/148/51 3295/149/51 3302/141/51 3303/139/51
f 3295/149/51 3294/150/51 3301/143/51 3302/141/51
f 3294/150/51 3293/127/51 3300/128/51 3301/143/51
f 3268/151/50 3292/152/50 3299/145/50 3272/117/50
f 3292/152/50 3291/153/50 3298/146/50 3299/145/50
f 3291/153/50 3290/154/50 3297/147/50 3298/146/50
f 3290/154/50 3289/155/50 3296/148/50 3297/147/50
f 3289/155/50 3288/156/50 3295/149/50 3296/148/50
f 3288/156/50 3287/157/50 3294/150/50 3295/149/50
f 3287/157/50 3286/126/50 3293/127/50 3294/150/50
f 3266/158/49 3307/159/49 3292/152/49 3268/151/49
f 3307/159/49 3308/160/49 3291/153/49 3292/152/49
f 3308/160/49 3309/161/49 3290/154/49 3291/153/49
f 3309/161/49 3310/162/49 3289/155/49 3290/154/49
f 3310/162/49 3311/163/49 3288/156/49 3289/155/49
f 3311/163/49 3312/164/49 3287/157/49 3288/156/49
f 3312/164/49 3313/125/49 3286/126/49 3287/157/49
f 3313/129/57 3312/144/57 3314/144/57 3315/129/57
f 3302/141/58 3301/143/58 3316/143/58 3317/141/58
f 3290/154/59 3289/155/59 3318/155/59 3319/154/59
f 3296/148/60 3295/149/60 3320/149/60 3321/148/60
f 3330/106/39 3323/107/39 3325/108/39 3331/109/39
f 3331/109/40 3325/108/40 3329/110/40 3332/111/40
f 3332/111/41 3329/110/41 3327/112/41 3333/113/41
f 3333/113/42 3327/112/42 3323/114/42 3330/115/42
f 3324/116/43 3328/117/43 3326/118/43 3322/119/43
f 3327/112/44 3329/110/44 3340/110/44 3341/112/44
f 3336/120/45 3333/113/45 3330/115/45 3337/121/45
f 3335/122/46 3332/111/46 3333/113/46 3336/120/46
f 3334/123/47 3331/109/47 3332/111/47 3335/122/47
f 3337/124/48 3330/106/48 3331/109/48 3334/123/48
f 3369/125/49 3337/124/49 3334/123/49 3342/126/49
f 3342/126/50 3334/123/50 3335/122/50 3349/127/50
f 3349/127/51 3335/122/51 3336/120/51 3356/128/51
f 3356/128/52 3336/120/52 3337/121/52 3369/129/52
f 3340/110/53 3339/130/53 3338/131/53 3341/112/53
f 3325/108/54 3323/107/54 3338/107/54 3339/108/54
f 3323/114/55 3327/112/55 3341/112/55 3338/114/55
f 3329/110/56 3325/108/56 3339/108/56 3340/110/56
f 3326/118/52 3362/132/52 3363/133/52 3322/134/52
f 3362/132/52 3361/135/52 3364/136/52 3363/133/52
f 3361/135/52 3360/137/52 3365/138/52 3364/136/52
f 3360/137/52 3359/139/52 3366/140/52 3365/138/52
f 3359/139/52 3358/141/52 3367/142/52 3366/140/52
f 3358/141/52 3357/143/52 3368/144/52 3367/142/52
f 3357/143/52 3356/128/52 3369/129/52 3368/144/52
f 3328/117/51 3355/145/51 3362/132/51 3326/118/51
f 3355/145/51 3354/146/51 3361/135/51 3362/132/51
f 3354/146/51 3353/147/51 3360/137/51 3361/135/51
f 3353/147/51 3352/148/51 3359/139/51 3360/137/51
f 3352/148/51 3351/149/51 3358/141/51 3359/139/51
f 3351/149/51 3350/150/51 3357/143/51 3358/141/51
f 3350/150/51 3349/127/51 3356/128/51 3357/143/51
f 3324/151/50 3348/152/50 3355/145/50 3328/117/50
f 3348/152/50 3347/153/50 3354/146/50 3355/145/50
f 3347/153/50 3346/154/50 3353/147/50 3354/146/50
f 3346/154/50 3345/155/50 3352/148/50 3353/147/50
f 3345/155/50 3344/156/50 3351/149/50 3352/148/50
f 3344/156/50 3343/157/50 3350/150/50 3351/149/50
f 3343/157/50 3342/126/50 3349/127/50 3350/150/50
f 3322/158/49 3363/159/49 3348/152/49 3324/151/49
f 3363/159/49 3364/160/49 3347/153/49 3348/152/49
f 3364/160/49 3365/161/49 3346/154/49 3347/153/49
f 3365/161/49 3366/162/49 3345/155/49 3346/154/49
f 3366/162/49 3367/163/49 3344/156/49 3345/155/49
f 3367/163/49 3368/164/49 3343/157/49 3344/156/49
f 3368/164/49 3369/125/49 3342/126/49 3343/157/49
f 3369/129/57 3368/144/57 3370/144/57 3371/129/57
f 3358/141/58 3357/143/58 3372/143/58 3373/141/58
f 3346/154/59 3345/155/59 3374/155/59 3375/154/59
f 3352/148/60 3351/149/60 3376/149/60 3377/148/60
f 3386/106/39 3379/107/39 3381/108/39 3387/109/39
f 3387/109/40 3381/108/40 3385/110/40 3388/111/40
f 3388/111/41 3385/110/41 3383/112/41 3389/113/41
f 3389/113/42 3383/112/42 3379/114/42 3386/115/42
f 3380/116/43 3384/117/43 3382/118/43 3378/119/43
f 3383/112/44 3385/110/44 3396/110/44 3397/112/44
f 3392/120/45 3389/113/45 3386/115/45 3393/121/45
f 3391/122/46 3388/111/46 3389/113/46 3392/120/46
f 3390/123/47 3387/109/47 3388/111/47 3391/122/47
f 3393/124/48 3386/106/48 3387/109/48 3390/123/48
f 3425/125/49 3393/124/49 3390/123/49 3398/126/49
f 3398/126/50 3390/123/50 3391/122/50 3405/127/50
f 3405/127/51 3391/122/51 3392/120/51 3412/128/51
f 3412/128/52 3392/120/52 3393/121/52 3425/129/52
f 3396/110/53 3395/130/53 3394/131/53 3397/112/53
f 3381/108/54 3379/107/54 3394/107/54 3395/108/54
f 3379/114/55 3383/112/55 3397/112/55 3394/114/55
f 3385/110/56 3381/108/56 3395/108/56 3396/110/56
f 3382/118/52 3418/132/52 3419/133/52 3378/134/52
f 3418/132/52 3417/135/52 3420/136/52 3419/133/52
f 3417/135/52 3416/137/52 3421/138/52 3420/136/52
f 3416/137/52 3415/139/52 3422/140/52 3421/138/52
f 3415/139/52 3414/141/52 3423/142/52 3422/140/52
f 3414/141/52 3413/143/52 3424/144/52 3423/142/52
f 3413/143/52 3412/128/52 3425/129/52 3424/144/52
f 3384/117/51 3411/145/51 3418/132/51 3382/118/51
f 3411/145/51 3410/146/51 3417/135/51 3418/132/51
f 3410/146/51 3409/147/51 3416/137/51 3417/135/51
f 3409/147/51 3408/148/51 3415/139/51 3416/137/51
f 3408/148/51 3407/149/51 3414/141/51 3415/139/51
f 3407/149/51 3406/150/51 3413/143/51 3414/141/51
f 3406/150/51 3405/127/51 3412/128/51 3413/143/51
f 3380/151/50 3404/152/50 3411/145/50 3384/117/50
f 3404/152/50 3403/153/50 3410/146/50 3411/145/50
f 3403/153/50 3402/154/50 3409/147/50 3410/146/50
f 3402/154/50 3401/155/50 3408/148/50 3409/147/50
f 3401/155/50 3400/156/50 3407/149/50 3408/148/50
f 3400/156/50 3399/157/50 3406/150/50 3407/149/50
f 3399/157/50 3398/126/50 3405/127/50 3406/150/50
f 3378/158/49 3419/159/49 3404/152/49 3380/151/49
f 3419/159/49 3420/160/49 3403/153/49 3404/152/49
f 3420/160/49 3421/161/49 3402/154/49 3403/153/49
f 3421/161/49 3422/162/49 3401/155/49 3402/154/49
f 3422/162/49 3423/163/49 3400/156/49 3401/155/49
f 3423/163/49 3424/164/49 3399/157/49 3400/156/49
f 3424/164/49 3425/125/49 3398/126/49 3399/157/49
f 3425/129/57 3424/144/57 3426/144/57 3427/129/57
f 3414/141/58 3413/143/58 3428/143/58 3429/141/58
f 3402/154/59 3401/155/59 3430/155/59 3431/154/59
f 3408/148/60 3407/149/60 3432/149/60 3433/148/60
f 3442/106/39 3435/107/39 3437/108/39 3443/109/39
f 3443/109/40 3437/108/40 3441/110/40 3444/111/40
f 3444/111/41 3441/110/41 3439/112/41 3445/113/41
f 3445/113/42 3439/112/42 3435/114/42 3442/115/42
f 3436/116/43 3440/117/43 3438/118/43 3434/119/43
f 3439/112/44 3441/110/44 3452/110/44 3453/112/44
f 3448/120/45 3445/113/45 3442/115/45 3449/121/45
f 3447/122/46 3444/111/46 3445/113/46 3448/120/46
f 3446/123/47 3443/109/47 3444/111/47 3447/122/47
f 3449/124/48 3442/106/48 3443/109/48 3446/123/48
f 3481/125/49 3449/124/49 3446/123/49 3454/126/49
f 3454/126/50 3446/123/50 3447/122/50 3461/127/50
f 3461/127/51 3447/122/51 3448/120/51 3468/128/51
f 3468/128/52 3448/120/52 3449/121/52 3481/129/52
f 3452/110/53 3451/130/53 3450/131/53 3453/112/53
f 3437/108/54 3435/107/54 3450/107/54 3451/108/54
f 3435/114/55 3439/112/55 3453/112/55 3450/114/55
f 3441/110/56 3437/108/56 3451/108/56 3452/110/56
f 3438/118/52 3474/132/52 3475/133/52 3434/134/52
f 3474/132/52 3473/135/52 3476/136/52 3475/133/52
f 3473/135/52 3472/137/52 3477/138/52 3476/136/52
f 3472/137/52 3471/139/52 3478/140/52 3477/138/52
f 3471/139/52 3470/141/52 3479/142/52 3478/140/52
f 3470/141/52 3469/143/52 3480/144/52 3479/142/52
f 3469/143/52 3468/128/52 3481/129/52 3480/144/52
f 3440/117/51 3467/145/51 3474/132/51 3438/118/51
f 3467/145/51 3466/146/51 3473/135/51 3474/132/51
f 3466/146/51 3465/147/51 3472/137/51 3473/135/51
f 3465/147/51 3464/148/51 3471/139/51 3472/137/51
f 3464/148/51 3463/149/51 3470/141/51 3471/139/51
f 3463/149/51 3462/150/51 3469/143/51 3470/141/51
f 3462/150/51 3461/127/51 3468/128/51 3469/143/51
f 3436/151/50 3460/152/50 3467/145/50 3440/117/50
f 3460/152/50 3459/153/50 3466/146/50 3467/145/50
f 3459/153/50 3458/154/50 3465/147/50 3466/146/50
f 3458/154/50 3457/155/50 3464/148/50 3465/147/50
f 3457/155/50 3456/156/50 3463/149/50 3464/148/50
f 3456/156/50 3455/157/50 3462/150/50 3463/149/50
f 3455/157/50 3454/126/50 3461/127/50 3462/150/50
f 3434/158/49 3475/159/49 3460/152/49 3436/151/49
f 3475/159/49 3476/160/49 3459/153/49 3460/152/49
f 3476/160/49 3477/161/49 3458/154/49 3459/153/49
f 3477/161/49 3478/162/49 3457/155/49 3458/154/49
f 3478/162/49 3479/163/49 3456/156/49 3457/155/49
f 3479/163/49 3480/164/49 3455/157/49 3456/156/49
f 3480/164/49 3481/125/49 3454/126/49 3455/157/49
f 3481/129/57 3480/144/57 3482/144/57 3483/129/57
f 3470/141/58 3469/143/58 3484/143/58 3485/141/58
f 3458/154/59 3457/155/59 3486/155/59 3487/154/59
f 3464/148/60 3463/149/60 3488/149/60 3489/148/60
f 3498/106/39 3491/107/39 3493/108/39 3499/109/39
f 3499/109/40 3493/108/40 3497/110/40 3500/111/40
f 3500/111/41 3497/110/41 3495/112/41 3501/113/41
f 3501/113/42 3495/112/42 3491/114/42 3498/115/42
f 3492/116/43 3496/117/43 3494/118/43 3490/119/43
f 3495/112/44 3497/110/44 3508/110/44 3509/112/44
f 3504/120/45 3501/113/45 3498/115/45 3505/121/45
f 3503/122/46 3500/111/46 3501/113/46 3504/120/46
f 3502/123/47 3499/109/47 3500/111/47 3503/122/47
f 3505/124/48 3498/106/48 3499/109/48 3502/123/48
f 3537/125/49 3505/124/49 3502/123/49 3510/126/49
f 3510/126/50 3502/123/50 3503/122/50 3517/127/50
f 3517/127/51 3503/122/51 3504/120/51 3524/128/51
f 3524/128/52 3504/120/52 3505/121/52 3537/129/52
f 3508/110/53 3507/130/53 3506/131/53 3509/112/53
f 3493/108/54 3491/107/54 3506/107/54 3507/108/54
f 3491/114/55 3495/112/55 3509/112/55 3506/114/55
f 3497/110/56 3493/108/56 3507/108/56 3508/110/56
f 3494/118/52 3530/132/52 3531/133/52 3490/134/52
f 3530/132/52 3529/135/52 3532/136/52 3531/133/52
f 3529/135/52 3528/137/52 3533/138/52 3532/136/52
f 3528/137/52 3527/139/52 3534/140/52 3533/138/52
f 3527/139/52 3526/141/52 3535/142/52 3534/140/52
f 3526/141/52 3525/143/52 3536/144/52 3535/142/52
f 3525/143/52 3524/128/52 3537/129/52 3536/144/52
f 3496/117/51 3523/145/51 3530/132/51 3494/118/51
f 3523/145/51 3522/146/51 3529/135/51 3530/132/51
f 3522/146/51 3521/147/51 3528/137/51 3529/135/51
f 3521/147/51 3520/148/51 3527/139/51 3528/137/51
f 3520/148/51 3519/149/51 3526/141/51 3527/139/51
f 3519/149/51 3518/150/51 3525/143/51 3526/141/51
f 3518/150/51 3517/127/51 3524/128/51 3525/143/51
f 3492/151/50 3516/152/50 3523/145/50 3496/117/50
f 3516/152/50 3515/153/50 3522/146/50 3523/145/50
f 3515/153/50 3514/154/50 3521/147/50 3522/146/50
f 3514/154/50 3513/155/50 3520/148/50 3521/147/50
f 3513/155/50 3512/156/50 3519/149/50 3520/148/50
f 3512/156/50 3511/157/50 3518/150/50 3519/149/50
f 3511/157/50 3510/126/50 3517/127/50 3518/150/50
f 3490/158/49 3531/159/49 3516/152/49 3492/151/49
f 3531/159/49 3532/160/49 3515/153/49 3516/152/49
f 3532/160/49 3533/161/49 3514/154/49 3515/153/49
f 3533/161/49 3534/162/49 3513/155/49 3514/154/49
f 3534/162/49 3535/163/49 3512/156/49 3513/155/49
f 3535/163/49 3536/164/49 3511/157/49 3512/156/49
f 3536/164/49 3537/125/49 3510/126/49 3511/157/49
f 3537/129/57 3536/144/57 3538/144/57 3539/129/57
f 3526/141/58 3525/143/58 3540/143/58 3541/141/58
f 3514/154/59 3513/155/59 3542/155/59 3543/154/59
f 3520/148/60 3519/149/60 3544/149/60 3545/148/60
f 3554/106/39 3547/107/39 3549/108/39 3555/109/39
f 3555/109/40 3549/108/40 3553/110/40 3556/111/40
f 3556/111/41 3553/110/41 3551/112/41 3557/113/41
f 3557/113/42 3551/112/42 3547/114/42 3554/115/42
f 3548/116/43 3552/117/43 3550/118/43 3546/119/43
f 3551/112/44 3553/110/44 3564/110/44 3565/112/44
f 3560/120/45 3557/113/45 3554/115/45 3561/121/45
f 3559/122/46 3556/111/46 3557/113/46 3560/120/46
f 3558/123/47 3555/109/47 3556/111/47 3559/122/47
f 3561/124/48 3554/106/48 3555/109/48 3558/123/48
f 3593/125/49 3561/124/49 3558/123/49 3566/126/49
f 3566/126/50 3558/123/50 3559/122/50 3573/127/50
f 3573/127/51 3559/122/51 3560/120/51 3580/128/51
f 3580/128/52 3560/120/52 3561/121/52 3593/129/52
f 3564/110/53 3563/130/53 3562/131/53 3565/112/53
f 3549/108/54 3547/107/54 3562/107/54 3563/108/54
f 3547/114/55 3551/112/55 3565/112/55 3562/114/55
f 3553/110/56 3549/108/56 3563/108/56 3564/110/56
f 3550/118/52 3586/132/52 3587/133/52 3546/134/52
f 3586/132/52 3585/135/52 3588/136/52 3587/133/52
f 3585/135/52 3584/137/52 3589/138/52 3588/136/52
f 3584/137/52 3583/139/52 3590/140/52 3589/138/52
f 3583/139/52 3582/141/52 3591/142/52 3590/140/52
f 3582/141/52 3581/143/52 3592/144/52 3591/142/52
f 3581/143/52 3580/128/52 3593/129/52 3592/144/52
f 3552/117/51 3579/145/51 3586/132/51 3550/118/51
f 3579/145/51 3578/146/51 3585/135/51 3586/132/51
f 3578/146/51 3577/147/51 3584/137/51 3585/135/51
f 3577/147/51 3576/148/51 3583/139/51 3584/137/51
f 3576/148/51 3575/149/51 3582/141/51 3583/139/51
f 3575/149/51 3574/150/51 3581/143/51 3582/141/51
f 3574/150/51 3573/127/51 3580/128/51 3581/143/51
f 3548/151/50 3572/152/50 3579/145/50 3552/117/50
f 3572/152/50 3571/153/50 3578/146/50 3579/145/50
f 3571/153/50 3570/154/50 3577/147/50 3578/146/50
f 3570/154/50 3569/155/50 3576/148/50 3577/147/50
f 3569/155/50 3568/156/50 3575/149/50 3576/148/50
f 3568/156/50 3567/157/50 3574/150/50 3575/149/50
f 3567/157/50 3566/126/50 3573/127/50 3574/150/50
f 3546/158/49 3587/159/49 3572/152/49 3548/151/49
f 3587/159/49 3588/160/49 3571/153/49 3572/152/49
f 3588/160/49 3589/161/49 3570/154/49 3571/153/49
f 3589/161/49 3590/162/49 3569/155/49 3570/154/49
f 3590/162/49 3591/163/49 3568/156/49 3569/155/49
f 3591/163/49 3592/164/49 3567/157/49 3568/156/49
f 3592/164/49 3593/125/49 3566/126/49 3567/157/49
f 3593/129/57 3592/144/57 3594/144/57 3595/129/57
f 3582/141/58 3581/143/58 3596/143/58 3597/141/58
f 3570/154/59 3569/155/59 3598/155/59 3599/154/59
f 3576/148/60 3575/149/60 3600/149/60 3601/148/60
f 3610/106/39 3603/107/39 3605/108/39 3611/109/39
f 3611/109/40 3605/108/40 3609/110/40 3612/111/40
f 3612/111/41 3609/110/41 3607/112/41 3613/113/41
f 3613/113/42 3607/112/42 3603/114/42 3610/115/42
f 3604/116/43 3608/117/43 3606/118/43 3602/119/43
f 3607/112/44 3609/110/44 3620/110/44 3621/112/44
f 3616/120/45 3613/113/45 3610/115/45 3617/121/45
f 3615/122/46 3612/111/46 3613/113/46 3616/120/46
f 3614/123/47 3611/109/47 3612/111/47 3615/122/47
f 3617/124/48 3610/106/48 3611/109/48 3614/123/48
f 3649/125/49 3617/124/49 3614/123/49 3622/126/49
f 3622/126/50 3614/123/50 3615/122/50 3629/127/50
f 3629/127/51 3615/122/51 3616/120/51 3636/128/51
f 3636/128/52 3616/120/52 3617/121/52 3649/129/52
f 3620/110/53 3619/130/53 3618/131/53 3621/112/53
f 3605/108/54 3603/107/54 3618/107/54 3619/108/54
f 3603/114/55 3607/112/55 3621/112/55 3618/114/55
f 3609/110/56 3605/108/56 3619/108/56 3620/110/56
f 3606/118/52 3642/132/52 3643/133/52 3602/134/52
f 3642/132/52 3641/135/52 3644/136/52 3643/133/52
f 3641/135/52 3640/137/52 3645/138/52 3644/136/52
f 3640/137/52 3639/139/52 3646/140/52 3645/138/52
f 3639/139/52 3638/141/52 3647/142/52 3646/140/52
f 3638/141/52 3637/143/52 3648/144/52 3647/142/52
f 3637/143/52 3636/128/52 3649/129/52 3648/144/52
f 3608/117/51 3635/145/51 3642/132/51 3606/118/51
f 3635/145/51 3634/146/51 3641/135/51 3642/132/51
f 3634/146/51 3633/147/51 3640/137/51 3641/135/51
f 3633/147/51 3632/148/51 3639/139/51 3640/137/51
f 3632/148/51 3631/149/51 3638/141/51 3639/139/51
f 3631/149/51 3630/150/51 3637/143/51 3638/141/51
f 3630/150/51 3629/127/51 3636/128/51 3637/143/51
f 3604/151/50 3628/152/50 3635/145/50 3608/117/50
f 3628/152/50 3627/153/50 3634/146/50 3635/145/50
f 3627/153/50 3626/154/50 3633/147/50 3634/146/50
f 3626/154/50 3625/155/50 3632/148/50 3633/147/50
f 3625/155/50 3624/156/50 3631/149/50 3632/148/50
f 3624/156/50 3623/157/50 3630/150/50 3631/149/50
f 3623/157/50 3622/126/50 3629/127/50 3630/150/50
f 3602/158/49 3643/159/49 3628/152/49 3604/151/49
f 3643/159/49 3644/160/49 3627/153/49 3628/152/49
f 3644/160/49 3645/161/49 3626/154/49 3627/153/49
f 3645/161/49 3646/162/49 3625/155/49 3626/154/49
f 3646/162/49 3647/163/49 3624/156/49 3625/155/49
f 3647/163/49 3648/164/49 3623/157/49 3624/156/49
f 3648/164/49 3649/125/49 3622/126/49 3623/157/49
f 3649/129/57 3648/144/57 3650/144/57 3651/129/57
f 3638/141/58 3637/143/58 3652/143/58 3653/141/58
f 3626/154/59 3625/155/59 3654/155/59 3655/154/59
f 3632/148/60 3631/149/60 3656/149/60 3657/148/60
f 3666/106/39 3659/107/39 3661/108/39 3667/109/39
f 3667/109/40 3661/108/40 3665/110/40 3668/111/40
f 3668/111/41 3665/110/41 3663/112/41 3669/113/41
f 3669/113/42 3663/112/42 3659/114/42 3666/115/42
f 3660/116/43 3664/117/43 3662/118/43 3658/119/43
f 3663/112/44 3665/110/44 3676/110/44 3677/112/44
f 3672/120/45 3669/113/45 3666/115/45 3673/121/45
f 3671/122/46 3668/111/46 3669/113/46 3672/120/46
f 3670/123/47 3667/109/47 3668/111/47 3671/122/47
f 3673/124/48 3666/106/48 3667/109/48 3670/123/48
f 3705/125/49 3673/124/49 3670/123/49 3678/126/49
f 3678/126/50 3670/123/50 3671/122/50 3685/127/50
f 3685/127/51 3671/122/51 3672/120/51 3692/128/51
f 3692/128/52 3672/120/52 3673/121/52 3705/129/52
f 3676/110/53 3675/130/53 3674/131/53 3677/112/53
f 3661/108/54 3659/107/54 3674/107/54 3675/108/54
f 3659/114/55 3663/112/55 3677/112/55 3674/114/55
f 3665/110/56 3661/108/56 3675/108/56 3676/110/56
f 3662/118/52 3698/132/52 3699/133/52 3658/134/52
f 3698/132/52 3697/135/52 3700/136/52 3699/133/52
f 3697/135/52 3696/137/52 3701/138/52 3700/136/52
f 3696/137/52 3695/139/52 3702/140/52 3701/138/52
f 3695/139/52 3694/141/52 3703/142/52 3702/140/52
f 3694/141/52 3693/143/52 3704/144/52 3703/142/52
f 3693/143/52 3692/128/52 3705/129/52 3704/144/52
f 3664/117/51 3691/145/51 3698/132/51 3662/118/51
f 3691/145/51 3690/146/51 3697/135/51 3698/132/51
f 3690/146/51 3689/147/51 3696/137/51 3697/135/51
f 3689/147/51 3688/148/51 3695/139/51 3696/137/51
f 3688/148/51 3687/149/51 3694/141/51 3695/139/51
f 3687/149/51 3686/150/51 3693/143/51 3694/141/51
f 3686/150/51 3685/127/51 3692/128/51 3693/143/51
f 3660/151/50 3684/152/50 3691/145/50 3664/117/50
f 3684/152/50 3683/153/50 3690/146/50 3691/145/50
f 3683/153/50 3682/154/50 3689/147/50 3690/146/50
f 3682/154/50 3681/155/50 3688/148/50 3689/147/50
f 3681/155/50 3680/156/50 3687/149/50 3688/148/50
f 3680/156/50 3679/157/50 3686/150/50 3687/149/50
f 3679/157/50 3678/126/50 3685/127/50 3686/150/50
f 3658/158/49 3699/159/49 3684/152/49 3660/151/49
f 3699/159/49 3700/160/49 3683/153/49 3684/152/49
f 3700/160/49 3701/161/49 3682/154/49 3683/153/49
f 3701/161/49 3702/162/49 3681/155/49 3682/154/49
f 3702/162/49 3703/163/49 3680/156/49 3681/155/49
f 3703/163/49 3704/164/49 3679/157/49 3680/156/49
f 3704/164/49 3705/125/49 3678/126/49 3679/157/49
f 3705/129/57 3704/144/57 3706/144/57 3707/129/57
f 3694/141/58 3693/143/58 3708/143/58 3709/141/58
f 3682/154/59 3681/155/59 3710/155/59 3711/154/59
f 3688/148/60 3687/149/60 3712/149/60 3713/148/60
f 3722/106/39 3715/107/39 3717/108/39 3723/109/39
f 3723/109/40 3717/108/40 3721/110/40 3724/111/40
f 3724/111/41 3721/110/41 3719/112/41 3725/113/41
f 3725/113/42 3719/112/42 3715/114/42 3722/115/42
f 3716/116/43 3720/117/43 3718/118/43 3714/119/43
f 3719/112/44 3721/110/44 3732/110/44 3733/112/44
f 3728/120/45 3725/113/45 3722/115/45 3729/121/45
f 3727/122/46 3724/111/46 3725/113/46 3728/120/46
f 3726/123/47 3723/109/47 3724/111/47 3727/122/47
f 3729/124/48 3722/106/48 3723/109/48 3726/123/48
f 3761/125/49 3729/124/49 3726/123/49 3734/126/49
f 3734/126/50 3726/123/50 3727/122/50 3741/127/50
f 3741/127/51 3727/122/51 3728/120/51 3748/128/51
f 3748/128/52 3728/120/52 3729/121/52 3761/129/52
f 3732/110/53 3731/130/53 3730/131/53 3733/112/53
f 3717/108/54 3715/107/54 3730/107/54 3731/108/54
f 3715/114/55 3719/112/55 3733/112/55 3730/114/55
f 3721/110/56 3717/108/56 3731/108/56 3732/110/56
f 3718/118/52 3754/132/52 3755/133/52 3714/134/52
f 3754/132/52 3753/135/52 3756/136/52 3755/133/52
f 3753/135/52 3752/137/52 3757/138/52 3756/136/52
f 3752/137/52 3751/139/52 3758/140/52 3757/138/52
f 3751/139/52 3750/141/52 3759/142/52 3758/140/52
f 3750/141/52 3749/143/52 3760/144/52 3759/142/52
f 3749/143/52 3748/128/52 3761/129/52 3760/144/52
f 3720/117/51 3747/145/51 3754/132/51 3718/118/51
f 3747/145/51 3746/146/51 3753/135/51 3754/132/51
f 3746/146/51 3745/147/51 3752/137/51 3753/135/51
f 3745/147/51 3744/148/51 3751/139/51 3752/137/51
f 3744/148/51 3743/149/51 3750/141/51 3751/139/51
f 3743/149/51 3742/150/51 3749/143/51 3750/141/51
f 3742/150/51 3741/127/51 3748/128/51 3749/143/51
f 3716/151/50 3740/152/50 3747/145/50 3720/117/50
f 3740/152/50 3739/153/50 3746/146/50 3747/145/50
f 3739/153/50 3738/154/50 3745/147/50 3746/146/50
f 3738/154/50 3737/155/50 3744/148/50 3745/147/50
f 3737/155/50 3736/156/50 3743/149/50 3744/148/50
f 3736/156/50 3735/157/50 3742/150/50 3743/149/50
f 3735/157/50 3734/126/50 3741/127/50 3742/150/50
f 3714/158/49 3755/159/49 3740/152/49 3716/151/49
f 3755/159/49 3756/160/49 3739/153/49 3740/152/49
f 3756/160/49 3757/161/49 3738/154/49 3739/153/49
f 3757/161/49 3758/162/49 3737/155/49 3738/154/49
f 3758/162/49 3759/163/49 3736/156/49 3737/155/49
f 3759/163/49 3760/164/49 3735/157/49 3736/156/49
f 3760/164/49 3761/125/49 3734/126/49 3735/157/49
f 3761/129/57 3760/144/57 3762/144/57 3763/129/57
f 3750/141/58 3749/143/58 3764/143/58 3765/141/58
f 3738/154/59 3737/155/59 3766/155/59 3767/154/59
f 3744/148/60 3743/149/60 3768/149/60 3769/148/60
f 3778/106/39 3771/107/39 3773/108/39 3779/109/39
f 3779/109/40 3773/108/40 3777/110/40 3780/111/40
f 3780/111/41 3777/110/41 3775/112/41 3781/113/41
f 3781/113/42 3775/112/42 3771/114/42 3778/115/42
f 3772/116/43 3776/117/43 3774/118/43 3770/119/43
f 3775/112/44 3777/110/44 3788/110/44 3789/112/44
f 3784/120/45 3781/113/45 3778/115/45 3785/121/45
f 3783/122/46 3780/111/46 3781/113/46 3784/120/46
f 3782/123/47 3779/109/47 3780/111/47 3783/122/47
f 3785/124/48 3778/106/48 3779/109/48 3782/123/48
f 3817/125/49 3785/124/49 3782/123/49 3790/126/49
f 3790/126/50 3782/123/50 3783/122/50 3797/127/50
f 3797/127/51 3783/122/51 3784/120/51 3804/128/51
f 3804/128/52 3784/120/52 3785/121/52 3817/129/52
f 3788/110/53 3787/130/53 3786/131/53 3789/112/53
f 3773/108/54 3771/107/54 3786/107/54 3787/108/54
f 3771/114/55 3775/112/55 3789/112/55 3786/114/55
f 3777/110/56 3773/108/56 3787/108/56 3788/110/56
f 3774/118/52 3810/132/52 3811/133/52 3770/134/52
f 3810/132/52 3809/135/52 3812/136/52 3811/133/52
f 3809/135/52 3808/137/52 3813/138/52 3812/136/52
f 3808/137/52 3807/139/52 3814/140/52 3813/138/52
f 3807/139/52 3806/141/52 3815/142/52 3814/140/52
f 3806/141/52 3805/143/52 3816/144/52 3815/142/52
f 3805/143/52 3804/128/52 3817/129/52 3816/144/52
f 3776/117/51 3803/145/51 3810/132/51 3774/118/51
f 3803/145/51 3802/146/51 3809/135/51 3810/132/51
f 3802/146/51 3801/147/51 3808/137/51 3809/135/51
f 3801/147/51 3800/148/51 3807/139/51 3808/137/51
f 3800/148/51 3799/149/51 3806/141/51 3807/139/51
f 3799/149/51 3798/150/51 3805/143/51 3806/141/51
f 3798/150/51 3797/127/51 3804/128/51 3805/143/51
f 3772/151/50 3796/152/50 3803/145/50 3776/117/50
f 3796/152/50 3795/153/50 3802/146/50 3803/145/50
f 3795/153/50 3794/154/50 3801/147/50 3802/146/50
f 3794/154/50 3793/155/50 3800/148/50 3801/147/50
f 3793/155/50 3792/156/50 3799/149/50 3800/148/50
f 3792/156/50 3791/157/50 3798/150/50 3799/149/50
f 3791/157/50 3790/126/50 3797/127/50 3798/150/50
f 3770/158/49 3811/159/49 3796/152/49 3772/151/49
f 3811/159/49 3812/160/49 3795/153/49 3796/152/49
f 3812/160/49 3813/161/49 3794/154/49 3795/153/49
f 3813/161/49 3814/162/49 3793/155/49 3794/154/49
f 3814/162/49 3815/163/49 3792/156/49 3793/155/49
f 3815/163/49 3816/164/49 3791/157/49 3792/156/49
f 3816/164/49 3817/125/49 3790/126/49 3791/157/49
f 3817/129/57 3816/144/57 3818/144/57 3819/129/57
f 3806/141/58 3805/143/58 3820/143/58 3821/141/58
f 3794/154/59 3793/155/59 3822/155/59 3823/154/59
f 3800/148/60 3799/149/60 3824/149/60 3825/148/60
f 3834/106/39 3827/107/39 3829/108/39 3835/109/39
f 3835/109/40 3829/108/40 3833/110/40 3836/111/40
f 3836/111/41 3833/110/41 3831/112/41 3837/113/41
f 3837/113/42 3831/112/42 3827/114/42 3834/115/42
f 3828/116/43 3832/117/43 3830/118/43 3826/119/43
f 3831/112/44 3833/110/44 3844/110/44 3845/112/44
f 3840/120/45 3837/113/45 3834/115/45 3841/121/45
f 3839/122/46 3836/111/46 3837/113/46 3840/120/46
f 3838/123/47 3835/109/47 3836/111/47 3839/122/47
f 3841/124/48 3834/106/48 3835/109/48 3838/123/48
f 3873/125/49 3841/124/49 3838/123/49 3846/126/49
f 3846/126/50 3838/123/50 3839/122/50 3853/127/50
f 3853/127/51 3839/122/51 3840/120/51 3860/128/51
f 3860/128/52 3840/120/52 3841/121/52 3873/129/52
f 3844/110/53 3843/130/53 3842/131/53 3845/112/53
f 3829/108/54 3827/107/54 3842/107/54 3843/108/54
f 3827/114/55 3831/112/55 3845/112/55 3842/114/55
f 3833/110/56 3829/108/56 3843/108/56 3844/110/56
f 3830/118/52 3866/132/52 3867/133/52 3826/134/52
f 3866/132/52 3865/135/52 3868/136/52 3867/133/52
f 3865/135/52 3864/137/52 3869/138/52 3868/136/52
f 3864/137/52 3863/139/52 3870/140/52 3869/138/52
f 3863/139/52 3862/141/52 3871/142/52 3870/140/52
f 3862/141/52 3861/143/52 3872/144/52 3871/142/52
f 3861/143/52 3860/128/52 3873/129/52 3872/144/52
f 3832/117/51 3859/145/51 3866/132/51 3830/118/51
f 3859/145/51 3858/146/51 3865/135/51 3866/132/51
f 3858/146/51 3857/147/51 3864/137/51 3865/135/51
f 3857/147/51 3856/148/51 3863/139/51 3864/137/51
f 3856/148/51 3855/149/51 3862/141/51 3863/139/51
f 3855/149/51 3854/150/51 3861/143/51 3862/141/51
f 3854/150/51 3853/127/51 3860/128/51 3861/143/51
f 3828/151/50 3852/152/50 3859/145/50 3832/117/50
f 3852/152/50 3851/153/50 3858/146/50 3859/145/50
f 3851/153/50 3850/154/50 3857/147/50 3858/146/50
f 3850/154/50 3849/155/50 3856/148/50 3857/147/50
f 3849/155/50 3848/156/50 3855/149/50 3856/148/50
f 3848/156/50 3847/157/50 3854/150/50 3855/149/50
f 3847/157/50 3846/126/50 3853/127/50 3854/150/50
f 3826/158/49 3867/159/49 3852/152/49 3828/151/49
f 3867/159/49 3868/160/49 3851/153/49 3852/152/49
f 3868/160/49 3869/161/49 3850/154/49 3851/153/49
f 3869/161/49 3870/162/49 3849/155/49 3850/154/49
f 3870/162/49 3871/163/49 3848/156/49 3849/155/49
f 3871/163/49 3872/164/49 3847/157/49 3848/156/49
f 3872/164/49 3873/125/49 3846/126/49 3847/157/49
f 3873/129/57 3872/144/57 3874/144/57 3875/129/57
f 3862/141/58 3861/143/58 3876/143/58 3877/141/58
f 3850/154/59 3849/155/59 3878/155/59 3879/154/59
f 3856/148/60 3855/149/60 3880/149/60 3881/148/60
f 3890/106/39 3883/107/39 3885/108/39 3891/109/39
f 3891/109/40 3885/108/40 3889/110/40 3892/111/40
f 3892/111/41 3889/110/41 3887/112/41 3893/113/41
f 3893/113/42 3887/112/42 3883/114/42 3890/115/42
f 3884/116/43 3888/117/43 3886/118/43 3882/119/43
f 3887/112/44 3889/110/44 3900/110/44 3901/112/44
f 3896/120/45 3893/113/45 3890/115/45 3897/121/45
f 3895/122/46 3892/111/46 3893/113/46 3896/120/46
f 3894/123/47 3891/109/47 3892/111/47 3895/122/47
f 3897/124/48 3890/106/48 3891/109/48 3894/123/48
f 3929/125/49 3897/124/49 3894/123/49 3902/126/49
f 3902/126/50 3894/123/50 3895/122/50 3909/127/50
f 3909/127/51 3895/122/51 3896/120/51 3916/128/51
f 3916/128/52 3896/120/52 3897/121/52 3929/129/52
f 3900/110/53 3899/130/53 3898/131/53 3901/112/53
f 3885/108/54 3883/107/54 3898/107/54 3899/108/54
f 3883/114/55 3887/112/55 3901/112/55 3898/114/55
f 3889/110/56 3885/108/56 3899/108/56 3900/110/56
f 3886/118/52 3922/132/52 3923/133/52 3882/134/52
f 3922/132/52 3921/135/52 3924/136/52 3923/133/52
f 3921/135/52 3920/137/52 3925/138/52 3924/136/52
f 3920/137/52 3919/139/52 3926/140/52 3925/138/52
f 3919/139/52 3918/141/52 3927/142/52 3926/140/52
f 3918/141/52 3917/143/52 3928/144/52 3927/142/52
f 3917/143/52 3916/128/52 3929/129/52 3928/144/52
f 3888/117/51 3915/145/51 3922/132/51 3886/118/51
f 3915/145/51 3914/146/51 3921/135/51 3922/132/51
f 3914/146/51 3913/147/51 3920/137/51 3921/135/51
f 3913/147/51 3912/148/51 3919/139/51 3920/137/51
f 3912/148/51 3911/149/51 3918/141/51 3919/139/51
f 3911/149/51 3910/150/51 3917/143/51 3918/141/51
f 3910/150/51 3909/127/51 3916/128/51 3917/143/51
f 3884/151/50 3908/152/50 3915/145/50 3888/117/50
f 3908/152/50 3907/153/50 3914/146/50 3915/145/50
f 3907/153/50 3906/154/50 3913/147/50 3914/146/50
f 3906/154/50 3905/155/50 3912/148/50 3913/147/50
f 3905/155/50 3904/156/50 3911/149/50 3912/148/50
f 3904/156/50 3903/157/50 3910/150/50 3911/149/50
f 3903/157/50 3902/126/50 3909/127/50 3910/150/50
f 3882/158/49 3923/159/49 3908/152/49 3884/151/49
f 3923/159/49 3924/160/49 3907/153/49 3908/152/49
f 3924/160/49 3925/161/49 3906/154/49 3907/153/49
f 3925/161/49 3926/162/49 3905/155/49 3906/154/49
f 3926/162/49 3927/163/49 3904/156/49 3905/155/49
f 3927/163/49 3928/164/49 3903/157/49 3904/156/49
f 3928/164/49 3929/125/49 3902/126/49 3903/157/49
f 3929/129/57 3928/144/57 3930/144/57 3931/129/57
f 3918/141/58 3917/143/58 3932/143/58 3933/141/58
f 3906/154/59 3905/155/59 3934/155/59 3935/154/59
f 3912/148/60 3911/149/60 3936/149/60 3937/148/60
f 3946/106/39 3939/107/39 3941/108/39 3947/109/39
f 3947/109/40 3941/108/40 3945/110/40 3948/111/40
f 3948/111/41 3945/110/41 3943/112/41 3949/113/41
f 3949/113/42 3943/112/42 3939/114/42 3946/115/42
f 3940/116/43 3944/117/43 3942/118/43 3938/119/43
f 3943/112/44 3945/110/44 3956/110/44 3957/112/44
f 3952/120/45 3949/113/45 3946/115/45 3953/121/45
f 3951/122/46 3948/111/46 3949/113/46 3952/120/46
f 3950/123/47 3947/109/47 3948/111/47 3951/122/47
f 3953/124/48 3946/106/48 3947/109/48 3950/123/48
f 3985/125/49 3953/124/49 3950/123/49 3958/126/49
f 3958/126/50 3950/123/50 3951/122/50 3965/127/50
f 3965/127/51 3951/122/51 3952/120/51 3972/128/51
f 3972/128/52 3952/120/52 3953/121/52 3985/129/52
f 3956/110/53 3955/130/53 3954/131/53 3957/112/53
f 3941/108/54 3939/107/54 3954/107/54 3955/108/54
f 3939/114/55 3943/112/55 3957/112/55 3954/114/55
f 3945/110/56 3941/108/56 3955/108/56 3956/110/56
f 3942/118/52 3978/132/52 3979/133/52 3938/134/52
f 3978/132/52 3977/135/52 3980/136/52 3979/133/52
f 3977/135/52 3976/137/52 3981/138/52 3980/136/52
f 3976/137/52 3975/139/52 3982/140/52 3981/138/52
f 3975/139/52 3974/141/52 3983/142/52 3982/140/52
f 3974/141/52 3973/143/52 3984/144/52 3983/142/52
f 3973/143/52 3972/128/52 3985/129/52 3984/144/52
f 3944/117/51 3971/145/51 3978/132/51 3942/118/51
f 3971/145/51 3970/146/51 3977/135/51 3978/132/51
f 3970/146/51 3969/147/51 3976/137/51 3977/135/51
f 3969/147/51 3968/148/51 3975/139/51 3976/137/51
f 3968/148/51 3967/149/51 3974/141/51 3975/139/51
f 3967/149/51 3966/150/51 3973/143/51 3974/141/51
f 3966/150/51 3965/127/51 3972/128/51 3973/143/51
f 3940/151/50 3964/152/50 3971/145/50 3944/117/50
f 3964/152/50 3963/153/50 3970/146/50 3971/145/50
f 3963/153/50 3962/154/50 3969/147/50 3970/146/50
f 3962/154/50 3961/155/50 3968/148/50 3969/147/50
f 3961/155/50 3960/156/50 3967/149/50 3968/148/50
f 3960/156/50 3959/157/50 3966/150/50 3967/149/50
f 3959/157/50 3958/126/50 3965/127/50 3966/150/50
f 3938/158/49 3979/159/49 3964/152/49 3940/151/49
f 3979/159/49 3980/160/49 3963/153/49 3964/152/49
f 3980/160/49 3981/161/49 3962/154/49 3963/153/49
f 3981/161/49 3982/162/49 3961/155/49 3962/154/49
f 3982/162/49 3983/163/49 3960/156/49 3961/155/49
f 3983/163/49 3984/164/49 3959/157/49 3960/156/49
f 3984/164/49 3985/125/49 3958/126/49 3959/157/49
f 3985/129/57 3984/144/57 3986/144/57 3987/129/57
f 3974/141/58 3973/143/58 3988/143/58 3989/141/58
f 3962/154/59 3961/155/59 3990/155/59 3991/154/59
f 3968/148/60 3967/149/60 3992/149/60 3993/148/60
f 4002/106/39 3995/107/39 3997/108/39 4003/109/39
f 4003/109/40 3997/108/40 4001/110/40 4004/111/40
f 4004/111/41 4001/110/41 3999/112/41 4005/113/41
f 4005/113/42 3999/112/42 3995/114/42 4002/115/42
f 3996/116/43 4000/117/43 3998/118/43 3994/119/43
f 3999/112/44 4001/110/44 4012/110/44 4013/112/44
f 4008/120/45 4005/113/45 4002/115/45 4009/121/45
f 4007/122/46 4004/111/46 4005/113/46 4008/120/46
f 4006/123/47 4003/109/47 4004/111/47 4007/122/47
f 4009/124/48 4002/106/48 4003/109/48 4006/123/48
f 4041/125/49 4009/124/49 4006/123/49 4014/126/49
f 4014/126/50 4006/123/50 4007/122/50 4021/127/50
f 4021/127/51 4007/122/51 4008/120/51 4028/128/51
f 4028/128/52 4008/120/52 4009/121/52 4041/129/52
f 4012/110/53 4011/130/53 4010/131/53 4013/112/53
f 3997/108/54 3995/107/54 4010/107/54 4011/108/54
f 3995/114/55 3999/112/55 4013/112/55 4010/114/55
f 4001/110/56 3997/108/56 4011/108/56 4012/110/56
f 3998/118/52 4034/132/52 4035/133/52 3994/134/52
f 4034/132/52 4033/135/52 4036/136/52 4035/133/52
f 4033/135/52 4032/137/52 4037/138/52 4036/136/52
f 4032/137/52 4031/139/52 4038/140/52 4037/138/52
f 4031/139/52 4030/141/52 4039/142/52 4038/140/52
f 4030/141/52 4029/143/52 4040/144/52 4039/142/52
f 4029/143/52 4028/128/52 4041/129/52 4040/144/52
f 4000/117/51 4027/145/51 4034/132/51 3998/118/51
f 4027/145/51 4026/146/51 4033/135/51 4034/132/51
f 4026/146/51 4025/147/51 4032/137/51 4033/135/51
f 4025/147/51 4024/148/51 4031/139/51 4032/137/51
f 4024/148/51 4023/149/51 4030/141/51 4031/139/51
f 4023/149/51 4022/150/51 4029/143/51 4030/141/51
f 4022/150/51 4021/127/51 4028/128/51 4029/143/51
f 3996/151/50 4020/152/50 4027/145/50 4000/117/50
f 4020/152/50 4019/153/50 4026/146/50 4027/145/50
f 4019/153/50 4018/154/50 4025/147/50 4026/146/50
f 4018/154/50 4017/155/50 4024/148/50 4025/147/50
f 4017/155/50 4016/156/50 4023/149/50 4024/148/50
f 4016/156/50 4015/157/50 4022/150/50 4023/149/50
f 4015/157/50 4014/126/50 4021/127/50 4022/150/50
f 3994/158/49 4035/159/49 4020/152/49 3996/151/49
f 4035/159/49 4036/160/49 4019/153/49 4020/152/49
f 4036/160/49 4037/161/49 4018/154/49 4019/153/49
f 4037/161/49 4038/162/49 4017/155/49 4018/154/49
f 4038/162/49 4039/163/49 4016/156/49 4017/155/49
f 4039/163/49 4040/164/49 4015/157/49 4016/156/49
f 4040/164/49 4041/125/49 4014/126/49 4015/157/49
f 4041/129/57 4040/144/57 4042/144/57 4043/129/57
f 4030/141/58 4029/143/58 4044/143/58 4045/141/58
f 4018/154/59 4017/155/59 4046/155/59 4047/154/59
f 4024/148/60 4023/149/60 4048/149/60 4049/148/60
f 4058/106/39 4051/107/39 4053/108/39 4059/109/39
f 4059/109/40 4053/108/40 4057/110/40 4060/111/40
f 4060/111/41 4057/110/41 4055/112/41 4061/113/41
f 4061/113/42 4055/112/42 4051/114/42 4058/115/42
f 4052/116/43 4056/117/43 4054/118/43 4050/119/43
f 4055/112/44 4057/110/44 4068/110/44 4069/112/44
f 4064/120/45 4061/113/45 4058/115/45 4065/121/45
f 4063/122/46 4060/111/46 4061/113/46 4064/120/46
f 4062/123/47 4059/109/47 4060/111/47 4063/122/47
f 4065/124/48 4058/106/48 4059/109/48 4062/123/48
f 4097/125/49 4065/124/49 4062/123/49 4070/126/49
f 4070/126/50 4062/123/50 4063/122/50 4077/127/50
f 4077/127/51 4063/122/51 4064/120/51 4084/128/51
f 4084/128/52 4064/120/52 4065/121/52 4097/129/52
f 4068/110/53 4067/130/53 4066/131/53 4069/112/53
f 4053/108/54 4051/107/54 4066/107/54 4067/108/54
f 4051/114/55 4055/112/55 4069/112/55 4066/114/55
f 4057/110/56 4053/108/56 4067/108/56 4068/110/56
f 4054/118/52 4090/132/52 4091/133/52 4050/134/52
f 4090/132/52 4089/135/52 4092/136/52 4091/133/52
f 4089/135/52 4088/137/52 4093/138/52 4092/136/52
f 4088/137/52 4087/139/52 4094/140/52 4093/138/52
f 4087/139/52 4086/141/52 4095/142/52 4094/140/52
f 4086/141/52 4085/143/52 4096/144/52 4095/142/52
f 4085/143/52 4084/128/52 4097/129/52 4096/144/52
f 4056/117/51 4083/145/51 4090/132/51 4054/118/51
f 4083/145/51 4082/146/51 4089/135/51 4090/132/51
f 4082/146/51 4081/147/51 4088/137/51 4089/135/51
f 4081/147/51 4080/148/51 4087/139/51 4088/137/51
f 4080/148/51 4079/149/51 4086/141/51 4087/139/51
f 4079/149/51 4078/150/51 4085/143/51 4086/141/51
f 4078/150/51 4077/127/51 4084/128/51 4085/143/51
f 4052/151/50 4076/152/50 4083/145/50 4056/117/50
f 4076/152/50 4075/153/50 4082/146/50 4083/145/50
f 4075/153/50 4074/154/50 4081/147/50 4082/146/50
f 4074/154/50 4073/155/50 4080/148/50 4081/147/50
f 4073/155/50 4072/156/50 4079/149/50 4080/148/50
f 4072/156/50 4071/157/50 4078/150/50 4079/149/50
f 4071/157/50 4070/126/50 4077/127/50 4078/150/50
f 4050/158/49 4091/159/49 4076/152/49 4052/151/49
f 4091/159/49 4092/160/49 4075/153/49 4076/152/49
f 4092/160/49 4093/161/49 4074/154/49 4075/153/49
f 4093/161/49 4094/162/49 4073/155/49 4074/154/49
f 4094/162/49 4095/163/49 4072/156/49 4073/155/49
f 4095/163/49 4096/164/49 4071/157/49 4072/156/49
f 4096/164/49 4097/125/49 4070/126/49 4071/157/49
f 4097/129/57 4096/144/57 4098/144/57 4099/129/57
f 4086/141/58 4085/143/58 4100/143/58 4101/141/58
f 4074/154/59 4073/155/59 4102/155/59 4103/154/59
f 4080/148/60 4079/149/60 4104/149/60 4105/148/60
f 4114/106/39 4107/107/39 4109/108/39 4115/109/39
f 4115/109/40 4109/108/40 4113/110/40 4116/111/40
f 4116/111/41 4113/110/41 4111/112/41 4117/113/41
f 4117/113/42 4111/112/42 4107/114/42 4114/115/42
f 4108/116/43 4112/117/43 4110/118/43 4106/119/43
f 4111/112/44 4113/110/44 4124/110/44 4125/112/44
f 4120/120/45 4117/113/45 4114/115/45 4121/121/45
f 4119/122/46 4116/111/46 4117/113/46 4120/120/46
f 4118/123/47 4115/109/47 4116/111/47 4119/122/47
f 4121/124/48 4114/106/48 4115/109/48 4118/123/48
f 4153/125/49 4121/124/49 4118/123/49 4126/126/49
f 4126/126/50 4118/123/50 4119/122/50 4133/127/50
f 4133/127/51 4119/122/51 4120/120/51 4140/128/51
f 4140/128/52 4120/120/52 4121/121/52 4153/129/52
f 4124/110/53 4123/130/53 4122/131/53 4125/112/53
f 4109/108/54 4107/107/54 4122/107/54 4123/108/54
f 4107/114/55 4111/112/55 4125/112/55 4122/114/55
f 4113/110/56 4109/108/56 4123/108/56 4124/110/56
f 4110/118/52 4146/132/52 4147/133/52 4106/134/52
f 4146/132/52 4145/135/52 4148/136/52 4147/133/52
f 4145/135/52 4144/137/52 4149/138/52 4148/136/52
f 4144/137/52 4143/139/52 4150/140/52 4149/138/52
f 4143/139/52 4142/141/52 4151/142/52 4150/140/52
f 4142/141/52 4141/143/52 4152/144/52 4151/142/52
f 4141/143/52 4140/128/52 4153/129/52 4152/144/52
f 4112/117/51 4139/145/51 4146/132/51 4110/118/51
f 4139/145/51 4138/146/51 4145/135/51 4146/132/51
f 4138/146/51 4137/147/51 4144/137/51 4145/135/51
f 4137/147/51 4136/148/51 4143/139/51 4144/137/51
f 4136/148/51 4135/149/51 4142/141/51 4143/139/51
f 4135/149/51 4134/150/51 4141/143/51 4142/141/51
f 4134/150/51 4133/127/51 4140/128/51 4141/143/51
f 4108/151/50 4132/152/50 4139/145/50 4112/117/50
f 4132/152/50 4131/153/50 4138/146/50 4139/145/50
f 4131/153/50 4130/154/50 4137/147/50 4138/146/50
f 4130/154/50 4129/155/50 4136/148/50 4137/147/50
f 4129/155/50 4128/156/50 4135/149/50 4136/148/50
f 4128/156/50 4127/157/50 4134/150/50 4135/149/50
f 4127/157/50 4126/126/50 4133/127/50 4134/150/50
f 4106/158/49 4147/159/49 4132/152/49 4108/151/49
f 4147/159/49 4148/160/49 4131/153/49 4132/152/49
f 4148/160/49 4149/161/49 4130/154/49 4131/153/49
f 4149/161/49 4150/162/49 4129/155/49 4130/154/49
f 4150/162/49 4151/163/49 4128/156/49 4129/155/49
f 4151/163/49 4152/164/49 4127/157/49 4128/156/49
f 4152/164/49 4153/125/49 4126/126/49 4127/157/49
f 4153/129/57 4152/144/57 4154/144/57 4155/129/57
f 4142/141/58 4141/143/58 4156/143/58 4157/141/58
f 4130/154/59 4129/155/59 4158/155/59 4159/154/59
f 4136/148/60 4135/149/60 4160/149/60 4161/148/60
f 4170/106/39 4163/107/39 4165/108/39 4171/109/39
f 4171/109/40 4165/108/40 4169/110/40 4172/111/40
f 4172/111/41 4169/110/41 4167/112/41 4173/113/41
f 4173/113/42 4167/112/42 4163/114/42 4170/115/42
f 4164/116/43 4168/117/43 4166/118/43 4162/119/43
f 4167/112/44 4169/110/44 4180/110/44 4181/112/44
f 4176/120/45 4173/113/45 4170/115/45 4177/121/45
f 4175/122/46 4172/111/46 4173/113/46 4176/120/46
f 4174/123/47 4171/109/47 4172/111/47 4175/122/47
f 4177/124/48 4170/106/48 4171/109/48 4174/123/48
f 4209/125/49 4177/124/49 4174/123/49 4182/126/49
f 4182/126/50 4174/123/50 4175/122/50 4189/127/50
f 4189/127/51 4175/122/51 4176/120/51 4196/128/51
f 4196/128/52 4176/120/52 4177/121/52 4209/129/52
f 4180/110/53 4179/130/53 4178/131/53 4181/112/53
f 4165/108/54 4163/107/54 4178/107/54 4179/108/54
f 4163/114/55 4167/112/55 4181/112/55 4178/114/55
f 4169/110/56 4165/108/56 4179/108/56 4180/110/56
f 4166/118/52 4202/132/52 4203/133/52 4162/134/52
f 4202/132/52 4201/135/52 4204/136/52 4203/133/52
f 4201/135/52 4200/137/52 4205/138/52 4204/136/52
f 4200/137/52 4199/139/52 4206/140/52 4205/138/52
f 4199/139/52 4198/141/52 4207/142/52 4206/140/52
f 4198/141/52 4197/143/52 4208/144/52 4207/142/52
f 4197/143/52 4196/128/52 4209/129/52 4208/144/52
f 4168/117/51 4195/145/51 4202/132/51 4166/118/51
f 4195/145/51 4194/146/51 4201/135/51 4202/132/51
f 4194/146/51 4193/147/51 4200/137/51 4201/135/51
f 4193/147/51 4192/148/51 4199/139/51 4200/137/51
f 4192/148/51 4191/149/51 4198/141/51 4199/139/51
f 4191/149/51 4190/150/51 4197/143/51 4198/141/51
f 4190/150/51 4189/127/51 4196/128/51 4197/143/51
f 4164/151/50 4188/152/50 4195/145/50 4168/117/50
f 4188/152/50 4187/153/50 4194/146/50 4195/145/50
f 4187/153/50 4186/154/50 4193/147/50 4194/146/50
f 4186/154/50 4185/155/50 4192/148/50 4193/147/50
f 4185/155/50 4184/156/50 4191/149/50 4192/148/50
f 4184/156/50 4183/157/50 4190/150/50 4191/149/50
f 4183/157/50 4182/126/50 4189/127/50 4190/150/50
f 4162/158/49 4203/159/49 4188/152/49 4164/151/49
f 4203/159/49 4204/160/49 4187/153/49 4188/152/49
f 4204/160/49 4205/161/49 4186/154/49 4187/153/49
f 4205/161/49 4206/162/49 4185/155/49 4186/154/49
f 4206/162/49 4207/163/49 4184/156/49 4185/155/49
f 4207/163/49 4208/164/49 4183/157/49 4184/156/49
f 4208/164/49 4209/125/49 4182/126/49 4183/157/49
f 4209/129/57 4208/144/57 4210/144/57 4211/129/57
f 4198/141/58 4197/143/58 4212/143/58 4213/141/58
f 4186/154/59 4185/155/59 4214/155/59 4215/154/59
f 4192/148/60 4191/149/60 4216/149/60 4217/148/60
f 4226/106/39 4219/107/39 4221/108/39 4227/109/39
f 4227/109/40 4221/108/40 4225/110/40 4228/111/40
f 4228/111/41 4225/110/41 4223/112/41 4229/113/41
f 4229/113/42 4223/112/42 4219/114/42 4226/115/42
f 4220/116/43 4224/117/43 4222/118/43 4218/119/43
f 4223/112/44 4225/110/44 4236/110/44 4237/112/44
f 4232/120/45 4229/113/45 4226/115/45 4233/121/45
f 4231/122/46 4228/111/46 4229/113/46 4232/120/46
f 4230/123/47 4227/109/47 4228/111/47 4231/122/47
f 4233/124/48 4226/106/48 4227/109/48 4230/123/48
f 4265/125/49 4233/124/49 4230/123/49 4238/126/49
f 4238/126/50 4230/123/50 4231/122/50 4245/127/50
f 4245/127/51 4231/122/51 4232/120/51 4252/128/51
f 4252/128/52 4232/120/52 4233/121/52 4265/129/52
f 4236/110/53 4235/130/53 4234/131/53 4237/112/53
f 4221/108/54 4219/107/54 4234/107/54 4235/108/54
f 4219/114/55 4223/112/55 4237/112/55 4234/114/55
f 4225/110/56 4221/108/56 4235/108/56 4236/110/56
f 4222/118/52 4258/132/52 4259/133/52 4218/134/52
f 4258/132/52 4257/135/52 4260/136/52 4259/133/52
f 4257/135/52 4256/137/52 4261/138/52 4260/136/52
f 4256/137/52 4255/139/52 4262/140/52 4261/138/52
f 4255/139/52 4254/141/52 4263/142/52 4262/140/52
f 4254/141/52 4253/143/52 4264/144/52 4263/142/52
f 4253/143/52 4252/128/52 4265/129/52 4264/144/52
f 4224/117/51 4251/145/51 4258/132/51 4222/118/51
f 4251/145/51 4250/146/51 4257/135/51 4258/132/51
f 4250/146/51 4249/147/51 4256/137/51 4257/135/51
f 4249/147/51 4248/148/51 4255/139/51 4256/137/51
f 4248/148/51 4247/149/51 4254/141/51 4255/139/51
f 4247/149/51 4246/150/51 4253/143/51 4254/141/51
f 4246/150/51 4245/127/51 4252/128/51 4253/143/51
f 4220/151/50 4244/152/50 4251/145/50 4224/117/50
f 4244/152/50 4243/153/50 4250/146/50 4251/145/50
f 4243/153/50 4242/154/50 4249/147/50 4250/146/50
f 4242/154/50 4241/155/50 4248/148/50 4249/147/50
f 4241/155/50 4240/156/50 4247/149/50 4248/148/50
f 4240/156/50 4239/157/50 4246/150/50 4247/149/50
f 4239/157/50 4238/126/50 4245/127/50 4246/150/50
f 4218/158/49 4259/159/49 4244/152/49 4220/151/49
f 4259/159/49 4260/160/49 4243/153/49 4244/152/49
f 4260/160/49 4261/161/49 4242/154/49 4243/153/49
f 4261/161/49 4262/162/49 4241/155/49 4242/154/49
f 4262/162/49 4263/163/49 4240/156/49 4241/155/49
f 4263/163/49 4264/164/49 4239/157/49 4240/156/49
f 4264/164/49 4265/125/49 4238/126/49 4239/157/49
f 4265/129/57 4264/144/57 4266/144/57 4267/129/57
f 4254/141/58 4253/143/58 4268/143/58 4269/141/58
f 4242/154/59 4241/155/59 4270/155/59 4271/154/59
f 4248/148/60 4247/149/60 4272/149/60 4273/148/60
f 4282/106/39 4275/107/39 4277/108/39 4283/109/39
f 4283/109/40 4277/108/40 4281/110/40 4284/111/40
f 4284/111/41 4281/110/41 4279/112/41 4285/113/41
f 4285/113/42 4279/112/42 4275/114/42 4282/115/42
f 4276/116/43 4280/117/43 4278/118/43 4274/119/43
f 4279/112/44 4281/110/44 4292/110/44 4293/112/44
f 4288/120/45 4285/113/45 4282/115/45 4289/121/45
f 4287/122/46 4284/111/46 4285/113/46 4288/120/46
f 4286/123/47 4283/109/47 4284/111/47 4287/122/47
f 4289/124/48 4282/106/48 4283/109/48 4286/123/48
f 4321/125/49 4289/124/49 4286/123/49 4294/126/49
f 4294/126/50 4286/123/50 4287/122/50 4301/127/50
f 4301/127/51 4287/122/51 4288/120/51 4308/128/51
f 4308/128/52 4288/120/52 4289/121/52 4321/129/52
f 4292/110/53 4291/130/53 4290/131/53 4293/112/53
f 4277/108/54 4275/107/54 4290/107/54 4291/108/54
f 4275/114/55 4279/112/55 4293/112/55 4290/114/55
f 4281/110/56 4277/108/56 4291/108/56 4292/110/56
f 4278/118/52 4314/132/52 4315/133/52 4274/134/52
f 4314/132/52 4313/135/52 4316/136/52 4315/133/52
f 4313/135/52 4312/137/52 4317/138/52 4316/136/52
f 4312/137/52 4311/139/52 4318/140/52 4317/138/52
f 4311/139/52 4310/141/52 4319/142/52 4318/140/52
f 4310/141/52 4309/143/52 4320/144/52 4319/142/52
f 4309/143/52 4308/128/52 4321/129/52 4320/144/52
f 4280/117/51 4307/145/51 4314/132/51 4278/118/51
f 4307/145/51 4306/146/51 4313/135/51 4314/132/51
f 4306/146/51 4305/147/51 4312/137/51 4313/135/51
f 4305/147/51 4304/148/51 4311/139/51 4312/137/51
f 4304/148/51 4303/149/51 4310/141/51 4311/139/51
f 4303/149/51 4302/150/51 4309/143/51 4310/141/51
f 4302/150/51 4301/127/51 4308/128/51 4309/143/51
f 4276/151/50 4300/152/50 4307/145/50 4280/117/50
f 4300/152/50 4299/153/50 4306/146/50 4307/145/50
f 4299/153/50 4298/154/50 4305/147/50 4306/146/50
f 4298/154/50 4297/155/50 4304/148/50 4305/147/50
f 4297/155/50 4296/156/50 4303/149/50 4304/148/50
f 4296/156/50 4295/157/50 4302/150/50 4303/149/50
f 4295/157/50 4294/126/50 4301/127/50 4302/150/50
f 4274/158/49 4315/159/49 4300/152/49 4276/151/49
f 4315/159/49 4316/160/49 4299/153/49 4300/152/49
f 4316/160/49 4317/161/49 4298/154/49 4299/153/49
f 4317/161/49 4318/162/49 4297/155/49 4298/154/49
f 4318/162/49 4319/163/49 4296/156/49 4297/155/49
f 4319/163/49 4320/164/49 4295/157/49 4296/156/49
f 4320/164/49 4321/125/49 4294/126/49 4295/157/49
f 4321/129/57 4320/144/57 4322/144/57 4323/129/57
f 4310/141/58 4309/143/58 4324/143/58 4325/141/58
f 4298/154/59 4297/155/59 4326/155/59 4327/154/59
f 4304/148/60 4303/149/60 4328/149/60 4329/148/60
f 4338/106/39 4331/107/39 4333/108/39 4339/109/39
f 4339/109/40 4333/108/40 4337/110/40 4340/111/40
f 4340/111/41 4337/110/41 4335/112/41 4341/113/41
f 4341/113/42 4335/112/42 4331/114/42 4338/115/42
f 4332/116/43 4336/117/43 4334/118/43 4330/119/43
f 4335/112/44 4337/110/44 4348/110/44 4349/112/44
f 4344/120/45 4341/113/45 4338/115/45 4345/121/45
f 4343/122/46 4340/111/46 4341/113/46 4344/120/46
f 4342/123/47 4339/109/47 4340/111/47 4343/122/47
f 4345/124/48 4338/106/48 4339/109/48 4342/123/48
f 4377/125/49 4345/124/49 4342/123/49 4350/126/49
f 4350/126/50 4342/123/50 4343/122/50 4357/127/50
f 4357/127/51 4343/122/51 4344/120/51 4364/128/51
f 4364/128/52 4344/120/52 4345/121/52 4377/129/52
f 4348/110/53 4347/130/53 4346/131/53 4349/112/53
f 4333/108/54 4331/107/54 4346/107/54 4347/108/54
f 4331/114/55 4335/112/55 4349/112/55 4346/114/55
f 4337/110/56 4333/108/56 4347/108/56 4348/110/56
f 4334/118/52 4370/132/52 4371/133/52 4330/134/52
f 4370/132/52 4369/135/52 4372/136/52 4371/133/52
f 4369/135/52 4368/137/52 4373/138/52 4372/136/52
f 4368/137/52 4367/139/52 4374/140/52 4373/138/52
f 4367/139/52 4366/141/52 4375/142/52 4374/140/52
f 4366/141/52 4365/143/52 4376/144/52 4375/142/52
f 4365/143/52 4364/128/52 4377/129/52 4376/144/52
f 4336/117/51 4363/145/51 4370/132/51 4334/118/51
f 4363/145/51 4362/146/51 4369/135/51 4370/132/51
f 4362/146/51 4361/147/51 4368/137/51 4369/135/51
f 4361/147/51 4360/148/51 4367/139/51 4368/137/51
f 4360/148/51 4359/149/51 4366/141/51 4367/139/51
f 4359/149/51 4358/150/51 4365/143/51 4366/141/51
f 4358/150/51 4357/127/51 4364/128/51 4365/143/51
f 4332/151/50 4356/152/50 4363/145/50 4336/117/50
f 4356/152/50 4355/153/50 4362/146/50 4363/145/50
f 4355/153/50 4354/154/50 4361/147/50 4362/146/50
f 4354/154/50 4353/155/50 4360/148/50 4361/147/50
f 4353/155/50 4352/156/50 4359/149/50 4360/148/50
f 4352/156/50 4351/157/50 4358/150/50 4359/149/50
f 4351/157/50 4350/126/50 4357/127/50 4358/150/50
f 4330/158/49 4371/159/49 4356/152/49 4332/151/49
f 4371/159/49 4372/160/49 4355/153/49 4356/152/49
f 4372/160/49 4373/161/49 4354/154/49 4355/153/49
f 4373/161/49 4374/162/49 4353/155/49 4354/154/49
f 4374/162/49 4375/163/49 4352/156/49 4353/155/49
f 4375/163/49 4376/164/49 4351/157/49 4352/156/49
f 4376/164/49 4377/125/49 4350/126/49 4351/157/49
f 4377/129/57 4376/144/57 4378/144/57 4379/129/57
f 4366/141/58 4365/143/58 4380/143/58 4381/141/58
f 4354/154/59 4353/155/59 4382/155/59 4383/154/59
f 4360/148/60 4359/149/60 4384/149/60 4385/148/60
f 4394/106/39 4387/107/39 4389/108/39 4395/109/39
f 4395/109/40 4389/108/40 4393/110/40 4396/111/40
f 4396/111/41 4393/110/41 4391/112/41 4397/113/41
f 4397/113/42 4391/112/42 4387/114/42 4394/115/42
f 4388/116/43 4392/117/43 4390/118/43 4386/119/43
f 4391/112/44 4393/110/44 4404/110/44 4405/112/44
f 4400/120/45 4397/113/45 4394/115/45 4401/121/45
f 4399/122/46 4396/111/46 4397/113/46 4400/120/46
f 4398/123/47 4395/109/47 4396/111/47 4399/122/47
f 4401/124/48 4394/106/48 4395/109/48 4398/123/48
f 4433/125/49 4401/124/49 4398/123/49 4406/126/49
f 4406/126/50 4398/123/50 4399/122/50 4413/127/50
f 4413/127/51 4399/122/51 4400/120/51 4420/128/51
f 4420/128/52 4400/120/52 4401/121/52 4433/129/52
f 4404/110/53 4403/130/53 4402/131/53 4405/112/53
f 4389/108/54 4387/107/54 4402/107/54 4403/108/54
f 4387/114/55 4391/112/55 4405/112/55 4402/114/55
f 4393/110/56 4389/108/56 4403/108/56 4404/110/56
f 4390/118/52 4426/132/52 4427/133/52 4386/134/52
f 4426/132/52 4425/135/52 4428/136/52 4427/133/52
f 4425/135/52 4424/137/52 4429/138/52 4428/136/52
f 4424/137/52 4423/139/52 4430/140/52 4429/138/52
f 4423/139/52 4422/141/52 4431/142/52 4430/140/52
f 4422/141/52 4421/143/52 4432/144/52 4431/142/52
f 4421/143/52 4420/128/52 4433/129/52 4432/144/52
f 4392/117/51 4419/145/51 4426/132/51 4390/118/51
f 4419/145/51 4418/146/51 4425/135/51 4426/132/51
f 4418/146/51 4417/147/51 4424/137/51 4425/135/51
f 4417/147/51 4416/148/51 4423/139/51 4424/137/51
f 4416/148/51 4415/149/51 4422/141/51 4423/139/51
f 4415/149/51 4414/150/51 4421/143/51 4422/141/51
f 4414/150/51 4413/127/51 4420/128/51 4421/143/51
f 4388/151/50 4412/152/50 4419/145/50 4392/117/50
f 4412/152/50 4411/153/50 4418/146/50 4419/145/50
f 4411/153/50 4410/154/50 4417/147/50 4418/146/50
f 4410/154/50 4409/155/50 4416/148/50 4417/147/50
f 4409/155/50 4408/156/50 4415/149/50 4416/148/50
f 4408/156/50 4407/157/50 4414/150/50 4415/149/50
f 4407/157/50 4406/126/50 4413/127/50 4414/150/50
f 4386/158/49 4427/159/49 4412/152/49 4388/151/49
f 4427/159/49 4428/160/49 4411/153/49 4412/152/49
f 4428/160/49 4429/161/49 4410/154/49 4411/153/49
f 4429/161/49 4430/162/49 4409/155/49 4410/154/49
f 4430/162/49 4431/163/49 4408/156/49 4409/155/49
f 4431/163/49 4432/164/49 4407/157/49 4408/156/49
f 4432/164/49 4433/125/49 4406/126/49 4407/157/49
f 4433/129/57 4432/144/57 4434/144/57 4435/129/57
f 4422/141/58 4421/143/58 4436/143/58 4437/141/58
f 4410/154/59 4409/155/59 4438/155/59 4439/154/59
f 4416/148/60 4415/149/60 4440/149/60 4441/148/60
f 4450/106/39 4443/107/39 4445/108/39 4451/109/39
f 4451/109/40 4445/108/40 4449/110/40 4452/111/40
f 4452/111/41 4449/110/41 4447/112/41 4453/113/41
f 4453/113/42 4447/112/42 4443/114/42 4450/115/42
f 4444/116/43 4448/117/43 4446/118/43 4442/119/43
f 4447/112/44 4449/110/44 4460/110/44 4461/112/44
f 4456/120/45 4453/113/45 4450/115/45 4457/121/45
f 4455/122/46 4452/111/46 4453/113/46 4456/120/46
f 4454/123/47 4451/109/47 4452/111/47 4455/122/47
f 4457/124/48 4450/106/48 4451/109/48 4454/123/48
f 4489/125/49 4457/124/49 4454/123/49 4462/126/49
f 4462/126/50 4454/123/50 4455/122/50 4469/127/50
f 4469/127/51 4455/122/51 4456/120/51 4476/128/51
f 4476/128/52 4456/120/52 4457/121/52 4489/129/52
f 4460/110/53 4459/130/53 4458/131/53 4461/112/53
f 4445/108/54 4443/107/54 4458/107/54 4459/108/54
f 4443/114/55 4447/112/55 4461/112/55 4458/114/55
f 4449/110/56 4445/108/56 4459/108/56 4460/110/56
f 4446/118/52 4482/132/52 4483/133/52 4442/134/52
f 4482/132/52 4481/135/52 4484/136/52 4483/133/52
f 4481/135/52 4480/137/52 4485/138/52 4484/136/52
f 4480/137/52 4479/139/52 4486/140/52 4485/138/52
f 4479/139/52 4478/141/52 4487/142/52 4486/140/52
f 4478/141/52 4477/143/52 4488/144/52 4487/142/52
f 4477/143/52 4476/128/52 4489/129/52 4488/144/52
f 4448/117/51 4475/145/51 4482/132/51 4446/118/51
f 4475/145/51 4474/146/51 4481/135/51 4482/132/51
f 4474/146/51 4473/147/51 4480/137/51 4481/135/51
f 4473/147/51 4472/148/51 4479/139/51 4480/137/51
f 4472/148/51 4471/149/51 4478/141/51 4479/139/51
f 4471/149/51 4470/150/51 4477/143/51 4478/141/51
f 4470/150/51 4469/127/51 4476/128/51 4477/143/51
f 4444/151/50 4468/152/50 4475/145/50 4448/117/50
f 4468/152/50 4467/153/50 4474/146/50 4475/145/50
f 4467/153/50 4466/154/50 4473/147/50 4474/146/50
f 4466/154/50 4465/155/50 4472/148/50 4473/147/50
f 4465/155/50 4464/156/50 4471/149/50 4472/148/50
f 4464/156/50 4463/157/50 4470/150/50 4471/149/50
f 4463/157/50 4462/126/50 4469/127/50 4470/150/50
f 4442/158/49 4483/159/49 4468/152/49 4444/151/49
f 4483/159/49 4484/160/49 4467/153/49 4468/152/49
f 4484/160/49 4485/161/49 4466/154/49 4467/153/49
f 4485/161/49 4486/162/49 4465/155/49 4466/154/49
f 4486/162/49 4487/163/49 4464/156/49 4465/155/49
f 4487/163/49 4488/164/49 4463/157/49 4464/156/49
f 4488/164/49 4489/125/49 4462/126/49 4463/157/49
f 4489/129/57 4488/144/57 4490/144/57 4491/129/57
f 4478/141/58 4477/143/58 4492/143/58 4493/141/58
f 4466/154/59 4465/155/59 4494/155/59 4495/154/59
f 4472/148/60 4471/149/60 4496/149/60 4497/148/60
f 4506/106/39 4499/107/39 4501/108/39 4507/109/39
f 4507/109/40 4501/108/40 4505/110/40 4508/111/40
f 4508/111/41 4505/110/41 4503/112/41 4509/113/41
f 4509/113/42 4503/112/42 4499/114/42 4506/115/42
f 4500/116/43 4504/117/43 4502/118/43 4498/119/43
f 4503/112/44 4505/110/44 4516/110/44 4517/112/44
f 4512/120/45 4509/113/45 4506/115/45 4513/121/45
f 4511/122/46 4508/111/46 4509/113/46 4512/120/46
f 4510/123/47 4507/109/47 4508/111/47 4511/122/47
f 4513/124/48 4506/106/48 4507/109/48 4510/123/48
f 4545/125/49 4513/124/49 4510/123/49 4518/126/49
f 4518/126/50 4510/123/50 4511/122/50 4525/127/50
f 4525/127/51 4511/122/51 4512/120/51 4532/128/51
f 4532/128/52 4512/120/52 4513/121/52 4545/129/52
f 4516/110/53 4515/130/53 4514/131/53 4517/112/53
f 4501/108/54 4499/107/54 4514/107/54 4515/108/54
f 4499/114/55 4503/112/55 4517/112/55 4514/114/55
f 4505/110/56 4501/108/56 4515/108/56 4516/110/56
f 4502/118/52 4538/132/52 4539/133/52 4498/134/52
f 4538/132/52 4537/135/52 4540/136/52 4539/133/52
f 4537/135/52 4536/137/52 4541/138/52 4540/136/52
f 4536/137/52 4535/139/52 4542/140/52 4541/138/52
f 4535/139/52 4534/141/52 4543/142/52 4542/140/52
f 4534/141/52 4533/143/52 4544/144/52 4543/142/52
f 4533/143/52 4532/128/52 4545/129/52 4544/144/52
f 4504/117/51 4531/145/51 4538/132/51 4502/118/51
f 4531/145/51 4530/146/51 4537/135/51 4538/132/51
f 4530/146/51 4529/147/51 4536/137/51 4537/135/51
f 4529/147/51 4528/148/51 4535/139/51 4536/137/51
f 4528/148/51 4527/149/51 4534/141/51 4535/139/51
f 4527/149/51 4526/150/51 4533/143/51 4534/141/51
f 4526/150/51 4525/127/51 4532/128/51 4533/143/51
f 4500/151/50 4524/152/50 4531/145/50 4504/117/50
f 4524/152/50 4523/153/50 4530/146/50 4531/145/50
f 4523/153/50 4522/154/50 4529/147/50 4530/146/50
f 4522/154/50 4521/155/50 4528/148/50 4529/147/50
f 4521/155/50 4520/156/50 4527/149/50 4528/148/50
f 4520/156/50 4519/157/50 4526/150/50 4527/149/50
f 4519/157/50 4518/126/50 4525/127/50 4526/150/50
f 4498/158/49 4539/159/49 4524/152/49 4500/151/49
f 4539/159/49 4540/160/49 4523/153/49 4524/152/49
f 4540/160/49 4541/161/49 4522/154/49 4523/153/49
f 4541/161/49 4542/162/49 4521/155/49 4522/154/49
f 4542/162/49 4543/163/49 4520/156/49 4521/155/49
f 4543/163/49 4544/164/49 4519/157/49 4520/156/49
f 4544/164/49 4545/125/49 4518/126/49 4519/157/49
f 4545/129/57 4544/144/57 4546/144/57 4547/129/57
f 4534/141/58 4533/143/58 4548/143/58 4549/141/58
f 4522/154/59 4521/155/59 4550/155/59 4551/154/59
f 4528/148/60 4527/149/60 4552/149/60 4553/148/60
f 4562/106/39 4555/107/39 4557/108/39 4563/109/39
f 4563/109/40 4557/108/40 4561/110/40 4564/111/40
f 4564/111/41 4561/110/41 4559/112/41 4565/113/41
f 4565/113/42 4559/112/42 4555/114/42 4562/115/42
f 4556/116/43 4560/117/43 4558/118/43 4554/119/43
f 4559/112/44 4561/110/44 4572/110/44 4573/112/44
f 4568/120/45 4565/113/45 4562/115/45 4569/121/45
f 4567/122/46 4564/111/46 4565/113/46 4568/120/46
f 4566/123/47 4563/109/47 4564/111/47 4567/122/47
f 4569/124/48 4562/106/48 4563/109/48 4566/123/48
f 4601/125/49 4569/124/49 4566/123/49 4574/126/49
f 4574/126/50 4566/123/50 4567/122/50 4581/127/50
f 4581/127/51 4567/122/51 4568/120/51 4588/128/51
f 4588/128/52 4568/120/52 4569/121/52 4601/129/52
f 4572/110/53 4571/130/53 4570/131/53 4573/112/53
f 4557/108/54 4555/107/54 4570/107/54 4571/108/54
f 4555/114/55 4559/112/55 4573/112/55 4570/114/55
f 4561/110/56 4557/108/56 4571/108/56 4572/110/56
f 4558/118/52 4594/132/52 4595/133/52 4554/134/52
f 4594/132/52 4593/135/52 4596/136/52 4595/133/52
f 4593/135/52 4592/137/52 4597/138/52 4596/136/52
f 4592/137/52 4591/139/52 4598/140/52 4597/138/52
f 4591/139/52 4590/141/52 4599/142/52 4598/140/52
f 4590/141/52 4589/143/52 4600/144/52 4599/142/52
f 4589/143/52 4588/128/52 4601/129/52 4600/144/52
f 4560/117/51 4587/145/51 4594/132/51 4558/118/51
f 4587/145/51 4586/146/51 4593/135/51 4594/132/51
f 4586/146/51 4585/147/51 4592/137/51 4593/135/51
f 4585/147/51 4584/148/51 4591/139/51 4592/137/51
f 4584/148/51 4583/149/51 4590/141/51 4591/139/51
f 4583/149/51 4582/150/51 4589/143/51 4590/141/51
f 4582/150/51 4581/127/51 4588/128/51 4589/143/51
f 4556/151/50 4580/152/50 4587/145/50 4560/117/50
f 4580/152/50 4579/153/50 4586/146/50 4587/145/50
f 4579/153/50 4578/154/50 4585/147/50 4586/146/50
f 4578/154/50 4577/155/50 4584/148/50 4585/147/50
f 4577/155/50 4576/156/50 4583/149/50 4584/148/50
f 4576/156/50 4575/157/50 4582/150/50 4583/149/50
f 4575/157/50 4574/126/50 4581/127/50 4582/150/50
f 4554/158/49 4595/159/49 4580/152/49 4556/151/49
f 4595/159/49 4596/160/49 4579/153/49 4580/152/49
f 4596/160/49 4597/161/49 4578/154/49 4579/153/49
f 4597/161/49 4598/162/49 4577/155/49 4578/154/49
f 4598/162/49 4599/163/49 4576/156/49 4577/155/49
f 4599/163/49 4600/164/49 4575/157/49 4576/156/49
f 4600/164/49 4601/125/49 4574/126/49 4575/157/49
f 4601/129/57 4600/144/57 4602/144/57 4603/129/57
f 4590/141/58 4589/143/58 4604/143/58 4605/141/58
f 4578/154/59 4577/155/59 4606/155/59 4607/154/59
f 4584/148/60 4583/149/60 4608/149/60 4609/148/60
f 4618/106/39 4611/107/39 4613/108/39 4619/109/39
f 4619/109/40 4613/108/40 4617/110/40 4620/111/40
f 4620/111/41 4617/110/41 4615/112/41 4621/113/41
f 4621/113/42 4615/112/42 4611/114/42 4618/115/42
f 4612/116/43 4616/117/43 4614/118/43 4610/119/43
f 4615/112/44 4617/110/44 4628/110/44 4629/112/44
f 4624/120/45 4621/113/45 4618/115/45 4625/121/45
f 4623/122/46 4620/111/46 4621/113/46 4624/120/46
f 4622/123/47 4619/109/47 4620/111/47 4623/122/47
f 4625/124/48 4618/106/48 4619/109/48 4622/123/48
f 4657/125/49 4625/124/49 4622/123/49 4630/126/49
f 4630/126/50 4622/123/50 4623/122/50 4637/127/50
f 4637/127/51 4623/122/51 4624/120/51 4644/128/51
f 4644/128/52 4624/120/52 4625/121/52 4657/129/52
f 4628/110/53 4627/130/53 4626/131/53 4629/112/53
f 4613/108/54 4611/107/54 4626/107/54 4627/108/54
f 4611/114/55 4615/112/55 4629/112/55 4626/114/55
f 4617/110/56 4613/108/56 4627/108/56 4628/110/56
f 4614/118/52 4650/132/52 4651/133/52 4610/134/52
f 4650/132/52 4649/135/52 4652/136/52 4651/133/52
f 4649/135/52 4648/137/52 4653/138/52 4652/136/52
f 4648/137/52 4647/139/52 4654/140/52 4653/138/52
f 4647/139/52 4646/141/52 4655/142/52 4654/140/52
f 4646/141/52 4645/143/52 4656/144/52 4655/142/52
f 4645/143/52 4644/128/52 4657/129/52 4656/144/52
f 4616/117/51 4643/145/51 4650/132/51 4614/118/51
f 4643/145/51 4642/146/51 4649/135/51 4650/132/51
f 4642/146/51 4641/147/51 4648/137/51 4649/135/51
f 4641/147/51 4640/148/51 4647/139/51 4648/137/51
f 4640/148/51 4639/149/51 4646/141/51 4647/139/51
f 4639/149/51 4638/150/51 4645/143/51 4646/141/51
f 4638/150/51 4637/127/51 4644/128/51 4645/143/51
f 4612/151/50 4636/152/50 4643/145/50 4616/117/50
f 4636/152/50 4635/153/50 4642/146/50 4643/145/50
f 4635/153/50 4634/154/50 4641/147/50 4642/146/50
f 4634/154/50 4633/155/50 4640/148/50 4641/147/50
f 4633/155/50 4632/156/50 4639/149/50 4640/148/50
f 4632/156/50 4631/157/50 4638/150/50 4639/149/50
f 4631/157/50 4630/126/50 4637/127/50 4638/150/50
f 4610/158/49 4651/159/49 4636/152/49 4612/151/49
f 4651/159/49 4652/160/49 4635/153/49 4636/152/49
f 4652/160/49 4653/161/49 4634/154/49 4635/153/49
f 4653/161/49 4654/162/49 4633/155/49 4634/154/49
f 4654/162/49 4655/163/49 4632/156/49 4633/155/49
f 4655/163/49 4656/164/49 4631/157/49 4632/156/49
f 4656/164/49 4657/125/49 4630/126/49 4631/157/49
f 4657/129/57 4656/144/57 4658/144/57 4659/129/57
f 4646/141/58 4645/143/58 4660/143/58 4661/141/58
f 4634/154/59 4633/155/59 4662/155/59 4663/154/59
f 4640/148/60 4639/149/60 4664/149/60 4665/148/60
f 4674/106/39 4667/107/39 4669/108/39 4675/109/39
f 4675/109/40 4669/108/40 4673/110/40 4676/111/40
f 4676/111/41 4673/110/41 4671/112/41 4677/113/41
f 4677/113/42 4671/112/42 4667/114/42 4674/115/42
f 4668/116/43 4672/117/43 4670/118/43 4666/119/43
f 4671/112/44 4673/110/44 4684/110/44 4685/112/44
f 4680/120/45 4677/113/45 4674/115/45 4681/121/45
f 4679/122/46 4676/111/46 4677/113/46 4680/120/46
f 4678/123/47 4675/109/47 4676/111/47 4679/122/47
f 4681/124/48 4674/106/48 4675/109/48 4678/123/48
f 4713/125/49 4681/124/49 4678/123/49 4686/126/49
f 4686/126/50 4678/123/50 4679/122/50 4693/127/50
f 4693/127/51 4679/122/51 4680/120/51 4700/128/51
f 4700/128/52 4680/120/52 4681/121/52 4713/129/52
f 4684/110/53 4683/130/53 4682/131/53 4685/112/53
f 4669/108/54 4667/107/54 4682/107/54 4683/108/54
f 4667/114/55 4671/112/55 4685/112/55 4682/114/55
f 4673/110/56 4669/108/56 4683/108/56 4684/110/56
f 4670/118/52 4706/132/52 4707/133/52 4666/134/52
f 4706/132/52 4705/135/52 4708/136/52 4707/133/52
f 4705/135/52 4704/137/52 4709/138/52 4708/136/52
f 4704/137/52 4703/139/52 4710/140/52 4709/138/52
f 4703/139/52 4702/141/52 4711/142/52 4710/140/52
f 4702/141/52 4701/143/52 4712/144/52 4711/142/52
f 4701/143/52 4700/128/52 4713/129/52 4712/144/52
f 4672/117/51 4699/145/51 4706/132/51 4670/118/51
f 4699/145/51 4698/146/51 4705/135/51 4706/132/51
f 4698/146/51 4697/147/51 4704/137/51 4705/135/51
f 4697/147/51 4696/148/51 4703/139/51 4704/137/51
f 4696/148/51 4695/149/51 4702/141/51 4703/139/51
f 4695/149/51 4694/150/51 4701/143/51 4702/141/51
f 4694/150/51 4693/127/51 4700/128/51 4701/143/51
f 4668/151/50 4692/152/50 4699/145/50 4672/117/50
f 4692/152/50 4691/153/50 4698/146/50 4699/145/50
f 4691/153/50 4690/154/50 4697/147/50 4698/146/50
f 4690/154/50 4689/155/50 4696/148/50 4697/147/50
f 4689/155/50 4688/156/50 4695/149/50 4696/148/50
f 4688/156/50 4687/157/50 4694/150/50 4695/149/50
f 4687/157/50 4686/126/50 4693/127/50 4694/150/50
f 4666/158/49 4707/159/49 4692/152/49 4668/151/49
f 4707/159/49 4708/160/49 4691/153/49 4692/152/49
f 4708/160/49 4709/161/49 4690/154/49 4691/153/49
f 4709/161/49 4710/162/49 4689/155/49 4690/154/49
f 4710/162/49 4711/163/49 4688/156/49 4689/155/49
f 4711/163/49 4712/164/49 4687/157/49 4688/156/49
f 4712/164/49 4713/125/49 4686/126/49 4687/157/49
f 4713/129/57 4712/144/57 4714/144/57 4715/129/57
f 4702/141/58 4701/143/58 4716/143/58 4717/141/58
f 4690/154/59 4689/155/59 4718/155/59 4719/154/59
f 4696/148/60 4695/149/60 4720/149/60 4721/148/60
